Customer_ID,Name,Age,Gender,Location,Join_Date,Total_Spent
2001,Charlie,30,Male,San Antonio,2023-01-01,193.62
2002,Manon,43,Male,Nice,2023-01-01,116.62
2003,Bob,51,Female,Phoenix,2023-01-01,723.94
2004,Grace,36,Male,Philadelphia,2023-01-01,358.97
2005,Sophie,59,Male,Phoenix,2023-01-01,1020.14
2006,Rachel,50,Male,San Diego,2023-01-02,768.57
2007,Paul,35,Male,Toulouse,2023-01-02,81.4
2008,Alice,34,Male,Bordeaux,2023-01-02,94.2
2009,Manon,35,Male,New York,2023-01-02,1944.44
2010,Paul,22,Male,Paris,2023-01-02,121.3
2011,Charlie,46,Female,San Antonio,2023-01-03,473.13
2012,Antoine,29,Female,Chicago,2023-01-03,349.03
2013,Tina,50,Female,Bordeaux,2023-01-03,199.03
2014,Lucas,38,Male,Chicago,2023-01-03,192.67
2015,Rachel,41,Male,Lyon,2023-01-04,221.68
2016,Rachel,25,Female,Lyon,2023-01-04,33.05
2017,Sophie,26,Male,Houston,2023-01-05,301.16
2018,Mia,19,Female,Los Angeles,2023-01-05,316.78
2019,Alice,37,Female,Chicago,2023-01-05,174.75
2020,Diana,52,Female,San Jose,2023-01-05,579.31
2021,Liam,33,Male,Marseille,2023-01-06,74.28
2022,Hugo,45,Male,Paris,2023-01-06,224.66
2023,Paul,34,Female,San Antonio,2023-01-07,190.2
2024,Hugo,61,Female,New York,2023-01-07,454.29
2025,Henry,20,Male,Bordeaux,2023-01-07,640.6
2026,Emma,52,Female,Phoenix,2023-01-07,199.29
2027,Antoine,19,Male,Bordeaux,2023-01-08,328.03
2028,Diana,23,Female,Philadelphia,2023-01-08,238.89
2029,Chloé,23,Male,San Diego,2023-01-08,37.54
2030,Lucas,43,Male,Lyon,2023-01-08,792.42
2031,Kate,55,Male,New York,2023-01-09,315.85
2032,Frank,29,Female,Paris,2023-01-09,1003.68
2033,Hugo,36,Male,San Diego,2023-01-10,1354.13
2034,Tina,21,Male,Chicago,2023-01-10,350.05
2035,Gabriel,41,Male,Nantes,2023-01-10,497.93
2036,Sam,56,Male,Paris,2023-01-10,364.51
2037,Tina,38,Male,Nantes,2023-01-10,961.12
2038,Frank,18,Male,Nantes,2023-01-11,648.33
2039,Manon,59,Female,Paris,2023-01-11,79.99
2040,Eva,35,Female,San Diego,2023-01-11,520.16
2041,Léa,20,Male,Dallas,2023-01-11,88.87
2042,Olivia,45,Female,Nantes,2023-01-11,38.45
2043,Paul,54,Male,Philadelphia,2023-01-12,153.96
2044,Diana,40,Male,San Jose,2023-01-12,343.78
2045,Antoine,32,Female,Phoenix,2023-01-12,297.88
2046,Rachel,41,Female,Los Angeles,2023-01-12,232.12
2047,Eva,27,Male,Dallas,2023-01-12,331.06
2048,Henry,22,Male,Toulouse,2023-01-13,435.76
2049,Chloé,41,Female,San Diego,2023-01-13,482.06
2050,Antoine,39,Female,Nantes,2023-01-13,321.09
2051,Lucas,51,Female,Paris,2023-01-14,297.67
2052,Hugo,53,Female,Houston,2023-01-14,905.16
2053,Tina,32,Male,Nantes,2023-01-14,120.47
2054,Henry,47,Male,San Antonio,2023-01-15,75.6
2055,Olivia,50,Female,Dallas,2023-01-15,69.16
2056,Sophie,28,Male,Nice,2023-01-15,371.84
2057,Charlie,50,Male,Chicago,2023-01-16,332.03
2058,Mia,22,Female,Los Angeles,2023-01-17,228.3
2059,Charlie,53,Female,Paris,2023-01-17,230.82
2060,Paul,62,Male,Toulouse,2023-01-17,494.02
2061,Liam,20,Female,Los Angeles,2023-01-17,467.65
2062,Sam,25,Female,Toulouse,2023-01-17,431.59
2063,Paul,30,Male,New York,2023-01-17,460.94
2064,Olivia,63,Male,Nantes,2023-01-18,79.64
2065,Tina,59,Male,Nantes,2023-01-18,88.94
2066,Liam,38,Male,Philadelphia,2023-01-19,322.0
2067,Sophie,44,Male,Phoenix,2023-01-19,370.3
2068,Sam,65,Female,Nantes,2023-01-19,607.02
2069,Jack,53,Male,San Diego,2023-01-19,51.54
2070,Hugo,51,Female,Chicago,2023-01-19,175.55
2071,Louis,30,Male,Chicago,2023-01-19,288.18
2072,Hugo,33,Male,Nice,2023-01-19,111.4
2073,Mia,49,Male,Marseille,2023-01-19,677.67
2074,Tina,57,Male,Paris,2023-01-20,129.81
2075,Paul,28,Male,Phoenix,2023-01-20,366.3
2076,Kate,28,Male,Nantes,2023-01-21,1091.53
2077,Sophie,64,Female,Marseille,2023-01-21,76.82
2078,Frank,46,Male,Lyon,2023-01-21,68.81
2079,Paul,45,Female,Paris,2023-01-21,31.98
2080,Gabriel,31,Male,San Diego,2023-01-21,202.47
2081,Louis,53,Female,San Diego,2023-01-21,428.67
2082,Rachel,44,Female,Houston,2023-01-21,240.44
2083,Kate,35,Male,New York,2023-01-22,117.96
2084,Mia,56,Male,Nice,2023-01-22,89.22
2085,Rachel,27,Female,Chicago,2023-01-22,505.14
2086,Chloé,26,Male,Bordeaux,2023-01-22,93.82
2087,Paul,41,Male,Bordeaux,2023-01-22,339.71
2088,Henry,26,Female,Houston,2023-01-22,456.59
2089,Antoine,53,Female,San Antonio,2023-01-22,338.2
2090,Charlie,29,Female,San Antonio,2023-01-23,188.41
2091,Mia,58,Male,Los Angeles,2023-01-23,468.28
2092,Henry,36,Male,Bordeaux,2023-01-23,286.97
2093,Eva,60,Male,Nantes,2023-01-23,255.52
2094,Eva,47,Female,San Jose,2023-01-23,29.31
2095,Sam,30,Female,San Jose,2023-01-24,175.92
2096,Louis,21,Male,Chicago,2023-01-25,255.59
2097,Emma,25,Female,Dallas,2023-01-25,268.12
2098,Charlie,61,Male,San Jose,2023-01-25,361.77
2099,Emma,37,Male,New York,2023-01-25,154.9
2100,Bob,28,Female,Lille,2023-01-25,189.71
2101,Bob,56,Male,Marseille,2023-01-25,521.7
2102,Sophie,39,Female,Lyon,2023-01-26,80.67
2103,Sophie,25,Male,Marseille,2023-01-26,237.51
2104,Grace,42,Male,Lyon,2023-01-27,814.21
2105,Henry,34,Male,New York,2023-01-27,362.38
2106,Antoine,35,Female,Lille,2023-01-27,94.66
2107,Jack,34,Female,Dallas,2023-01-28,319.14
2108,Sam,35,Female,Bordeaux,2023-01-28,407.18
2109,Liam,36,Male,Lille,2023-01-28,61.62
2110,Chloé,37,Female,Nantes,2023-01-28,207.34
2111,Kate,33,Male,San Diego,2023-01-29,348.89
2112,Gabriel,37,Male,Dallas,2023-01-29,868.25
2113,Antoine,46,Male,Chicago,2023-01-29,341.01
2114,Mia,65,Male,New York,2023-01-29,221.08
2115,Olivia,29,Female,Phoenix,2023-01-29,208.75
2116,Liam,26,Male,New York,2023-01-29,69.93
2117,Gabriel,25,Male,Toulouse,2023-01-30,146.5
2118,Quinn,50,Female,New York,2023-01-31,230.79
2119,Bob,62,Male,Lyon,2023-01-31,174.31
2120,Hugo,41,Male,Chicago,2023-01-31,460.59
2121,Bob,40,Male,Toulouse,2023-02-01,94.18
2122,Rachel,44,Female,Nice,2023-02-01,123.56
2123,Liam,18,Male,Bordeaux,2023-02-01,715.91
2124,Charlie,41,Male,Lille,2023-02-02,625.78
2125,Chloé,30,Male,Lille,2023-02-03,72.35
2126,Isabel,20,Female,San Diego,2023-02-03,448.91
2127,Noah,52,Female,New York,2023-02-03,59.79
2128,Hugo,22,Male,Toulouse,2023-02-04,118.03
2129,Louis,56,Female,Phoenix,2023-02-04,509.55
2130,Louis,49,Female,New York,2023-02-04,33.67
2131,Alice,20,Male,San Diego,2023-02-05,425.68
2132,Hugo,34,Male,Paris,2023-02-05,332.43
2133,Sophie,36,Male,Bordeaux,2023-02-05,464.63
2134,Paul,59,Female,Philadelphia,2023-02-05,335.5
2135,Eva,59,Male,Paris,2023-02-06,508.3
2136,Sophie,34,Female,Marseille,2023-02-06,728.5
2137,Diana,29,Female,Nice,2023-02-06,465.94
2138,Mia,31,Female,Phoenix,2023-02-07,23.58
2139,Alice,45,Male,Houston,2023-02-07,870.78
2140,Quinn,41,Female,Houston,2023-02-07,107.25
2141,Antoine,60,Male,San Antonio,2023-02-08,139.53
2142,Mia,42,Male,Los Angeles,2023-02-08,52.15
2143,Emma,58,Male,San Antonio,2023-02-08,74.79
2144,Jack,28,Female,San Jose,2023-02-08,26.28
2145,Gabriel,36,Female,San Jose,2023-02-08,373.46
2146,Henry,57,Female,Bordeaux,2023-02-08,442.55
2147,Henry,47,Female,Toulouse,2023-02-09,529.56
2148,Liam,27,Female,New York,2023-02-09,992.01
2149,Rachel,64,Male,Lyon,2023-02-09,171.29
2150,Tina,26,Female,Bordeaux,2023-02-09,775.12
2151,Frank,61,Male,Bordeaux,2023-02-09,308.43
2152,Chloé,30,Male,Houston,2023-02-09,185.49
2153,Grace,33,Female,Los Angeles,2023-02-10,42.78
2154,Quinn,40,Female,San Diego,2023-02-10,382.12
2155,Jack,54,Male,Philadelphia,2023-02-10,392.95
2156,Frank,59,Male,San Jose,2023-02-10,898.3
2157,Bob,35,Male,San Diego,2023-02-10,96.37
2158,Eva,37,Male,Nantes,2023-02-10,615.22
2159,Grace,36,Male,San Jose,2023-02-11,142.08
2160,Paul,48,Male,New York,2023-02-11,71.02
2161,Gabriel,49,Female,San Diego,2023-02-11,214.58
2162,Tina,29,Male,Nice,2023-02-12,708.26
2163,Isabel,43,Female,Chicago,2023-02-12,293.93
2164,Lucas,23,Male,Los Angeles,2023-02-12,349.08
2165,Sophie,24,Female,Bordeaux,2023-02-12,350.47
2166,Kate,42,Female,Bordeaux,2023-02-12,578.82
2167,Rachel,35,Female,San Jose,2023-02-12,187.23
2168,Léa,36,Female,San Jose,2023-02-12,943.17
2169,Bob,41,Female,Lyon,2023-02-13,287.26
2170,Mia,58,Male,San Diego,2023-02-14,213.34
2171,Jack,42,Male,Lille,2023-02-15,490.19
2172,Noah,46,Male,Nice,2023-02-16,131.69
2173,Olivia,49,Female,Paris,2023-02-16,91.47
2174,Isabel,39,Female,Lille,2023-02-16,343.25
2175,Jack,41,Female,Toulouse,2023-02-16,778.82
2176,Henry,27,Female,Nice,2023-02-16,301.59
2177,Tina,44,Male,San Jose,2023-02-17,149.68
2178,Antoine,54,Male,Bordeaux,2023-02-17,730.26
2179,Gabriel,61,Female,Paris,2023-02-18,954.47
2180,Lucas,61,Male,Phoenix,2023-02-18,107.68
2181,Bob,33,Female,Phoenix,2023-02-18,607.17
2182,Léa,52,Male,Marseille,2023-02-18,173.32
2183,Léa,30,Female,Bordeaux,2023-02-19,1096.43
2184,Olivia,21,Female,Los Angeles,2023-02-19,57.87
2185,Louis,28,Female,San Jose,2023-02-19,73.32
2186,Bob,21,Female,Houston,2023-02-19,51.58
2187,Lucas,29,Male,Lyon,2023-02-19,174.42
2188,Jack,36,Male,Houston,2023-02-20,115.98
2189,Sam,30,Male,San Jose,2023-02-20,447.25
2190,Alice,59,Female,Lille,2023-02-20,328.79
2191,Hugo,23,Male,Marseille,2023-02-20,177.05
2192,Lucas,28,Male,Paris,2023-02-21,406.55
2193,Emma,30,Male,Dallas,2023-02-22,734.38
2194,Mia,63,Female,Toulouse,2023-02-22,274.54
2195,Grace,37,Female,Nantes,2023-02-22,511.14
2196,Noah,21,Male,Philadelphia,2023-02-22,25.95
2197,Emma,23,Female,San Diego,2023-02-23,219.67
2198,Chloé,32,Female,San Jose,2023-02-23,314.06
2199,Kate,43,Male,Paris,2023-02-23,328.58
2200,Gabriel,57,Female,Lyon,2023-02-23,27.37
2201,Manon,50,Male,New York,2023-02-23,844.38
2202,Emma,40,Male,Lille,2023-02-24,84.01
2203,Mia,39,Female,Nice,2023-02-24,122.94
2204,Isabel,26,Female,Bordeaux,2023-02-24,21.26
2205,Noah,33,Male,Chicago,2023-02-24,156.81
2206,Antoine,32,Female,Chicago,2023-02-24,53.44
2207,Liam,24,Female,Nantes,2023-02-25,706.54
2208,Rachel,26,Female,Nice,2023-02-25,214.18
2209,Gabriel,19,Male,Bordeaux,2023-02-25,120.21
2210,Noah,33,Male,Lille,2023-02-25,122.45
2211,Frank,30,Female,Marseille,2023-02-26,1252.9
2212,Grace,20,Female,Philadelphia,2023-02-26,388.78
2213,Jack,44,Female,Phoenix,2023-02-27,154.91
2214,Charlie,51,Female,Lyon,2023-02-27,935.77
2215,Grace,32,Male,Lyon,2023-02-27,595.5
2216,Lucas,18,Female,Nice,2023-02-27,424.9
2217,Sophie,20,Female,Toulouse,2023-02-28,121.7
2218,Bob,39,Female,Toulouse,2023-02-28,125.78
2219,Lucas,30,Female,Los Angeles,2023-02-28,623.44
2220,Jack,48,Female,San Antonio,2023-03-01,266.71
2221,Bob,44,Female,Bordeaux,2023-03-02,796.68
2222,Rachel,37,Female,Los Angeles,2023-03-02,1233.19
2223,Louis,55,Female,Lille,2023-03-02,237.94
2224,Sophie,21,Female,Toulouse,2023-03-02,318.11
2225,Léa,26,Female,New York,2023-03-02,253.72
2226,Bob,45,Female,Lille,2023-03-02,288.34
2227,Liam,65,Female,Lille,2023-03-03,774.27
2228,Antoine,48,Male,Toulouse,2023-03-03,733.23
2229,Louis,54,Female,Lille,2023-03-03,436.63
2230,Charlie,30,Female,Houston,2023-03-04,61.36
2231,Léa,27,Male,Paris,2023-03-04,62.06
2232,Tina,47,Female,Dallas,2023-03-04,35.81
2233,Antoine,64,Female,Bordeaux,2023-03-05,82.43
2234,Emma,24,Male,Lyon,2023-03-06,174.6
2235,Mia,27,Male,San Diego,2023-03-06,218.99
2236,Rachel,62,Male,Toulouse,2023-03-06,267.36
2237,Léa,42,Female,Marseille,2023-03-07,328.9
2238,Hugo,28,Female,Philadelphia,2023-03-07,257.63
2239,Sam,42,Male,Dallas,2023-03-08,158.34
2240,Chloé,30,Male,Toulouse,2023-03-08,150.06
2241,Bob,39,Female,Phoenix,2023-03-09,1193.34
2242,Quinn,64,Female,San Diego,2023-03-09,59.49
2243,Quinn,35,Male,Phoenix,2023-03-09,278.51
2244,Alice,65,Male,Dallas,2023-03-10,124.35
2245,Tina,50,Female,San Antonio,2023-03-10,34.45
2246,Kate,19,Male,Nice,2023-03-10,1069.69
2247,Rachel,48,Male,New York,2023-03-10,1233.05
2248,Noah,40,Male,Bordeaux,2023-03-10,252.82
2249,Grace,59,Female,Nantes,2023-03-11,60.92
2250,Quinn,50,Female,Houston,2023-03-12,270.23
2251,Hugo,20,Male,Phoenix,2023-03-13,264.05
2252,Eva,34,Male,Dallas,2023-03-13,442.99
2253,Quinn,62,Male,Marseille,2023-03-13,688.37
2254,Charlie,24,Male,Toulouse,2023-03-14,419.7
2255,Liam,25,Male,Los Angeles,2023-03-14,198.24
2256,Olivia,45,Female,San Jose,2023-03-14,194.86
2257,Liam,65,Female,San Antonio,2023-03-14,54.8
2258,Paul,27,Female,Houston,2023-03-14,383.72
2259,Mia,38,Male,Marseille,2023-03-14,175.92
2260,Paul,63,Male,Chicago,2023-03-14,298.49
2261,Jack,48,Female,Phoenix,2023-03-15,677.22
2262,Charlie,42,Female,San Jose,2023-03-15,77.14
2263,Grace,20,Male,Paris,2023-03-16,242.51
2264,Antoine,65,Male,Toulouse,2023-03-16,337.33
2265,Grace,42,Female,Philadelphia,2023-03-16,170.29
2266,Kate,43,Female,Lille,2023-03-16,117.29
2267,Diana,46,Female,New York,2023-03-16,406.92
2268,Kate,31,Male,Toulouse,2023-03-16,59.44
2269,Chloé,46,Male,Philadelphia,2023-03-17,196.63
2270,Grace,30,Female,Chicago,2023-03-17,2100.94
2271,Jack,27,Male,Toulouse,2023-03-17,233.24
2272,Liam,62,Male,Bordeaux,2023-03-18,55.31
2273,Frank,42,Female,Lille,2023-03-18,393.67
2274,Antoine,55,Female,Dallas,2023-03-19,457.76
2275,Isabel,29,Male,Lyon,2023-03-19,281.45
2276,Gabriel,48,Female,Nantes,2023-03-19,1091.78
2277,Hugo,55,Female,Dallas,2023-03-19,518.51
2278,Lucas,26,Female,Houston,2023-03-20,51.85
2279,Jack,18,Female,Phoenix,2023-03-20,37.18
2280,Jack,30,Male,Bordeaux,2023-03-20,297.45
2281,Sophie,49,Female,Toulouse,2023-03-21,275.81
2282,Hugo,63,Male,Dallas,2023-03-22,173.37
2283,Léa,28,Female,San Antonio,2023-03-23,699.97
2284,Louis,50,Female,Marseille,2023-03-23,1403.8
2285,Grace,36,Male,Phoenix,2023-03-23,349.02
2286,Gabriel,22,Female,Nantes,2023-03-23,616.07
2287,Tina,38,Female,San Jose,2023-03-24,48.17
2288,Alice,59,Female,Lille,2023-03-24,151.34
2289,Léa,30,Female,Phoenix,2023-03-24,158.32
2290,Isabel,30,Female,Nice,2023-03-24,539.72
2291,Chloé,27,Female,Chicago,2023-03-24,453.9
2292,Sophie,52,Female,Philadelphia,2023-03-24,295.26
2293,Lucas,47,Female,Dallas,2023-03-25,62.07
2294,Sophie,48,Female,Houston,2023-03-25,551.24
2295,Gabriel,25,Female,San Jose,2023-03-26,1273.74
2296,Rachel,29,Male,San Jose,2023-03-27,824.46
2297,Hugo,36,Female,Paris,2023-03-27,503.23
2298,Olivia,43,Female,Nice,2023-03-27,122.11
2299,Paul,48,Female,Phoenix,2023-03-28,368.93
2300,Chloé,18,Male,Lyon,2023-03-28,295.03
2301,Hugo,49,Male,Chicago,2023-03-28,254.84
2302,Bob,20,Female,New York,2023-03-28,390.28
2303,Jack,33,Male,Lyon,2023-03-28,505.15
2304,Emma,27,Male,Phoenix,2023-03-28,175.81
2305,Antoine,53,Male,Marseille,2023-03-29,233.27
2306,Gabriel,34,Male,San Jose,2023-03-29,158.48
2307,Charlie,62,Male,Los Angeles,2023-03-29,310.05
2308,Paul,35,Male,San Antonio,2023-03-29,763.52
2309,Rachel,65,Female,Marseille,2023-03-30,435.96
2310,Paul,63,Male,San Jose,2023-03-30,32.05
2311,Gabriel,31,Female,Nice,2023-03-31,738.79
2312,Hugo,34,Female,Marseille,2023-03-31,576.63
2313,Charlie,37,Male,Bordeaux,2023-03-31,338.19
2314,Kate,45,Male,Paris,2023-03-31,251.22
2315,Léa,23,Male,Houston,2023-03-31,295.5
2316,Chloé,48,Female,San Antonio,2023-03-31,145.32
2317,Henry,54,Male,Toulouse,2023-04-01,235.71
2318,Eva,39,Female,Bordeaux,2023-04-01,452.22
2319,Jack,40,Female,San Diego,2023-04-02,528.71
2320,Frank,20,Female,Bordeaux,2023-04-02,180.12
2321,Louis,22,Male,Lyon,2023-04-02,1241.03
2322,Jack,21,Female,Lille,2023-04-02,481.91
2323,Sam,50,Female,San Jose,2023-04-02,1352.86
2324,Liam,28,Male,Paris,2023-04-02,364.27
2325,Liam,51,Female,Dallas,2023-04-03,255.17
2326,Diana,27,Male,Nice,2023-04-03,269.9
2327,Hugo,39,Female,Lille,2023-04-03,82.3
2328,Manon,35,Female,Dallas,2023-04-03,115.23
2329,Chloé,60,Male,Bordeaux,2023-04-03,136.89
2330,Noah,30,Male,Chicago,2023-04-03,335.37
2331,Jack,46,Female,Nantes,2023-04-04,45.73
2332,Sam,23,Female,San Jose,2023-04-05,1275.58
2333,Olivia,53,Male,Paris,2023-04-05,35.41
2334,Mia,22,Male,Lyon,2023-04-05,84.25
2335,Jack,26,Female,Marseille,2023-04-05,179.71
2336,Rachel,53,Male,Toulouse,2023-04-06,466.64
2337,Charlie,18,Male,Dallas,2023-04-06,150.0
2338,Hugo,47,Female,Houston,2023-04-06,83.02
2339,Gabriel,55,Male,Bordeaux,2023-04-06,388.61
2340,Léa,23,Male,Nantes,2023-04-06,66.69
2341,Sophie,39,Female,Los Angeles,2023-04-07,80.89
2342,Frank,35,Male,Dallas,2023-04-08,734.73
2343,Lucas,45,Female,Philadelphia,2023-04-08,415.17
2344,Léa,64,Male,Marseille,2023-04-08,454.05
2345,Mia,29,Female,Marseille,2023-04-08,49.74
2346,Antoine,46,Male,Philadelphia,2023-04-09,203.41
2347,Hugo,48,Male,Paris,2023-04-09,2034.43
2348,Jack,35,Female,Houston,2023-04-09,420.3
2349,Louis,18,Male,Houston,2023-04-09,201.92
2350,Louis,35,Female,Phoenix,2023-04-10,163.73
2351,Kate,65,Female,Los Angeles,2023-04-10,318.95
2352,Hugo,25,Female,Nice,2023-04-11,33.94
2353,Louis,58,Female,Lille,2023-04-11,185.46
2354,Kate,44,Male,Paris,2023-04-11,115.46
2355,Paul,28,Female,Nantes,2023-04-12,328.64
2356,Jack,23,Female,Marseille,2023-04-12,143.24
2357,Olivia,54,Female,Philadelphia,2023-04-12,572.03
2358,Louis,60,Male,Toulouse,2023-04-13,42.48
2359,Grace,21,Male,Chicago,2023-04-13,473.76
2360,Olivia,24,Female,San Jose,2023-04-14,173.57
2361,Charlie,50,Female,Lille,2023-04-14,222.96
2362,Quinn,30,Female,Toulouse,2023-04-14,127.02
2363,Diana,23,Male,Nantes,2023-04-14,275.47
2364,Léa,39,Male,Marseille,2023-04-14,60.68
2365,Liam,55,Male,Phoenix,2023-04-14,287.75
2366,Paul,40,Female,Lille,2023-04-14,427.7
2367,Kate,38,Male,Los Angeles,2023-04-15,194.36
2368,Frank,54,Male,Nice,2023-04-15,126.48
2369,Paul,22,Female,New York,2023-04-15,41.04
2370,Mia,51,Female,Houston,2023-04-15,414.46
2371,Paul,55,Female,Houston,2023-04-15,914.66
2372,Antoine,43,Female,Los Angeles,2023-04-16,139.79
2373,Léa,49,Male,Bordeaux,2023-04-16,45.19
2374,Henry,61,Male,Nantes,2023-04-16,166.94
2375,Charlie,43,Male,Philadelphia,2023-04-16,472.73
2376,Antoine,39,Female,Phoenix,2023-04-17,393.1
2377,Gabriel,47,Male,Lille,2023-04-17,731.39
2378,Sam,34,Male,Nantes,2023-04-18,221.83
2379,Jack,60,Female,San Jose,2023-04-18,376.19
2380,Tina,53,Female,Lyon,2023-04-18,50.09
2381,Eva,43,Male,Marseille,2023-04-19,80.74
2382,Sophie,19,Male,Paris,2023-04-19,42.17
2383,Paul,32,Male,New York,2023-04-19,1353.43
2384,Rachel,38,Male,Los Angeles,2023-04-19,284.86
2385,Hugo,27,Female,Lille,2023-04-19,223.01
2386,Rachel,54,Female,Marseille,2023-04-19,204.76
2387,Henry,61,Female,San Jose,2023-04-20,749.54
2388,Emma,29,Male,Chicago,2023-04-21,913.74
2389,Léa,51,Male,Lille,2023-04-21,1474.14
2390,Isabel,58,Male,San Antonio,2023-04-21,354.36
2391,Eva,60,Male,Houston,2023-04-21,552.87
2392,Léa,63,Female,Nantes,2023-04-21,119.39
2393,Gabriel,28,Male,San Diego,2023-04-21,76.51
2394,Gabriel,42,Male,Marseille,2023-04-21,106.44
2395,Chloé,23,Female,Bordeaux,2023-04-22,406.62
2396,Liam,39,Male,Los Angeles,2023-04-22,827.51
2397,Lucas,22,Male,San Diego,2023-04-23,73.66
2398,Manon,45,Male,Los Angeles,2023-04-23,27.77
2399,Eva,60,Male,Los Angeles,2023-04-23,151.36
2400,Noah,60,Male,Nice,2023-04-23,560.22
2401,Rachel,21,Male,Los Angeles,2023-04-23,206.37
2402,Eva,52,Female,New York,2023-04-23,196.33
2403,Rachel,30,Male,Bordeaux,2023-04-24,100.33
2404,Louis,61,Male,Lille,2023-04-24,42.07
2405,Henry,50,Female,Houston,2023-04-24,639.14
2406,Sam,26,Female,San Antonio,2023-04-24,349.19
2407,Liam,37,Male,Toulouse,2023-04-24,524.85
2408,Hugo,34,Female,Dallas,2023-04-25,75.31
2409,Henry,58,Male,Marseille,2023-04-25,109.98
2410,Noah,65,Male,Toulouse,2023-04-25,761.94
2411,Alice,40,Male,Nantes,2023-04-26,39.13
2412,Chloé,62,Female,Houston,2023-04-26,57.31
2413,Lucas,57,Male,Houston,2023-04-26,367.09
2414,Alice,33,Male,Paris,2023-04-26,216.11
2415,Mia,60,Male,Paris,2023-04-26,1337.7
2416,Léa,45,Male,Lille,2023-04-27,75.59
2417,Lucas,20,Female,San Jose,2023-04-27,137.51
2418,Manon,38,Male,San Antonio,2023-04-27,135.88
2419,Charlie,53,Male,Marseille,2023-04-28,90.91
2420,Kate,57,Male,Nantes,2023-04-28,401.62
2421,Gabriel,38,Male,Phoenix,2023-04-28,564.93
2422,Sam,49,Male,Houston,2023-04-28,86.42
2423,Antoine,32,Female,Dallas,2023-04-28,499.12
2424,Noah,30,Female,Nice,2023-04-29,670.44
2425,Chloé,27,Female,Chicago,2023-04-29,317.9
2426,Hugo,61,Female,Nantes,2023-04-29,136.24
2427,Tina,65,Male,Bordeaux,2023-04-30,498.48
2428,Hugo,29,Male,Paris,2023-04-30,89.28
2429,Alice,60,Female,Chicago,2023-05-01,120.45
2430,Louis,27,Female,New York,2023-05-02,569.75
2431,Manon,29,Male,Toulouse,2023-05-02,441.61
2432,Kate,60,Male,Phoenix,2023-05-02,270.37
2433,Grace,62,Male,Dallas,2023-05-02,1743.75
2434,Grace,18,Male,Chicago,2023-05-02,206.62
2435,Mia,36,Male,Paris,2023-05-03,46.81
2436,Tina,29,Male,Lyon,2023-05-03,815.15
2437,Bob,43,Male,Chicago,2023-05-04,726.84
2438,Antoine,22,Male,Philadelphia,2023-05-04,1509.11
2439,Louis,34,Male,Paris,2023-05-04,173.61
2440,Isabel,28,Male,Houston,2023-05-04,421.19
2441,Mia,43,Female,Houston,2023-05-04,1076.56
2442,Jack,31,Male,Phoenix,2023-05-05,424.55
2443,Bob,28,Female,Toulouse,2023-05-05,264.17
2444,Grace,20,Female,Dallas,2023-05-05,535.22
2445,Chloé,25,Female,New York,2023-05-06,488.27
2446,Isabel,35,Female,Toulouse,2023-05-06,493.92
2447,Isabel,49,Female,Phoenix,2023-05-06,1118.66
2448,Kate,53,Female,Bordeaux,2023-05-06,32.58
2449,Charlie,45,Female,Lille,2023-05-06,688.91
2450,Emma,60,Female,San Diego,2023-05-07,179.71
2451,Sam,22,Male,San Diego,2023-05-07,43.34
2452,Noah,56,Female,Marseille,2023-05-08,157.69
2453,Gabriel,41,Female,Lille,2023-05-08,446.6
2454,Tina,18,Female,Lyon,2023-05-08,211.74
2455,Manon,18,Male,Phoenix,2023-05-08,312.1
2456,Louis,64,Female,Houston,2023-05-08,1269.54
2457,Emma,39,Male,Paris,2023-05-09,1232.87
2458,Antoine,61,Male,San Diego,2023-05-09,640.34
2459,Liam,33,Female,Philadelphia,2023-05-09,171.75
2460,Liam,28,Male,Toulouse,2023-05-09,52.23
2461,Jack,25,Female,San Antonio,2023-05-09,206.66
2462,Sophie,20,Female,Nice,2023-05-10,874.78
2463,Kate,61,Female,Nantes,2023-05-10,50.57
2464,Louis,49,Male,Los Angeles,2023-05-10,870.77
2465,Bob,50,Female,Los Angeles,2023-05-10,45.18
2466,Sam,37,Male,Dallas,2023-05-11,98.19
2467,Léa,41,Female,Paris,2023-05-11,278.53
2468,Charlie,58,Male,San Antonio,2023-05-11,94.23
2469,Tina,26,Female,Philadelphia,2023-05-11,118.86
2470,Olivia,26,Female,San Diego,2023-05-12,368.06
2471,Kate,58,Male,Paris,2023-05-12,303.96
2472,Grace,46,Female,Nice,2023-05-12,142.34
2473,Diana,58,Male,Lyon,2023-05-12,492.28
2474,Louis,61,Female,San Diego,2023-05-13,323.32
2475,Sam,24,Female,Marseille,2023-05-13,296.1
2476,Antoine,60,Male,Bordeaux,2023-05-13,300.67
2477,Tina,49,Female,Nice,2023-05-14,761.57
2478,Gabriel,33,Male,Los Angeles,2023-05-14,304.31
2479,Hugo,18,Male,Houston,2023-05-15,258.77
2480,Hugo,36,Male,Nantes,2023-05-15,742.76
2481,Rachel,55,Male,Dallas,2023-05-16,51.88
2482,Liam,39,Male,Phoenix,2023-05-17,202.28
2483,Tina,26,Female,Los Angeles,2023-05-17,89.01
2484,Bob,65,Male,Houston,2023-05-17,291.86
2485,Frank,65,Male,San Jose,2023-05-17,1014.19
2486,Noah,34,Female,Dallas,2023-05-17,400.08
2487,Emma,35,Male,Paris,2023-05-17,303.78
2488,Rachel,37,Female,Marseille,2023-05-17,1358.35
2489,Chloé,29,Male,San Antonio,2023-05-18,116.2
2490,Sophie,24,Male,Bordeaux,2023-05-18,213.33
2491,Hugo,48,Male,San Diego,2023-05-18,334.93
2492,Grace,25,Male,Chicago,2023-05-18,170.5
2493,Hugo,64,Male,Chicago,2023-05-18,258.73
2494,Noah,19,Female,Bordeaux,2023-05-19,70.11
2495,Jack,49,Female,Nantes,2023-05-19,102.01
2496,Manon,20,Female,Dallas,2023-05-19,54.61
2497,Rachel,25,Female,Houston,2023-05-19,612.01
2498,Eva,47,Female,Bordeaux,2023-05-19,46.46
2499,Chloé,61,Female,San Diego,2023-05-19,219.45
2500,Sophie,43,Female,Bordeaux,2023-05-20,42.33
2501,Paul,59,Female,Lyon,2023-05-20,122.2
2502,Isabel,19,Female,San Antonio,2023-05-20,853.22
2503,Hugo,41,Male,Philadelphia,2023-05-20,262.23
2504,Manon,49,Male,Chicago,2023-05-20,437.37
2505,Hugo,20,Female,Philadelphia,2023-05-21,244.66
2506,Chloé,62,Male,Houston,2023-05-21,65.12
2507,Léa,51,Female,Nantes,2023-05-21,75.43
2508,Quinn,28,Male,Nantes,2023-05-21,440.92
2509,Eva,29,Male,Chicago,2023-05-21,66.3
2510,Frank,61,Female,Nice,2023-05-21,612.31
2511,Diana,38,Female,Los Angeles,2023-05-22,548.72
2512,Rachel,37,Male,Nantes,2023-05-22,108.44
2513,Hugo,54,Female,Phoenix,2023-05-22,2811.52
2514,Gabriel,65,Female,Lyon,2023-05-23,397.32
2515,Rachel,37,Male,Los Angeles,2023-05-23,305.5
2516,Frank,54,Female,New York,2023-05-23,47.21
2517,Mia,24,Female,Lille,2023-05-23,373.13
2518,Antoine,18,Female,Paris,2023-05-23,205.36
2519,Liam,24,Female,Lyon,2023-05-23,36.36
2520,Olivia,39,Male,San Diego,2023-05-24,1130.48
2521,Noah,23,Female,Paris,2023-05-24,35.29
2522,Sophie,28,Female,New York,2023-05-24,228.88
2523,Lucas,64,Male,Dallas,2023-05-25,540.99
2524,Henry,65,Male,Toulouse,2023-05-25,116.84
2525,Hugo,35,Male,Dallas,2023-05-26,491.97
2526,Mia,21,Female,San Diego,2023-05-26,787.97
2527,Chloé,38,Female,Nice,2023-05-26,463.53
2528,Isabel,23,Female,San Jose,2023-05-27,545.79
2529,Léa,38,Female,Houston,2023-05-27,170.89
2530,Antoine,43,Male,New York,2023-05-27,343.38
2531,Olivia,29,Male,San Antonio,2023-05-27,302.23
2532,Frank,46,Male,Lyon,2023-05-27,1789.66
2533,Louis,23,Female,Lyon,2023-05-28,451.18
2534,Sophie,43,Male,Paris,2023-05-28,121.94
2535,Frank,48,Female,Bordeaux,2023-05-28,131.91
2536,Olivia,40,Female,Paris,2023-05-29,91.16
2537,Henry,24,Male,Toulouse,2023-05-29,36.65
2538,Frank,54,Male,Philadelphia,2023-05-29,165.17
2539,Hugo,47,Male,Lille,2023-05-29,349.12
2540,Lucas,32,Male,New York,2023-05-29,399.98
2541,Diana,44,Male,Chicago,2023-05-29,150.26
2542,Isabel,45,Female,Paris,2023-05-29,55.04
2543,Rachel,24,Female,Houston,2023-05-30,140.6
2544,Alice,39,Female,Nice,2023-05-31,221.75
2545,Charlie,37,Female,Marseille,2023-05-31,107.64
2546,Manon,43,Female,Houston,2023-05-31,284.42
2547,Kate,59,Female,New York,2023-05-31,226.05
2548,Liam,54,Male,Marseille,2023-06-01,738.6
2549,Charlie,53,Male,Houston,2023-06-01,184.64
2550,Frank,22,Female,Lille,2023-06-01,403.66
2551,Gabriel,28,Female,Nice,2023-06-01,166.57
2552,Rachel,49,Female,Bordeaux,2023-06-02,214.3
2553,Liam,58,Male,San Jose,2023-06-02,924.94
2554,Sam,24,Female,San Diego,2023-06-02,620.46
2555,Kate,23,Female,Marseille,2023-06-03,51.66
2556,Kate,31,Male,Lyon,2023-06-03,42.77
2557,Hugo,63,Female,Chicago,2023-06-03,68.1
2558,Isabel,62,Male,San Jose,2023-06-03,100.11
2559,Liam,33,Male,Lyon,2023-06-03,632.63
2560,Liam,19,Female,San Jose,2023-06-03,570.47
2561,Diana,39,Female,Nantes,2023-06-03,142.7
2562,Léa,49,Female,Bordeaux,2023-06-03,97.46
2563,Eva,59,Female,Chicago,2023-06-04,117.12
2564,Diana,21,Female,Chicago,2023-06-04,397.09
2565,Lucas,30,Female,Lyon,2023-06-04,89.77
2566,Hugo,36,Male,Dallas,2023-06-05,159.17
2567,Lucas,25,Male,Lyon,2023-06-05,22.29
2568,Liam,36,Male,Toulouse,2023-06-05,677.86
2569,Grace,22,Female,New York,2023-06-05,757.05
2570,Quinn,57,Male,San Jose,2023-06-05,1228.22
2571,Kate,31,Female,Dallas,2023-06-05,1027.62
2572,Tina,34,Female,Nice,2023-06-06,667.2
2573,Tina,51,Female,Nantes,2023-06-06,119.99
2574,Lucas,24,Male,Dallas,2023-06-06,234.89
2575,Grace,19,Female,Bordeaux,2023-06-07,135.98
2576,Noah,34,Female,San Jose,2023-06-08,532.08
2577,Liam,29,Male,San Jose,2023-06-08,26.73
2578,Isabel,20,Male,Lille,2023-06-08,197.8
2579,Louis,60,Female,Philadelphia,2023-06-08,598.89
2580,Antoine,61,Male,Lille,2023-06-09,486.72
2581,Grace,41,Male,Lyon,2023-06-09,195.89
2582,Noah,58,Female,Los Angeles,2023-06-09,30.33
2583,Jack,33,Female,Nantes,2023-06-09,385.92
2584,Jack,21,Male,Chicago,2023-06-09,92.07
2585,Charlie,41,Female,Lyon,2023-06-09,47.78
2586,Charlie,53,Female,San Antonio,2023-06-10,191.84
2587,Chloé,43,Female,New York,2023-06-10,224.98
2588,Hugo,56,Male,San Diego,2023-06-10,25.86
2589,Sophie,36,Female,San Diego,2023-06-10,405.72
2590,Manon,54,Female,Nice,2023-06-11,60.6
2591,Olivia,36,Female,San Diego,2023-06-11,290.78
2592,Chloé,30,Male,Nantes,2023-06-11,161.2
2593,Liam,56,Female,Bordeaux,2023-06-11,1062.48
2594,Paul,50,Female,Phoenix,2023-06-11,160.97
2595,Tina,52,Female,Toulouse,2023-06-11,42.04
2596,Hugo,63,Male,San Antonio,2023-06-11,1052.48
2597,Henry,18,Male,Bordeaux,2023-06-12,1365.33
2598,Louis,55,Female,Los Angeles,2023-06-12,274.2
2599,Gabriel,52,Male,Paris,2023-06-12,106.95
2600,Léa,28,Male,San Jose,2023-06-13,254.34
2601,Isabel,19,Female,Paris,2023-06-13,496.22
2602,Emma,53,Male,Nantes,2023-06-13,807.56
2603,Louis,59,Male,San Jose,2023-06-13,461.05
2604,Diana,44,Female,Nice,2023-06-14,424.51
2605,Manon,52,Male,Paris,2023-06-14,94.16
2606,Quinn,46,Male,Los Angeles,2023-06-14,1241.81
2607,Mia,58,Male,Chicago,2023-06-14,1310.97
2608,Manon,19,Female,San Jose,2023-06-15,113.35
2609,Sophie,65,Male,Lyon,2023-06-15,60.96
2610,Antoine,37,Female,Paris,2023-06-15,161.29
2611,Liam,47,Female,Los Angeles,2023-06-15,175.91
2612,Noah,32,Female,Bordeaux,2023-06-15,666.84
2613,Isabel,33,Female,Chicago,2023-06-15,167.57
2614,Chloé,41,Female,San Antonio,2023-06-15,40.66
2615,Alice,47,Male,Chicago,2023-06-16,117.2
2616,Bob,43,Female,San Antonio,2023-06-16,821.23
2617,Liam,46,Male,Nantes,2023-06-16,211.84
2618,Quinn,29,Female,Los Angeles,2023-06-17,796.07
2619,Quinn,39,Male,Lille,2023-06-18,349.22
2620,Henry,26,Male,Lille,2023-06-19,64.35
2621,Sam,58,Female,Houston,2023-06-19,54.25
2622,Noah,23,Female,Los Angeles,2023-06-19,530.87
2623,Eva,41,Female,Bordeaux,2023-06-19,246.91
2624,Quinn,64,Male,Lille,2023-06-19,1390.3
2625,Diana,55,Female,Los Angeles,2023-06-19,197.3
2626,Louis,33,Female,Nice,2023-06-20,551.59
2627,Quinn,44,Female,San Diego,2023-06-20,510.6
2628,Gabriel,43,Male,Houston,2023-06-20,166.45
2629,Isabel,41,Female,San Jose,2023-06-21,204.41
2630,Hugo,62,Male,Chicago,2023-06-21,595.11
2631,Grace,21,Male,Nantes,2023-06-22,51.99
2632,Gabriel,41,Female,Nice,2023-06-22,355.85
2633,Frank,25,Female,Marseille,2023-06-22,78.12
2634,Louis,65,Male,Chicago,2023-06-22,453.28
2635,Lucas,43,Male,Houston,2023-06-22,80.26
2636,Eva,56,Male,Chicago,2023-06-23,171.23
2637,Liam,57,Female,Los Angeles,2023-06-23,377.97
2638,Antoine,21,Male,San Diego,2023-06-24,911.04
2639,Sam,65,Female,Toulouse,2023-06-24,413.12
2640,Louis,43,Female,New York,2023-06-24,1959.31
2641,Chloé,53,Female,Houston,2023-06-24,567.52
2642,Liam,23,Male,Lyon,2023-06-25,81.85
2643,Louis,26,Female,Phoenix,2023-06-26,355.41
2644,Hugo,57,Male,Nice,2023-06-26,541.58
2645,Emma,55,Male,Lille,2023-06-26,333.77
2646,Henry,43,Male,Nantes,2023-06-26,937.31
2647,Antoine,29,Female,Chicago,2023-06-26,933.53
2648,Paul,64,Female,Chicago,2023-06-26,112.08
2649,Sam,27,Female,San Jose,2023-06-28,177.77
2650,Diana,30,Male,Lyon,2023-06-28,232.7
2651,Léa,43,Female,Los Angeles,2023-06-30,323.45
2652,Manon,38,Male,Houston,2023-06-30,356.73
2653,Diana,54,Female,Toulouse,2023-06-30,154.62
2654,Eva,18,Female,Philadelphia,2023-07-01,1411.7
2655,Sophie,61,Male,Houston,2023-07-02,472.95
2656,Olivia,23,Male,New York,2023-07-02,141.05
2657,Charlie,38,Male,Toulouse,2023-07-02,43.63
2658,Sophie,51,Female,Houston,2023-07-02,121.65
2659,Henry,19,Male,Dallas,2023-07-02,520.47
2660,Louis,35,Female,Nice,2023-07-02,401.61
2661,Emma,53,Female,Nice,2023-07-02,388.52
2662,Alice,33,Male,Lyon,2023-07-02,1328.93
2663,Paul,47,Male,Houston,2023-07-03,403.78
2664,Lucas,29,Female,Lille,2023-07-03,62.05
2665,Tina,42,Male,New York,2023-07-03,1088.83
2666,Manon,53,Female,Nice,2023-07-03,75.12
2667,Jack,20,Female,Houston,2023-07-03,96.14
2668,Chloé,64,Female,New York,2023-07-04,40.25
2669,Quinn,41,Female,San Antonio,2023-07-04,570.5
2670,Lucas,54,Female,Phoenix,2023-07-05,1254.61
2671,Mia,21,Male,San Antonio,2023-07-06,273.53
2672,Kate,26,Male,New York,2023-07-06,94.45
2673,Jack,32,Female,New York,2023-07-06,33.94
2674,Louis,41,Male,Toulouse,2023-07-06,210.92
2675,Louis,49,Male,Nice,2023-07-06,80.79
2676,Isabel,43,Male,Nantes,2023-07-07,541.65
2677,Eva,55,Male,Chicago,2023-07-07,160.02
2678,Lucas,36,Male,Marseille,2023-07-07,986.06
2679,Léa,36,Female,Houston,2023-07-07,351.96
2680,Louis,34,Male,Philadelphia,2023-07-07,733.47
2681,Jack,57,Female,Nice,2023-07-07,110.84
2682,Sophie,41,Female,Marseille,2023-07-07,207.07
2683,Jack,28,Female,Marseille,2023-07-08,215.33
2684,Diana,21,Male,Houston,2023-07-08,805.83
2685,Sam,30,Male,San Antonio,2023-07-09,572.8
2686,Chloé,32,Female,San Antonio,2023-07-09,53.25
2687,Noah,45,Male,Dallas,2023-07-09,140.65
2688,Hugo,59,Female,Houston,2023-07-09,158.08
2689,Eva,49,Female,Lyon,2023-07-09,245.85
2690,Quinn,27,Male,Marseille,2023-07-09,246.59
2691,Jack,60,Male,Dallas,2023-07-10,165.13
2692,Grace,56,Male,San Antonio,2023-07-10,189.68
2693,Grace,51,Male,Marseille,2023-07-10,279.11
2694,Charlie,59,Female,Philadelphia,2023-07-11,162.72
2695,Olivia,25,Male,Chicago,2023-07-11,557.8
2696,Grace,26,Female,Philadelphia,2023-07-11,597.78
2697,Isabel,38,Female,Marseille,2023-07-11,465.46
2698,Rachel,21,Female,San Antonio,2023-07-11,942.69
2699,Grace,27,Male,Phoenix,2023-07-11,21.18
2700,Eva,35,Female,Nice,2023-07-11,165.51
2701,Frank,38,Male,Marseille,2023-07-11,620.71
2702,Emma,37,Female,Toulouse,2023-07-11,776.14
2703,Frank,54,Female,New York,2023-07-12,382.77
2704,Léa,62,Male,Nice,2023-07-12,390.85
2705,Frank,19,Female,Chicago,2023-07-12,1199.76
2706,Quinn,39,Male,San Jose,2023-07-13,575.64
2707,Jack,31,Male,San Jose,2023-07-13,321.28
2708,Jack,54,Female,Philadelphia,2023-07-13,317.36
2709,Diana,55,Male,Dallas,2023-07-13,52.85
2710,Alice,40,Male,Paris,2023-07-13,132.53
2711,Olivia,39,Male,San Jose,2023-07-13,669.58
2712,Chloé,44,Female,Philadelphia,2023-07-13,377.25
2713,Grace,58,Male,Bordeaux,2023-07-14,179.8
2714,Olivia,39,Male,Chicago,2023-07-14,1132.12
2715,Liam,22,Male,San Antonio,2023-07-14,208.15
2716,Jack,46,Male,Toulouse,2023-07-14,680.71
2717,Emma,20,Male,San Diego,2023-07-15,21.04
2718,Antoine,34,Male,Bordeaux,2023-07-15,331.7
2719,Henry,25,Male,Paris,2023-07-15,172.72
2720,Chloé,39,Male,San Diego,2023-07-15,179.94
2721,Bob,45,Female,New York,2023-07-16,651.14
2722,Lucas,29,Male,San Antonio,2023-07-17,269.12
2723,Mia,23,Male,New York,2023-07-17,439.78
2724,Diana,63,Male,Lyon,2023-07-17,25.22
2725,Mia,42,Male,Phoenix,2023-07-17,532.58
2726,Liam,37,Female,Lyon,2023-07-17,549.89
2727,Grace,57,Female,Lyon,2023-07-17,341.69
2728,Manon,26,Female,Lyon,2023-07-18,542.96
2729,Tina,28,Male,San Antonio,2023-07-18,854.58
2730,Léa,56,Female,Phoenix,2023-07-18,155.89
2731,Liam,24,Male,San Antonio,2023-07-19,342.85
2732,Paul,20,Male,New York,2023-07-20,1683.75
2733,Gabriel,27,Female,Chicago,2023-07-20,185.59
2734,Rachel,65,Female,New York,2023-07-20,420.2
2735,Diana,52,Female,San Jose,2023-07-20,279.52
2736,Liam,29,Male,Bordeaux,2023-07-20,416.34
2737,Bob,20,Male,Lille,2023-07-20,1379.29
2738,Diana,42,Female,San Diego,2023-07-21,653.96
2739,Tina,64,Male,Paris,2023-07-21,568.79
2740,Paul,21,Female,San Antonio,2023-07-21,1427.84
2741,Sophie,47,Female,Chicago,2023-07-21,452.16
2742,Noah,54,Female,San Jose,2023-07-21,310.27
2743,Noah,33,Male,Lille,2023-07-22,184.19
2744,Léa,59,Female,Dallas,2023-07-22,92.66
2745,Sam,18,Male,Chicago,2023-07-22,378.12
2746,Eva,54,Female,San Antonio,2023-07-22,54.16
2747,Eva,53,Female,New York,2023-07-22,670.39
2748,Sam,38,Male,Lille,2023-07-23,692.41
2749,Noah,50,Female,Lille,2023-07-24,115.49
2750,Quinn,50,Male,Chicago,2023-07-24,314.41
2751,Paul,38,Male,Bordeaux,2023-07-24,127.42
2752,Tina,34,Female,Lille,2023-07-25,245.69
2753,Kate,27,Male,San Diego,2023-07-25,145.72
2754,Quinn,30,Female,Bordeaux,2023-07-25,1164.3
2755,Henry,42,Male,Paris,2023-07-25,187.3
2756,Sophie,64,Female,Phoenix,2023-07-25,25.07
2757,Léa,63,Female,Bordeaux,2023-07-26,338.8
2758,Liam,61,Female,Toulouse,2023-07-26,236.38
2759,Louis,30,Male,San Antonio,2023-07-26,638.44
2760,Louis,19,Female,Paris,2023-07-27,381.35
2761,Bob,63,Male,Los Angeles,2023-07-27,425.45
2762,Rachel,48,Male,Philadelphia,2023-07-27,75.56
2763,Mia,61,Female,Nantes,2023-07-27,87.73
2764,Chloé,38,Female,Paris,2023-07-27,1610.25
2765,Sophie,19,Female,Lyon,2023-07-28,778.89
2766,Gabriel,53,Male,San Jose,2023-07-28,398.44
2767,Noah,31,Male,Houston,2023-07-29,23.89
2768,Emma,53,Female,Phoenix,2023-07-29,764.35
2769,Louis,61,Male,San Jose,2023-07-29,747.56
2770,Quinn,19,Female,Lyon,2023-07-29,381.53
2771,Hugo,24,Female,Lille,2023-07-29,622.41
2772,Sam,44,Female,New York,2023-07-29,886.75
2773,Gabriel,50,Male,Marseille,2023-07-30,1390.95
2774,Diana,34,Female,Paris,2023-07-30,861.38
2775,Mia,32,Male,Los Angeles,2023-07-30,400.68
2776,Jack,29,Male,Bordeaux,2023-07-31,145.59
2777,Sam,46,Male,Houston,2023-07-31,203.53
2778,Isabel,45,Female,Paris,2023-07-31,974.35
2779,Manon,44,Female,Lille,2023-08-01,1163.03
2780,Chloé,36,Male,Bordeaux,2023-08-01,130.55
2781,Jack,43,Male,Lille,2023-08-01,51.99
2782,Sophie,41,Female,Nantes,2023-08-01,123.83
2783,Bob,40,Female,Lille,2023-08-02,46.41
2784,Hugo,52,Male,Toulouse,2023-08-02,436.48
2785,Bob,22,Female,Philadelphia,2023-08-02,1099.14
2786,Léa,29,Female,Lille,2023-08-02,278.29
2787,Jack,33,Female,Los Angeles,2023-08-03,31.21
2788,Emma,19,Female,New York,2023-08-03,218.84
2789,Eva,23,Male,Lyon,2023-08-03,110.05
2790,Charlie,40,Male,Los Angeles,2023-08-04,434.09
2791,Rachel,38,Female,Dallas,2023-08-04,783.34
2792,Bob,27,Male,Houston,2023-08-04,335.47
2793,Liam,63,Female,Marseille,2023-08-04,164.82
2794,Léa,20,Female,Dallas,2023-08-04,76.71
2795,Mia,56,Male,Lyon,2023-08-05,43.09
2796,Bob,37,Female,Toulouse,2023-08-05,401.95
2797,Noah,46,Male,San Jose,2023-08-05,454.72
2798,Tina,39,Male,Chicago,2023-08-05,28.28
2799,Kate,51,Male,Bordeaux,2023-08-05,242.47
2800,Sam,20,Female,Nantes,2023-08-06,75.3
2801,Kate,47,Female,Lyon,2023-08-06,158.89
2802,Kate,43,Female,San Antonio,2023-08-06,433.77
2803,Isabel,37,Female,Paris,2023-08-06,253.97
2804,Isabel,56,Male,Bordeaux,2023-08-06,636.84
2805,Rachel,33,Female,Lille,2023-08-07,905.96
2806,Eva,18,Female,Los Angeles,2023-08-07,170.95
2807,Quinn,38,Male,Los Angeles,2023-08-08,97.95
2808,Olivia,26,Male,Toulouse,2023-08-08,104.07
2809,Rachel,59,Male,Los Angeles,2023-08-08,543.79
2810,Grace,51,Female,San Antonio,2023-08-08,854.18
2811,Louis,58,Female,New York,2023-08-09,114.18
2812,Chloé,63,Female,Marseille,2023-08-09,99.91
2813,Gabriel,18,Male,Houston,2023-08-10,184.67
2814,Bob,44,Male,San Antonio,2023-08-11,366.49
2815,Léa,59,Male,Lille,2023-08-11,66.54
2816,Alice,62,Female,Los Angeles,2023-08-12,49.12
2817,Hugo,33,Female,Bordeaux,2023-08-12,149.87
2818,Mia,44,Female,San Jose,2023-08-12,1658.11
2819,Sam,46,Female,San Jose,2023-08-13,207.46
2820,Quinn,44,Male,San Jose,2023-08-13,911.14
2821,Grace,64,Female,Phoenix,2023-08-13,428.34
2822,Tina,18,Female,Toulouse,2023-08-14,443.35
2823,Henry,18,Male,Houston,2023-08-14,128.28
2824,Lucas,64,Female,Toulouse,2023-08-14,259.01
2825,Lucas,57,Male,New York,2023-08-14,150.01
2826,Grace,61,Male,Phoenix,2023-08-15,671.19
2827,Charlie,18,Female,Chicago,2023-08-15,883.2
2828,Léa,54,Female,San Antonio,2023-08-15,222.37
2829,Hugo,40,Female,Chicago,2023-08-15,475.2
2830,Hugo,48,Female,San Jose,2023-08-15,274.92
2831,Charlie,46,Female,Los Angeles,2023-08-15,27.07
2832,Hugo,22,Female,San Jose,2023-08-15,454.6
2833,Noah,41,Male,Dallas,2023-08-15,329.41
2834,Kate,26,Female,Philadelphia,2023-08-16,27.84
2835,Jack,30,Male,San Jose,2023-08-16,36.27
2836,Sophie,32,Female,San Diego,2023-08-17,213.96
2837,Mia,24,Male,Nantes,2023-08-18,1793.41
2838,Paul,30,Female,Philadelphia,2023-08-18,155.75
2839,Olivia,50,Female,Bordeaux,2023-08-18,551.2
2840,Louis,21,Female,Toulouse,2023-08-18,113.84
2841,Alice,59,Male,San Antonio,2023-08-19,103.82
2842,Sam,18,Male,Lille,2023-08-19,31.47
2843,Henry,38,Female,Los Angeles,2023-08-19,125.09
2844,Noah,32,Female,San Diego,2023-08-19,73.23
2845,Henry,21,Male,San Antonio,2023-08-20,294.7
2846,Louis,46,Female,Chicago,2023-08-20,140.34
2847,Emma,20,Female,Bordeaux,2023-08-20,66.04
2848,Diana,29,Male,Dallas,2023-08-21,411.19
2849,Quinn,56,Female,Marseille,2023-08-21,207.23
2850,Sam,41,Male,New York,2023-08-21,143.01
2851,Noah,59,Male,San Diego,2023-08-21,396.05
2852,Antoine,65,Female,Lille,2023-08-22,239.74
2853,Olivia,46,Female,San Antonio,2023-08-23,464.73
2854,Isabel,38,Female,Dallas,2023-08-23,81.54
2855,Jack,39,Male,Toulouse,2023-08-23,106.85
2856,Sophie,21,Female,Lille,2023-08-23,872.87
2857,Charlie,37,Male,Phoenix,2023-08-23,59.11
2858,Mia,43,Female,Nice,2023-08-23,798.45
2859,Bob,49,Male,Toulouse,2023-08-24,426.31
2860,Liam,60,Female,Toulouse,2023-08-24,371.44
2861,Bob,48,Female,Philadelphia,2023-08-24,364.57
2862,Quinn,30,Male,Bordeaux,2023-08-24,320.11
2863,Hugo,45,Male,Toulouse,2023-08-25,904.07
2864,Léa,33,Female,San Diego,2023-08-25,1195.63
2865,Rachel,38,Female,Paris,2023-08-26,255.41
2866,Chloé,64,Female,Phoenix,2023-08-26,368.37
2867,Rachel,48,Female,Nantes,2023-08-26,225.44
2868,Isabel,27,Male,Nice,2023-08-26,792.99
2869,Liam,43,Female,New York,2023-08-26,95.49
2870,Quinn,50,Female,Bordeaux,2023-08-27,533.88
2871,Kate,44,Male,Toulouse,2023-08-27,177.7
2872,Sam,64,Female,San Jose,2023-08-27,155.97
2873,Antoine,48,Female,Lyon,2023-08-30,27.42
2874,Liam,36,Male,Los Angeles,2023-08-30,519.47
2875,Alice,48,Female,Los Angeles,2023-08-30,239.65
2876,Grace,63,Female,Nantes,2023-08-30,73.04
2877,Noah,53,Female,Chicago,2023-08-30,99.09
2878,Diana,28,Male,Phoenix,2023-08-30,267.76
2879,Tina,58,Male,Bordeaux,2023-08-30,1058.49
2880,Tina,64,Male,San Diego,2023-08-31,220.66
2881,Diana,43,Male,Toulouse,2023-08-31,35.58
2882,Olivia,42,Female,San Diego,2023-09-01,548.57
2883,Sophie,40,Male,Marseille,2023-09-01,232.75
2884,Quinn,25,Female,Nantes,2023-09-02,264.84
2885,Paul,18,Male,Nantes,2023-09-02,826.24
2886,Paul,32,Female,Toulouse,2023-09-02,655.52
2887,Emma,40,Male,Marseille,2023-09-02,572.9
2888,Antoine,38,Female,New York,2023-09-02,1684.62
2889,Liam,34,Female,Bordeaux,2023-09-03,28.8
2890,Mia,56,Male,Phoenix,2023-09-03,394.03
2891,Louis,54,Male,San Jose,2023-09-03,1329.35
2892,Quinn,53,Female,Marseille,2023-09-04,27.38
2893,Quinn,44,Female,Lille,2023-09-04,506.7
2894,Louis,60,Male,Paris,2023-09-04,197.83
2895,Mia,55,Male,Chicago,2023-09-04,70.85
2896,Hugo,25,Female,Nice,2023-09-04,182.45
2897,Olivia,64,Male,San Diego,2023-09-05,506.68
2898,Sam,55,Female,Chicago,2023-09-05,578.38
2899,Olivia,36,Female,Bordeaux,2023-09-06,489.09
2900,Eva,62,Female,San Diego,2023-09-06,51.34
2901,Louis,26,Male,Bordeaux,2023-09-07,48.69
2902,Tina,34,Female,Lyon,2023-09-07,383.13
2903,Olivia,56,Female,Nice,2023-09-07,620.26
2904,Frank,65,Male,Los Angeles,2023-09-07,1044.55
2905,Olivia,57,Male,Los Angeles,2023-09-07,20.94
2906,Louis,33,Male,Nice,2023-09-08,308.9
2907,Tina,19,Male,New York,2023-09-08,859.78
2908,Quinn,58,Female,Nantes,2023-09-08,96.49
2909,Quinn,20,Female,Lyon,2023-09-09,617.05
2910,Lucas,27,Male,Marseille,2023-09-10,21.53
2911,Antoine,20,Male,Phoenix,2023-09-10,66.21
2912,Tina,29,Male,Houston,2023-09-10,415.58
2913,Gabriel,34,Male,Toulouse,2023-09-10,292.59
2914,Jack,36,Female,Dallas,2023-09-11,567.16
2915,Sam,40,Male,Dallas,2023-09-11,41.81
2916,Isabel,59,Female,Lyon,2023-09-11,450.56
2917,Hugo,26,Male,Bordeaux,2023-09-11,532.96
2918,Hugo,29,Male,Nice,2023-09-11,999.31
2919,Kate,64,Female,Dallas,2023-09-11,212.19
2920,Liam,31,Female,Paris,2023-09-13,410.62
2921,Rachel,34,Male,Nice,2023-09-13,637.44
2922,Mia,52,Male,Nantes,2023-09-13,301.44
2923,Sophie,45,Male,Marseille,2023-09-14,419.19
2924,Léa,38,Female,Marseille,2023-09-15,280.43
2925,Henry,32,Female,Lyon,2023-09-15,59.65
2926,Quinn,35,Male,Chicago,2023-09-15,1320.08
2927,Liam,30,Female,Lyon,2023-09-16,264.66
2928,Liam,64,Male,Lille,2023-09-16,358.97
2929,Sam,42,Female,New York,2023-09-16,263.07
2930,Hugo,25,Male,Lyon,2023-09-17,1007.13
2931,Lucas,29,Male,Philadelphia,2023-09-17,215.88
2932,Tina,39,Male,Bordeaux,2023-09-18,477.52
2933,Charlie,57,Male,Lille,2023-09-18,523.46
2934,Grace,62,Male,Los Angeles,2023-09-18,475.42
2935,Lucas,40,Female,Houston,2023-09-18,397.7
2936,Sophie,44,Female,Dallas,2023-09-18,520.27
2937,Jack,20,Female,Lille,2023-09-19,216.2
2938,Rachel,34,Male,New York,2023-09-19,110.33
2939,Lucas,26,Male,New York,2023-09-19,208.15
2940,Hugo,62,Male,Phoenix,2023-09-19,354.19
2941,Diana,57,Male,Phoenix,2023-09-19,42.66
2942,Antoine,24,Male,Bordeaux,2023-09-20,208.1
2943,Bob,27,Female,Nantes,2023-09-20,442.89
2944,Tina,23,Female,Lyon,2023-09-20,270.46
2945,Bob,32,Female,Nantes,2023-09-21,164.02
2946,Louis,39,Male,San Diego,2023-09-21,135.9
2947,Noah,51,Male,Paris,2023-09-22,204.79
2948,Grace,59,Male,Phoenix,2023-09-22,333.35
2949,Mia,48,Female,New York,2023-09-22,219.39
2950,Bob,27,Male,Marseille,2023-09-23,216.1
2951,Chloé,61,Male,Marseille,2023-09-23,192.08
2952,Emma,41,Female,Philadelphia,2023-09-23,152.05
2953,Tina,30,Female,Philadelphia,2023-09-24,793.6
2954,Louis,32,Female,Lyon,2023-09-24,268.54
2955,Tina,63,Male,Dallas,2023-09-24,303.19
2956,Léa,25,Male,Nantes,2023-09-25,1169.88
2957,Tina,41,Female,Nantes,2023-09-25,1435.32
2958,Charlie,62,Female,San Diego,2023-09-25,682.04
2959,Tina,20,Female,New York,2023-09-25,202.31
2960,Eva,64,Male,Los Angeles,2023-09-25,140.79
2961,Hugo,54,Female,Houston,2023-09-26,379.88
2962,Louis,42,Female,Nice,2023-09-26,225.87
2963,Diana,45,Female,Paris,2023-09-27,110.21
2964,Paul,58,Male,Chicago,2023-09-27,250.15
2965,Jack,62,Female,Nice,2023-09-27,334.28
2966,Olivia,30,Male,Phoenix,2023-09-27,709.02
2967,Rachel,57,Female,San Jose,2023-09-27,312.9
2968,Eva,53,Male,San Antonio,2023-09-27,538.21
2969,Manon,46,Male,San Diego,2023-09-28,81.25
2970,Mia,62,Female,Dallas,2023-09-28,558.29
2971,Léa,47,Male,Nice,2023-09-29,59.43
2972,Grace,53,Male,San Antonio,2023-09-29,419.49
2973,Tina,47,Female,Nantes,2023-09-29,69.16
2974,Olivia,53,Male,Lyon,2023-09-29,142.95
2975,Sophie,39,Female,San Jose,2023-09-30,684.83
2976,Sophie,61,Male,San Jose,2023-09-30,578.45
2977,Eva,39,Female,Bordeaux,2023-09-30,254.27
2978,Tina,18,Male,Philadelphia,2023-09-30,239.26
2979,Sophie,39,Male,Bordeaux,2023-09-30,822.39
2980,Alice,31,Male,Nantes,2023-09-30,149.39
2981,Liam,31,Female,New York,2023-10-01,157.46
2982,Mia,39,Female,Paris,2023-10-01,113.48
2983,Tina,61,Female,Bordeaux,2023-10-01,101.93
2984,Paul,33,Female,Bordeaux,2023-10-01,1501.67
2985,Charlie,58,Female,Marseille,2023-10-02,218.29
2986,Isabel,58,Female,San Jose,2023-10-02,167.5
2987,Sophie,45,Female,Dallas,2023-10-03,268.73
2988,Mia,31,Female,Chicago,2023-10-03,102.26
2989,Liam,50,Male,Nice,2023-10-03,44.33
2990,Quinn,62,Male,San Jose,2023-10-03,3247.06
2991,Bob,50,Male,Lille,2023-10-04,900.95
2992,Henry,23,Male,Lille,2023-10-04,155.56
2993,Grace,25,Female,Bordeaux,2023-10-04,185.84
2994,Léa,36,Male,Nice,2023-10-04,536.48
2995,Quinn,59,Female,Bordeaux,2023-10-04,773.49
2996,Hugo,39,Female,San Antonio,2023-10-04,1079.47
2997,Grace,25,Male,San Antonio,2023-10-04,616.1
2998,Eva,40,Male,Phoenix,2023-10-04,508.08
2999,Sophie,46,Male,Chicago,2023-10-04,968.23
3000,Gabriel,18,Female,Paris,2023-10-05,1483.92
3001,Chloé,26,Male,Marseille,2023-10-05,51.3
3002,Frank,45,Male,Lyon,2023-10-05,334.44
3003,Manon,28,Male,Phoenix,2023-10-05,338.34
3004,Charlie,21,Female,Phoenix,2023-10-06,260.76
3005,Gabriel,28,Male,New York,2023-10-06,412.19
3006,Sam,45,Female,Nantes,2023-10-06,33.37
3007,Louis,52,Male,Nantes,2023-10-07,1318.04
3008,Léa,62,Female,San Antonio,2023-10-07,689.0
3009,Lucas,53,Male,Toulouse,2023-10-08,906.97
3010,Kate,65,Female,Philadelphia,2023-10-08,625.96
3011,Liam,48,Female,San Jose,2023-10-09,124.36
3012,Manon,60,Male,Bordeaux,2023-10-09,351.81
3013,Olivia,41,Male,Nice,2023-10-10,134.35
3014,Jack,46,Male,Philadelphia,2023-10-10,78.92
3015,Liam,65,Female,Chicago,2023-10-10,80.32
3016,Jack,23,Male,San Jose,2023-10-10,402.41
3017,Noah,30,Male,Lyon,2023-10-10,99.14
3018,Charlie,57,Female,Chicago,2023-10-11,164.31
3019,Sophie,51,Female,Marseille,2023-10-11,818.8
3020,Paul,41,Male,Chicago,2023-10-11,222.96
3021,Jack,51,Male,San Jose,2023-10-12,268.06
3022,Rachel,42,Male,Chicago,2023-10-12,242.74
3023,Rachel,22,Male,Dallas,2023-10-12,649.78
3024,Tina,56,Male,Houston,2023-10-12,43.42
3025,Mia,20,Female,New York,2023-10-13,112.7
3026,Lucas,44,Female,Nantes,2023-10-13,275.72
3027,Manon,42,Male,Bordeaux,2023-10-13,337.94
3028,Manon,47,Female,San Jose,2023-10-14,547.65
3029,Liam,55,Female,Houston,2023-10-14,1053.86
3030,Alice,47,Female,Lille,2023-10-14,773.61
3031,Antoine,48,Female,Phoenix,2023-10-14,151.73
3032,Gabriel,20,Male,Houston,2023-10-14,113.9
3033,Frank,33,Male,Paris,2023-10-15,465.2
3034,Sophie,24,Male,San Jose,2023-10-15,289.88
3035,Gabriel,62,Female,Bordeaux,2023-10-15,138.01
3036,Isabel,41,Female,Marseille,2023-10-16,210.07
3037,Gabriel,40,Male,New York,2023-10-16,413.1
3038,Emma,28,Female,San Jose,2023-10-16,883.02
3039,Antoine,26,Male,Bordeaux,2023-10-16,72.54
3040,Antoine,22,Male,Houston,2023-10-16,222.0
3041,Bob,56,Male,Los Angeles,2023-10-16,26.72
3042,Eva,61,Male,Marseille,2023-10-17,145.88
3043,Sam,36,Male,Nantes,2023-10-18,164.67
3044,Quinn,44,Male,Dallas,2023-10-18,661.19
3045,Paul,65,Female,Houston,2023-10-19,1054.07
3046,Sam,35,Female,Nantes,2023-10-20,628.25
3047,Noah,35,Male,Lyon,2023-10-20,875.87
3048,Lucas,18,Male,San Jose,2023-10-20,141.86
3049,Chloé,60,Male,Paris,2023-10-21,42.55
3050,Hugo,44,Female,Phoenix,2023-10-21,40.97
3051,Eva,32,Male,Marseille,2023-10-21,297.62
3052,Bob,48,Female,San Jose,2023-10-22,1216.1
3053,Olivia,51,Female,Paris,2023-10-22,228.19
3054,Paul,55,Female,Marseille,2023-10-22,199.73
3055,Sophie,27,Male,San Diego,2023-10-22,367.1
3056,Diana,32,Male,Nice,2023-10-22,202.87
3057,Quinn,45,Male,Phoenix,2023-10-23,137.26
3058,Léa,33,Female,Houston,2023-10-23,1383.45
3059,Gabriel,56,Male,San Diego,2023-10-23,26.23
3060,Sam,65,Male,Nantes,2023-10-23,935.33
3061,Diana,65,Female,Nice,2023-10-23,189.96
3062,Eva,20,Female,Lyon,2023-10-23,183.94
3063,Rachel,56,Male,Houston,2023-10-25,51.78
3064,Léa,38,Male,Bordeaux,2023-10-26,285.28
3065,Grace,25,Male,Toulouse,2023-10-26,328.75
3066,Charlie,18,Female,Houston,2023-10-27,214.22
3067,Eva,45,Female,Marseille,2023-10-27,345.46
3068,Rachel,37,Female,San Jose,2023-10-28,364.89
3069,Louis,46,Female,Marseille,2023-10-28,232.63
3070,Diana,26,Female,Marseille,2023-10-29,440.17
3071,Mia,23,Male,Lyon,2023-10-29,1090.67
3072,Eva,59,Male,San Antonio,2023-10-29,219.99
3073,Olivia,46,Male,San Jose,2023-10-29,165.9
3074,Frank,59,Male,Philadelphia,2023-10-29,415.13
3075,Chloé,19,Male,San Jose,2023-10-29,55.15
3076,Lucas,43,Male,Houston,2023-10-30,875.08
3077,Jack,20,Female,Lyon,2023-10-30,316.14
3078,Sophie,38,Female,San Diego,2023-10-30,165.2
3079,Bob,25,Female,Lyon,2023-10-30,70.04
3080,Grace,63,Male,Phoenix,2023-10-31,195.03
3081,Tina,33,Female,Los Angeles,2023-11-01,567.05
3082,Jack,40,Female,Lille,2023-11-01,66.42
3083,Rachel,50,Female,San Jose,2023-11-01,619.99
3084,Eva,19,Male,Dallas,2023-11-01,857.98
3085,Liam,27,Female,Chicago,2023-11-01,636.76
3086,Alice,52,Male,Marseille,2023-11-01,645.35
3087,Léa,24,Female,Philadelphia,2023-11-02,1438.15
3088,Chloé,22,Female,Philadelphia,2023-11-02,190.99
3089,Sophie,58,Female,New York,2023-11-03,305.84
3090,Gabriel,62,Male,San Jose,2023-11-03,502.18
3091,Lucas,29,Female,Los Angeles,2023-11-03,851.1
3092,Quinn,53,Male,Bordeaux,2023-11-03,236.12
3093,Jack,41,Male,Nantes,2023-11-04,40.06
3094,Lucas,28,Male,Toulouse,2023-11-04,134.36
3095,Henry,32,Female,Houston,2023-11-04,169.72
3096,Emma,56,Male,Nantes,2023-11-04,731.6
3097,Frank,27,Female,Philadelphia,2023-11-04,548.94
3098,Grace,42,Female,Nantes,2023-11-05,353.76
3099,Frank,40,Female,Houston,2023-11-06,72.35
3100,Rachel,23,Male,San Jose,2023-11-06,331.83
3101,Louis,58,Male,Toulouse,2023-11-07,374.06
3102,Manon,63,Female,Houston,2023-11-07,849.11
3103,Grace,40,Female,Houston,2023-11-07,845.31
3104,Liam,32,Female,Paris,2023-11-07,747.72
3105,Mia,64,Female,Lille,2023-11-07,202.64
3106,Lucas,25,Male,Philadelphia,2023-11-07,117.61
3107,Liam,60,Female,Bordeaux,2023-11-08,54.35
3108,Jack,35,Male,New York,2023-11-08,738.81
3109,Noah,34,Female,Bordeaux,2023-11-08,114.6
3110,Chloé,29,Male,Phoenix,2023-11-09,845.88
3111,Paul,38,Female,Lyon,2023-11-09,91.25
3112,Lucas,31,Female,Paris,2023-11-09,1487.67
3113,Gabriel,53,Male,Toulouse,2023-11-09,79.59
3114,Hugo,48,Male,Houston,2023-11-09,142.45
3115,Diana,39,Female,Lille,2023-11-10,461.81
3116,Mia,52,Female,Bordeaux,2023-11-10,41.98
3117,Rachel,33,Male,Toulouse,2023-11-10,927.32
3118,Olivia,24,Male,Philadelphia,2023-11-10,433.44
3119,Louis,36,Male,Nantes,2023-11-10,917.3
3120,Emma,28,Male,Philadelphia,2023-11-11,281.19
3121,Sophie,40,Male,San Diego,2023-11-11,220.2
3122,Olivia,22,Male,Houston,2023-11-11,114.11
3123,Sam,56,Female,Marseille,2023-11-12,380.26
3124,Diana,46,Female,Paris,2023-11-13,962.4
3125,Liam,61,Female,Paris,2023-11-13,223.24
3126,Noah,20,Male,Philadelphia,2023-11-14,137.96
3127,Alice,30,Male,Lille,2023-11-14,138.1
3128,Bob,38,Female,San Antonio,2023-11-14,111.64
3129,Lucas,48,Female,New York,2023-11-14,1210.28
3130,Olivia,34,Male,Lille,2023-11-14,138.96
3131,Léa,29,Male,Toulouse,2023-11-14,292.8
3132,Grace,18,Female,Marseille,2023-11-15,72.31
3133,Alice,40,Male,Los Angeles,2023-11-16,280.47
3134,Léa,61,Male,Philadelphia,2023-11-16,350.3
3135,Charlie,34,Female,New York,2023-11-16,189.76
3136,Sophie,56,Female,San Antonio,2023-11-17,108.61
3137,Olivia,28,Female,Phoenix,2023-11-17,111.67
3138,Lucas,27,Male,Nantes,2023-11-17,338.27
3139,Olivia,62,Female,Philadelphia,2023-11-17,2562.29
3140,Eva,65,Female,Lille,2023-11-18,175.71
3141,Gabriel,44,Female,Nice,2023-11-18,769.23
3142,Rachel,40,Female,San Diego,2023-11-18,395.32
3143,Léa,21,Female,Los Angeles,2023-11-19,43.61
3144,Noah,36,Female,Los Angeles,2023-11-20,260.81
3145,Eva,30,Female,San Antonio,2023-11-20,60.05
3146,Frank,52,Male,San Diego,2023-11-20,958.52
3147,Quinn,30,Male,Paris,2023-11-20,1032.38
3148,Jack,58,Male,Phoenix,2023-11-21,65.83
3149,Henry,22,Female,San Diego,2023-11-21,33.69
3150,Liam,40,Female,New York,2023-11-22,430.95
3151,Alice,55,Female,Lyon,2023-11-22,198.37
3152,Manon,65,Female,San Antonio,2023-11-23,111.56
3153,Quinn,51,Male,Nice,2023-11-23,146.51
3154,Tina,51,Female,Lyon,2023-11-23,30.71
3155,Noah,55,Male,Toulouse,2023-11-23,391.19
3156,Emma,19,Male,Lyon,2023-11-24,188.57
3157,Léa,53,Male,Lyon,2023-11-24,354.32
3158,Kate,19,Female,San Jose,2023-11-24,71.4
3159,Mia,61,Male,Phoenix,2023-11-24,436.33
3160,Grace,60,Male,Lille,2023-11-25,611.05
3161,Manon,51,Male,Marseille,2023-11-25,716.5
3162,Louis,58,Female,Lille,2023-11-25,1049.75
3163,Rachel,64,Female,Phoenix,2023-11-25,54.94
3164,Bob,44,Female,Philadelphia,2023-11-26,655.22
3165,Frank,53,Male,Philadelphia,2023-11-26,61.88
3166,Emma,31,Female,Los Angeles,2023-11-26,297.17
3167,Bob,51,Male,Philadelphia,2023-11-27,54.61
3168,Olivia,51,Male,Chicago,2023-11-27,356.97
3169,Grace,42,Male,New York,2023-11-27,450.82
3170,Liam,50,Male,Philadelphia,2023-11-27,950.4
3171,Henry,49,Male,Philadelphia,2023-11-27,198.67
3172,Quinn,18,Female,Phoenix,2023-11-27,114.4
3173,Hugo,37,Female,Nantes,2023-11-28,102.54
3174,Diana,50,Male,Philadelphia,2023-11-28,571.67
3175,Rachel,49,Male,Nantes,2023-11-29,535.75
3176,Chloé,32,Male,Houston,2023-11-29,159.4
3177,Tina,61,Male,Dallas,2023-11-30,69.23
3178,Lucas,36,Male,San Jose,2023-11-30,108.2
3179,Manon,46,Female,Houston,2023-11-30,432.3
3180,Rachel,31,Male,Bordeaux,2023-11-30,50.07
3181,Rachel,19,Female,Marseille,2023-12-01,120.39
3182,Léa,55,Female,Los Angeles,2023-12-01,100.8
3183,Grace,38,Male,Chicago,2023-12-01,1576.52
3184,Rachel,35,Female,Nice,2023-12-01,33.66
3185,Charlie,48,Female,Houston,2023-12-02,679.24
3186,Alice,42,Male,Nice,2023-12-02,591.96
3187,Frank,43,Female,Marseille,2023-12-02,646.14
3188,Isabel,40,Female,Paris,2023-12-02,71.31
3189,Bob,42,Female,Los Angeles,2023-12-02,553.22
3190,Frank,56,Female,Houston,2023-12-02,542.72
3191,Chloé,35,Female,San Antonio,2023-12-03,472.13
3192,Kate,38,Male,Nice,2023-12-03,391.38
3193,Kate,34,Male,Bordeaux,2023-12-03,394.45
3194,Sophie,20,Male,Paris,2023-12-03,27.13
3195,Quinn,48,Female,San Jose,2023-12-04,582.93
3196,Paul,62,Male,Nantes,2023-12-04,202.07
3197,Quinn,23,Female,Lyon,2023-12-04,122.74
3198,Bob,29,Male,Houston,2023-12-04,831.71
3199,Diana,57,Male,Philadelphia,2023-12-04,66.68
3200,Henry,26,Male,Chicago,2023-12-04,107.13
3201,Manon,31,Male,Lyon,2023-12-04,97.2
3202,Léa,23,Male,San Antonio,2023-12-04,367.25
3203,Lucas,57,Male,New York,2023-12-05,418.57
3204,Noah,34,Female,Chicago,2023-12-05,262.39
3205,Henry,52,Male,Toulouse,2023-12-05,507.46
3206,Quinn,23,Male,New York,2023-12-05,792.81
3207,Olivia,44,Female,New York,2023-12-05,260.36
3208,Sam,54,Male,Chicago,2023-12-06,51.37
3209,Grace,43,Male,Lille,2023-12-06,24.59
3210,Hugo,47,Female,Chicago,2023-12-06,1549.82
3211,Noah,48,Male,Lille,2023-12-07,305.36
3212,Kate,38,Female,Bordeaux,2023-12-07,296.39
3213,Sam,41,Male,Nantes,2023-12-07,119.59
3214,Rachel,32,Male,Marseille,2023-12-07,906.71
3215,Chloé,26,Male,San Antonio,2023-12-08,263.54
3216,Charlie,36,Male,Chicago,2023-12-08,287.02
3217,Chloé,35,Female,Philadelphia,2023-12-08,160.3
3218,Quinn,51,Female,Nantes,2023-12-08,180.26
3219,Liam,31,Female,Lyon,2023-12-08,160.74
3220,Paul,56,Female,San Jose,2023-12-08,127.45
3221,Tina,29,Male,Houston,2023-12-09,148.7
3222,Sophie,55,Male,Marseille,2023-12-09,69.31
3223,Chloé,21,Male,San Antonio,2023-12-09,420.02
3224,Sophie,59,Female,Marseille,2023-12-10,294.3
3225,Manon,56,Male,Nice,2023-12-10,313.39
3226,Quinn,36,Female,Marseille,2023-12-11,353.0
3227,Lucas,19,Male,Dallas,2023-12-11,159.98
3228,Liam,24,Male,Paris,2023-12-11,305.98
3229,Isabel,57,Female,Houston,2023-12-11,826.39
3230,Paul,18,Male,Lyon,2023-12-12,278.41
3231,Mia,53,Male,Houston,2023-12-12,809.32
3232,Paul,32,Female,Los Angeles,2023-12-12,578.26
3233,Liam,25,Female,Toulouse,2023-12-13,439.15
3234,Kate,35,Female,Los Angeles,2023-12-13,647.88
3235,Emma,41,Male,Phoenix,2023-12-14,461.25
3236,Sam,26,Female,New York,2023-12-14,815.43
3237,Manon,43,Female,Lille,2023-12-14,943.52
3238,Diana,40,Male,New York,2023-12-14,284.9
3239,Quinn,42,Male,San Diego,2023-12-15,680.92
3240,Noah,43,Male,Marseille,2023-12-15,422.08
3241,Louis,25,Male,Dallas,2023-12-15,247.45
3242,Noah,30,Male,San Jose,2023-12-15,1269.47
3243,Noah,50,Female,Toulouse,2023-12-16,703.37
3244,Kate,54,Female,Toulouse,2023-12-16,969.38
3245,Jack,29,Male,San Diego,2023-12-16,299.47
3246,Rachel,58,Female,Lyon,2023-12-16,502.42
3247,Sam,53,Female,Paris,2023-12-17,326.72
3248,Manon,22,Male,Nantes,2023-12-17,293.96
3249,Frank,28,Female,Nice,2023-12-17,169.73
3250,Louis,51,Male,Nantes,2023-12-19,66.7
3251,Isabel,25,Male,Bordeaux,2023-12-19,327.14
3252,Jack,45,Male,San Antonio,2023-12-19,210.99
3253,Sophie,32,Male,Houston,2023-12-19,29.25
3254,Jack,25,Female,Bordeaux,2023-12-20,263.61
3255,Louis,52,Female,New York,2023-12-20,580.36
3256,Alice,54,Female,San Jose,2023-12-20,388.87
3257,Emma,50,Female,New York,2023-12-22,132.55
3258,Henry,22,Female,Los Angeles,2023-12-22,364.89
3259,Eva,23,Male,Phoenix,2023-12-22,305.87
3260,Manon,35,Female,Houston,2023-12-22,103.02
3261,Frank,31,Male,Chicago,2023-12-22,36.98
3262,Liam,39,Male,Lille,2023-12-23,813.41
3263,Diana,25,Male,Lyon,2023-12-23,207.09
3264,Liam,55,Male,Nice,2023-12-24,1320.36
3265,Louis,52,Male,Toulouse,2023-12-24,503.82
3266,Sam,35,Male,Phoenix,2023-12-25,773.72
3267,Henry,55,Female,Dallas,2023-12-26,285.05
3268,Henry,51,Male,Bordeaux,2023-12-26,104.0
3269,Isabel,47,Female,Lille,2023-12-26,695.56
3270,Manon,56,Female,San Antonio,2023-12-26,1067.02
3271,Lucas,45,Female,San Antonio,2023-12-26,191.32
3272,Rachel,25,Female,Bordeaux,2023-12-26,319.8
3273,Diana,29,Male,Dallas,2023-12-27,658.02
3274,Rachel,46,Male,Houston,2023-12-27,196.32
3275,Liam,30,Female,Los Angeles,2023-12-27,1534.37
3276,Charlie,53,Female,Paris,2023-12-27,241.93
3277,Olivia,22,Female,Marseille,2023-12-28,255.29
3278,Diana,31,Female,San Antonio,2023-12-28,244.14
3279,Olivia,44,Male,Toulouse,2023-12-28,288.6
3280,Sam,63,Male,Marseille,2023-12-28,79.33
3281,Charlie,26,Female,Philadelphia,2023-12-29,41.67
3282,Frank,41,Male,Bordeaux,2023-12-29,374.14
3283,Alice,24,Female,Chicago,2023-12-29,401.02
3284,Léa,21,Female,San Antonio,2023-12-29,400.98
3285,Eva,39,Female,Nice,2023-12-29,226.21
3286,Eva,54,Male,Marseille,2023-12-29,78.97
3287,Paul,62,Male,Houston,2023-12-29,199.22
3288,Kate,52,Male,Dallas,2023-12-30,90.99
3289,Lucas,55,Male,Chicago,2023-12-30,201.31
3290,Diana,19,Male,San Jose,2023-12-30,161.96
3291,Kate,20,Male,Nice,2023-12-30,288.1
3292,Frank,43,Male,Houston,2023-12-31,55.6
3293,Manon,58,Male,Phoenix,2023-12-31,190.75
3294,Paul,18,Male,Chicago,2023-12-31,257.5
3295,Emma,20,Female,Los Angeles,2023-12-31,285.56
3296,Sam,56,Male,Marseille,2023-12-31,55.16
3297,Tina,31,Female,Nice,2023-12-31,59.61
3298,Charlie,47,Male,Paris,2024-01-01,199.85
3299,Frank,60,Male,Los Angeles,2024-01-01,595.43
3300,Alice,22,Male,Paris,2024-01-01,413.55
3301,Paul,31,Female,New York,2024-01-01,548.08
3302,Manon,43,Male,Paris,2024-01-01,623.13
3303,Léa,33,Female,Lille,2024-01-02,287.54
3304,Chloé,21,Female,Chicago,2024-01-02,299.07
3305,Tina,46,Female,Bordeaux,2024-01-02,488.42
3306,Noah,34,Female,San Diego,2024-01-03,72.23
3307,Hugo,29,Male,Toulouse,2024-01-03,481.14
3308,Kate,34,Male,Los Angeles,2024-01-04,473.33
3309,Alice,32,Male,Philadelphia,2024-01-04,133.51
3310,Noah,25,Female,San Jose,2024-01-04,195.61
3311,Quinn,31,Female,Toulouse,2024-01-05,680.83
3312,Sam,30,Male,Bordeaux,2024-01-05,958.72
3313,Alice,46,Male,Houston,2024-01-05,363.89
3314,Isabel,28,Female,Marseille,2024-01-05,194.44
3315,Manon,46,Male,Bordeaux,2024-01-06,238.92
3316,Noah,20,Male,San Diego,2024-01-06,60.4
3317,Léa,21,Female,San Antonio,2024-01-06,634.48
3318,Isabel,25,Female,San Diego,2024-01-07,1235.84
3319,Paul,58,Female,New York,2024-01-08,166.78
3320,Manon,45,Male,New York,2024-01-08,445.83
3321,Isabel,55,Female,Phoenix,2024-01-08,244.18
3322,Mia,28,Female,New York,2024-01-09,191.76
3323,Bob,33,Male,Nice,2024-01-09,1282.51
3324,Hugo,53,Female,San Antonio,2024-01-09,26.2
3325,Charlie,60,Female,Lyon,2024-01-10,2066.71
3326,Hugo,40,Male,New York,2024-01-10,35.18
3327,Sophie,30,Female,Dallas,2024-01-10,275.6
3328,Grace,43,Male,San Antonio,2024-01-10,323.78
3329,Eva,61,Male,Lille,2024-01-10,211.68
3330,Rachel,30,Male,Dallas,2024-01-10,861.53
3331,Grace,27,Female,Philadelphia,2024-01-11,769.01
3332,Eva,59,Female,Lille,2024-01-11,34.83
3333,Louis,38,Female,Phoenix,2024-01-11,411.0
3334,Lucas,63,Female,Philadelphia,2024-01-12,49.63
3335,Sophie,20,Female,San Diego,2024-01-12,177.27
3336,Emma,64,Male,San Jose,2024-01-13,421.64
3337,Bob,32,Female,Marseille,2024-01-13,216.74
3338,Charlie,39,Female,San Jose,2024-01-13,306.27
3339,Antoine,41,Male,Chicago,2024-01-14,224.17
3340,Liam,50,Female,Los Angeles,2024-01-14,768.12
3341,Grace,60,Male,Lyon,2024-01-14,112.39
3342,Henry,40,Female,Paris,2024-01-15,412.53
3343,Mia,21,Female,Houston,2024-01-15,584.86
3344,Charlie,30,Female,Houston,2024-01-15,133.87
3345,Olivia,49,Female,Dallas,2024-01-16,266.71
3346,Lucas,24,Female,New York,2024-01-16,124.88
3347,Noah,33,Male,Nice,2024-01-16,93.57
3348,Antoine,55,Female,Los Angeles,2024-01-16,25.07
3349,Diana,58,Male,Bordeaux,2024-01-17,905.26
3350,Olivia,24,Female,New York,2024-01-17,111.56
3351,Sophie,18,Male,Dallas,2024-01-18,412.84
3352,Mia,20,Female,San Antonio,2024-01-18,774.68
3353,Henry,22,Female,Nice,2024-01-18,1310.75
3354,Louis,54,Male,Nice,2024-01-18,185.05
3355,Kate,33,Female,Bordeaux,2024-01-18,231.57
3356,Diana,33,Male,Philadelphia,2024-01-18,702.6
3357,Hugo,54,Male,Nice,2024-01-19,377.23
3358,Lucas,21,Male,Nantes,2024-01-19,242.48
3359,Liam,32,Male,Los Angeles,2024-01-19,374.98
3360,Gabriel,23,Male,San Antonio,2024-01-19,673.88
3361,Charlie,53,Female,Philadelphia,2024-01-19,541.86
3362,Léa,63,Female,Lyon,2024-01-19,132.65
3363,Manon,53,Male,Toulouse,2024-01-20,335.16
3364,Isabel,28,Female,Phoenix,2024-01-20,2081.76
3365,Tina,28,Female,San Jose,2024-01-20,284.16
3366,Louis,28,Female,Dallas,2024-01-21,476.81
3367,Hugo,25,Female,Nice,2024-01-21,281.11
3368,Quinn,46,Female,Lyon,2024-01-21,131.0
3369,Frank,39,Male,Phoenix,2024-01-21,331.1
3370,Louis,33,Female,Nantes,2024-01-21,169.12
3371,Sophie,53,Male,Houston,2024-01-21,53.93
3372,Léa,33,Male,Bordeaux,2024-01-22,1312.71
3373,Antoine,41,Male,Philadelphia,2024-01-22,385.04
3374,Alice,25,Female,Phoenix,2024-01-22,289.37
3375,Quinn,61,Female,Toulouse,2024-01-22,557.85
3376,Emma,57,Female,Lyon,2024-01-22,233.66
3377,Sophie,18,Female,San Antonio,2024-01-22,165.88
3378,Diana,48,Male,Paris,2024-01-22,959.85
3379,Chloé,21,Female,Phoenix,2024-01-22,92.3
3380,Noah,48,Female,Lyon,2024-01-23,111.99
3381,Manon,20,Female,Philadelphia,2024-01-23,611.54
3382,Quinn,48,Male,Los Angeles,2024-01-23,32.62
3383,Jack,64,Female,Bordeaux,2024-01-24,685.89
3384,Henry,21,Female,Philadelphia,2024-01-24,337.39
3385,Rachel,61,Female,San Antonio,2024-01-25,446.85
3386,Sam,62,Male,Bordeaux,2024-01-25,1617.48
3387,Hugo,27,Female,Houston,2024-01-25,265.4
3388,Isabel,20,Female,Nantes,2024-01-25,511.61
3389,Noah,47,Female,Houston,2024-01-25,2064.1
3390,Gabriel,53,Female,Houston,2024-01-25,269.96
3391,Grace,61,Male,Houston,2024-01-26,89.67
3392,Chloé,54,Male,San Diego,2024-01-26,156.95
3393,Léa,39,Male,New York,2024-01-26,110.81
3394,Rachel,57,Male,New York,2024-01-26,91.69
3395,Charlie,23,Male,Marseille,2024-01-26,108.9
3396,Eva,40,Female,New York,2024-01-27,878.35
3397,Henry,27,Male,Nantes,2024-01-27,86.63
3398,Louis,64,Male,Toulouse,2024-01-28,585.95
3399,Manon,49,Male,Los Angeles,2024-01-28,330.12
3400,Emma,23,Male,Nantes,2024-01-28,179.12
3401,Frank,34,Male,San Antonio,2024-01-28,773.16
3402,Chloé,38,Female,Phoenix,2024-01-28,587.75
3403,Kate,24,Male,Nantes,2024-01-30,158.32
3404,Chloé,23,Male,Houston,2024-01-30,60.82
3405,Gabriel,21,Female,Nantes,2024-01-30,362.72
3406,Manon,48,Male,Phoenix,2024-01-30,1307.44
3407,Grace,26,Male,San Diego,2024-01-30,765.3
3408,Grace,39,Male,San Jose,2024-01-31,918.47
3409,Grace,33,Male,Dallas,2024-01-31,891.54
3410,Sophie,49,Female,Lille,2024-01-31,383.92
3411,Paul,54,Male,San Jose,2024-01-31,193.78
3412,Lucas,64,Male,Lyon,2024-01-31,70.33
3413,Sophie,52,Male,Nantes,2024-02-01,67.12
3414,Frank,47,Male,New York,2024-02-01,404.29
3415,Sam,63,Male,Phoenix,2024-02-01,20.87
3416,Bob,59,Female,Paris,2024-02-01,71.48
3417,Olivia,56,Male,Lyon,2024-02-01,202.88
3418,Noah,60,Female,San Antonio,2024-02-01,873.41
3419,Eva,53,Male,Houston,2024-02-01,1094.33
3420,Mia,64,Female,Bordeaux,2024-02-02,270.96
3421,Gabriel,55,Male,Paris,2024-02-02,407.82
3422,Emma,31,Female,Nice,2024-02-02,102.13
3423,Hugo,63,Male,New York,2024-02-02,47.75
3424,Manon,21,Male,Marseille,2024-02-02,481.03
3425,Grace,58,Female,Nice,2024-02-03,918.7
3426,Tina,27,Female,Bordeaux,2024-02-03,777.18
3427,Charlie,46,Female,San Jose,2024-02-03,194.17
3428,Henry,41,Male,Philadelphia,2024-02-03,233.93
3429,Isabel,27,Female,Los Angeles,2024-02-03,28.38
3430,Rachel,45,Male,Chicago,2024-02-03,314.46
3431,Isabel,26,Female,Bordeaux,2024-02-04,420.07
3432,Quinn,46,Male,San Antonio,2024-02-04,260.07
3433,Lucas,45,Female,Toulouse,2024-02-05,100.28
3434,Lucas,27,Female,San Antonio,2024-02-05,660.36
3435,Lucas,60,Female,Dallas,2024-02-05,156.46
3436,Sam,56,Female,Bordeaux,2024-02-05,309.93
3437,Charlie,19,Female,Marseille,2024-02-05,430.18
3438,Jack,60,Female,Los Angeles,2024-02-05,252.92
3439,Olivia,18,Female,San Jose,2024-02-05,232.56
3440,Charlie,20,Female,Nice,2024-02-05,125.59
3441,Kate,35,Male,Phoenix,2024-02-05,603.34
3442,Mia,55,Female,San Diego,2024-02-06,177.17
3443,Diana,56,Female,Houston,2024-02-06,45.65
3444,Quinn,30,Male,Philadelphia,2024-02-06,534.57
3445,Lucas,55,Female,Lyon,2024-02-07,287.84
3446,Isabel,42,Male,Chicago,2024-02-07,48.79
3447,Kate,34,Male,Chicago,2024-02-07,95.08
3448,Antoine,20,Female,New York,2024-02-08,267.92
3449,Paul,32,Female,Phoenix,2024-02-08,348.24
3450,Rachel,23,Male,Dallas,2024-02-08,203.1
3451,Lucas,62,Female,Lille,2024-02-08,235.65
3452,Emma,48,Male,Lille,2024-02-08,78.89
3453,Sam,40,Male,New York,2024-02-09,116.23
3454,Eva,18,Male,Nice,2024-02-09,81.77
3455,Henry,30,Male,San Antonio,2024-02-09,131.74
3456,Jack,46,Male,Dallas,2024-02-09,215.0
3457,Sam,24,Female,Marseille,2024-02-09,142.8
3458,Eva,18,Male,New York,2024-02-09,39.39
3459,Antoine,20,Male,Philadelphia,2024-02-10,553.3
3460,Sophie,50,Male,Philadelphia,2024-02-10,747.66
3461,Antoine,54,Female,Marseille,2024-02-10,450.31
3462,Manon,24,Female,Lyon,2024-02-10,396.51
3463,Tina,64,Female,San Jose,2024-02-10,170.32
3464,Sam,27,Female,Houston,2024-02-10,707.06
3465,Isabel,58,Female,Toulouse,2024-02-10,144.43
3466,Kate,23,Male,Los Angeles,2024-02-11,43.61
3467,Rachel,34,Female,New York,2024-02-11,307.35
3468,Jack,58,Female,San Jose,2024-02-11,214.99
3469,Sam,33,Female,Lyon,2024-02-11,273.46
3470,Sam,49,Male,Bordeaux,2024-02-11,513.09
3471,Tina,44,Male,San Antonio,2024-02-12,106.34
3472,Manon,63,Male,Marseille,2024-02-12,20.35
3473,Henry,30,Male,Nantes,2024-02-12,64.89
3474,Sam,31,Female,Paris,2024-02-13,766.07
3475,Grace,46,Female,Houston,2024-02-14,609.04
3476,Diana,42,Male,San Jose,2024-02-16,848.16
3477,Sophie,41,Female,Paris,2024-02-16,887.9
3478,Emma,21,Male,Nantes,2024-02-16,76.1
3479,Emma,55,Male,Lille,2024-02-16,454.11
3480,Kate,62,Male,Los Angeles,2024-02-17,1053.27
3481,Liam,45,Male,Marseille,2024-02-17,287.91
3482,Sam,57,Male,Houston,2024-02-17,347.57
3483,Sophie,54,Male,Los Angeles,2024-02-18,20.96
3484,Eva,37,Male,Lyon,2024-02-18,842.35
3485,Eva,60,Male,Los Angeles,2024-02-18,36.07
3486,Henry,46,Female,Chicago,2024-02-18,37.6
3487,Antoine,59,Female,Philadelphia,2024-02-18,986.33
3488,Louis,47,Female,San Diego,2024-02-18,491.48
3489,Isabel,37,Female,Philadelphia,2024-02-18,591.49
3490,Mia,46,Female,San Jose,2024-02-20,109.2
3491,Rachel,25,Female,Philadelphia,2024-02-20,24.0
3492,Isabel,34,Male,Nice,2024-02-20,444.14
3493,Olivia,27,Female,Phoenix,2024-02-21,1297.09
3494,Chloé,60,Male,Marseille,2024-02-22,326.99
3495,Mia,42,Male,Lille,2024-02-22,191.26
3496,Quinn,60,Female,Nantes,2024-02-23,329.84
3497,Liam,19,Female,Bordeaux,2024-02-23,1010.78
3498,Grace,45,Female,Lyon,2024-02-23,75.03
3499,Diana,44,Male,San Diego,2024-02-23,221.29
3500,Sophie,26,Male,Los Angeles,2024-02-24,1757.05
3501,Emma,64,Male,Chicago,2024-02-24,176.64
3502,Hugo,27,Female,Philadelphia,2024-02-24,71.09
3503,Kate,26,Female,Lille,2024-02-24,317.1
3504,Liam,29,Male,Bordeaux,2024-02-24,643.36
3505,Eva,35,Male,Toulouse,2024-02-24,93.86
3506,Quinn,35,Female,Los Angeles,2024-02-24,110.6
3507,Kate,65,Female,Philadelphia,2024-02-24,104.86
3508,Emma,42,Female,Los Angeles,2024-02-25,359.55
3509,Sophie,26,Male,Dallas,2024-02-25,676.89
3510,Léa,56,Male,Houston,2024-02-25,114.79
3511,Noah,60,Female,Philadelphia,2024-02-25,204.84
3512,Sophie,60,Male,Lyon,2024-02-26,644.06
3513,Manon,50,Female,Los Angeles,2024-02-26,268.96
3514,Louis,56,Male,Nantes,2024-02-26,22.46
3515,Liam,21,Male,Toulouse,2024-02-26,53.38
3516,Bob,19,Female,Houston,2024-02-26,31.49
3517,Sophie,28,Male,Philadelphia,2024-02-27,273.73
3518,Quinn,57,Female,Chicago,2024-02-28,81.53
3519,Hugo,23,Female,Marseille,2024-02-28,104.57
3520,Léa,34,Female,New York,2024-02-29,190.52
3521,Quinn,27,Female,Los Angeles,2024-02-29,210.91
3522,Eva,44,Male,Philadelphia,2024-02-29,94.04
3523,Henry,28,Male,San Diego,2024-02-29,41.43
3524,Lucas,59,Female,Chicago,2024-02-29,800.19
3525,Manon,41,Male,Phoenix,2024-02-29,701.53
3526,Henry,39,Female,Lille,2024-02-29,101.76
3527,Isabel,35,Male,New York,2024-03-01,186.31
3528,Sam,28,Male,San Diego,2024-03-02,1147.54
3529,Hugo,58,Female,San Diego,2024-03-02,441.54
3530,Eva,65,Female,Nantes,2024-03-02,392.45
3531,Paul,34,Female,Nice,2024-03-03,496.5
3532,Quinn,41,Male,Houston,2024-03-03,328.29
3533,Antoine,31,Male,Chicago,2024-03-03,134.4
3534,Isabel,39,Male,San Jose,2024-03-03,24.8
3535,Chloé,39,Male,Bordeaux,2024-03-04,208.74
3536,Frank,52,Male,Dallas,2024-03-04,163.79
3537,Jack,24,Female,Houston,2024-03-04,608.55
3538,Eva,54,Female,Los Angeles,2024-03-05,280.71
3539,Jack,26,Male,Dallas,2024-03-05,215.01
3540,Sophie,32,Female,San Jose,2024-03-06,28.13
3541,Gabriel,38,Male,Chicago,2024-03-06,472.89
3542,Isabel,52,Female,Nice,2024-03-06,716.5
3543,Eva,60,Male,San Antonio,2024-03-07,109.09
3544,Olivia,28,Male,Houston,2024-03-07,58.8
3545,Rachel,33,Male,New York,2024-03-07,153.65
3546,Rachel,65,Female,Dallas,2024-03-07,41.1
3547,Manon,49,Male,Houston,2024-03-08,155.1
3548,Lucas,39,Female,Marseille,2024-03-09,449.0
3549,Chloé,41,Male,San Jose,2024-03-09,42.94
3550,Liam,65,Female,Nantes,2024-03-09,246.77
3551,Grace,33,Male,Toulouse,2024-03-10,68.93
3552,Manon,57,Male,Lille,2024-03-10,566.84
3553,Kate,31,Female,San Jose,2024-03-10,57.83
3554,Emma,33,Female,Nice,2024-03-10,1305.87
3555,Alice,64,Female,Chicago,2024-03-10,119.32
3556,Hugo,55,Male,Toulouse,2024-03-10,106.58
3557,Bob,39,Female,Bordeaux,2024-03-11,173.71
3558,Olivia,21,Male,Los Angeles,2024-03-11,524.3
3559,Emma,42,Female,Lyon,2024-03-11,23.05
3560,Chloé,45,Male,Paris,2024-03-12,59.8
3561,Kate,32,Male,Lyon,2024-03-13,479.37
3562,Emma,39,Male,Houston,2024-03-13,941.59
3563,Léa,62,Female,Bordeaux,2024-03-13,86.44
3564,Isabel,55,Female,Nantes,2024-03-14,225.55
3565,Jack,60,Male,San Diego,2024-03-15,80.71
3566,Manon,18,Female,Los Angeles,2024-03-16,148.68
3567,Lucas,48,Female,Houston,2024-03-16,119.55
3568,Tina,64,Male,San Jose,2024-03-17,155.94
3569,Sam,18,Female,San Antonio,2024-03-17,63.78
3570,Henry,23,Male,New York,2024-03-17,472.1
3571,Paul,35,Male,Houston,2024-03-17,499.37
3572,Gabriel,52,Male,Philadelphia,2024-03-17,269.59
3573,Frank,28,Male,Lille,2024-03-18,238.69
3574,Grace,27,Female,New York,2024-03-18,231.24
3575,Lucas,32,Male,Lyon,2024-03-18,263.15
3576,Hugo,27,Male,New York,2024-03-18,201.6
3577,Mia,45,Male,San Jose,2024-03-18,100.24
3578,Sophie,54,Female,New York,2024-03-19,271.33
3579,Alice,30,Male,Nice,2024-03-19,36.64
3580,Antoine,39,Female,Los Angeles,2024-03-20,37.4
3581,Emma,40,Female,Nantes,2024-03-20,55.33
3582,Quinn,51,Male,Toulouse,2024-03-20,468.87
3583,Emma,65,Male,Toulouse,2024-03-20,761.67
3584,Sam,20,Female,New York,2024-03-20,835.38
3585,Sophie,57,Male,New York,2024-03-20,231.38
3586,Sophie,65,Female,Nice,2024-03-20,694.46
3587,Alice,59,Female,Toulouse,2024-03-21,352.17
3588,Eva,56,Female,Nice,2024-03-21,934.38
3589,Isabel,30,Female,Philadelphia,2024-03-21,22.43
3590,Lucas,33,Male,New York,2024-03-21,52.59
3591,Gabriel,56,Female,New York,2024-03-22,577.5
3592,Lucas,46,Male,Los Angeles,2024-03-22,26.87
3593,Sam,47,Female,Los Angeles,2024-03-22,452.98
3594,Olivia,58,Male,Phoenix,2024-03-22,217.43
3595,Frank,57,Male,Phoenix,2024-03-22,537.87
3596,Isabel,48,Female,Nantes,2024-03-23,319.98
3597,Gabriel,21,Male,Lille,2024-03-23,220.21
3598,Léa,26,Male,San Jose,2024-03-24,166.32
3599,Jack,52,Male,Nantes,2024-03-24,725.52
3600,Gabriel,59,Female,San Antonio,2024-03-24,906.23
3601,Liam,53,Male,New York,2024-03-24,103.33
3602,Lucas,19,Male,Lille,2024-03-24,219.21
3603,Charlie,41,Male,Nice,2024-03-25,558.43
3604,Paul,32,Female,Chicago,2024-03-25,176.67
3605,Mia,58,Male,New York,2024-03-25,147.44
3606,Quinn,27,Male,Dallas,2024-03-25,80.99
3607,Mia,47,Male,New York,2024-03-25,157.46
3608,Frank,40,Female,Lyon,2024-03-26,297.68
3609,Manon,21,Male,Toulouse,2024-03-27,300.38
3610,Jack,39,Female,Lyon,2024-03-27,116.65
3611,Chloé,52,Male,Marseille,2024-03-27,479.65
3612,Bob,22,Female,San Antonio,2024-03-28,203.91
3613,Jack,48,Female,New York,2024-03-28,170.95
3614,Paul,64,Female,San Jose,2024-03-28,665.72
3615,Liam,53,Female,Nice,2024-03-28,2177.68
3616,Sophie,22,Female,New York,2024-03-28,116.9
3617,Noah,56,Female,Lille,2024-03-28,66.63
3618,Bob,55,Male,San Jose,2024-03-29,101.74
3619,Grace,41,Female,Philadelphia,2024-03-29,333.5
3620,Mia,40,Male,Toulouse,2024-03-29,433.76
3621,Noah,61,Female,Lille,2024-03-29,27.26
3622,Tina,42,Female,Philadelphia,2024-03-30,125.76
3623,Liam,55,Female,New York,2024-03-30,380.8
3624,Sophie,21,Female,San Antonio,2024-03-30,336.46
3625,Liam,42,Male,New York,2024-03-30,209.79
3626,Noah,60,Female,Philadelphia,2024-03-30,651.88
3627,Quinn,33,Female,Nice,2024-03-30,240.78
3628,Grace,30,Male,San Diego,2024-03-30,77.15
3629,Alice,30,Male,Lyon,2024-03-31,278.01
3630,Hugo,31,Male,New York,2024-03-31,54.32
3631,Manon,23,Female,Lille,2024-03-31,881.52
3632,Paul,23,Female,Toulouse,2024-03-31,249.63
3633,Antoine,47,Male,Paris,2024-03-31,20.35
3634,Léa,49,Female,Los Angeles,2024-03-31,27.9
3635,Grace,23,Female,Philadelphia,2024-04-01,810.28
3636,Paul,64,Female,Toulouse,2024-04-01,1283.21
3637,Manon,56,Male,Lyon,2024-04-01,1607.04
3638,Olivia,36,Male,Lyon,2024-04-01,206.12
3639,Paul,41,Male,Houston,2024-04-01,391.38
3640,Tina,52,Female,Toulouse,2024-04-01,207.2
3641,Jack,22,Female,Toulouse,2024-04-01,157.83
3642,Frank,35,Female,Marseille,2024-04-02,22.05
3643,Grace,22,Female,Bordeaux,2024-04-02,1273.73
3644,Grace,29,Male,Toulouse,2024-04-03,438.07
3645,Sophie,61,Male,Phoenix,2024-04-03,183.23
3646,Olivia,42,Male,New York,2024-04-03,508.13
3647,Emma,54,Male,New York,2024-04-03,74.85
3648,Rachel,50,Male,San Antonio,2024-04-03,645.91
3649,Rachel,18,Female,Paris,2024-04-04,31.87
3650,Frank,64,Female,Bordeaux,2024-04-04,123.07
3651,Olivia,41,Male,Lyon,2024-04-04,605.65
3652,Rachel,65,Male,Nantes,2024-04-04,268.73
3653,Noah,62,Male,Nantes,2024-04-04,301.18
3654,Léa,19,Male,Los Angeles,2024-04-04,453.38
3655,Olivia,38,Male,San Jose,2024-04-04,81.91
3656,Diana,21,Male,Los Angeles,2024-04-04,795.31
3657,Sam,48,Female,Nantes,2024-04-05,952.4
3658,Eva,58,Female,Lille,2024-04-05,85.0
3659,Henry,38,Male,Toulouse,2024-04-05,1249.1
3660,Emma,40,Female,San Antonio,2024-04-06,237.07
3661,Mia,21,Male,New York,2024-04-06,423.18
3662,Antoine,43,Male,Paris,2024-04-07,26.79
3663,Chloé,33,Male,Los Angeles,2024-04-07,44.22
3664,Sophie,64,Male,San Jose,2024-04-08,42.33
3665,Hugo,43,Female,Philadelphia,2024-04-08,494.95
3666,Sophie,31,Female,Nantes,2024-04-08,222.22
3667,Alice,53,Female,San Antonio,2024-04-09,255.65
3668,Antoine,51,Female,Paris,2024-04-09,157.28
3669,Charlie,64,Male,San Diego,2024-04-09,209.57
3670,Lucas,52,Female,San Jose,2024-04-09,986.35
3671,Gabriel,45,Male,Paris,2024-04-09,713.25
3672,Frank,36,Male,Lille,2024-04-10,468.98
3673,Charlie,47,Female,Nice,2024-04-11,81.11
3674,Gabriel,24,Male,San Jose,2024-04-11,487.82
3675,Hugo,54,Female,San Antonio,2024-04-11,87.8
3676,Lucas,25,Female,Phoenix,2024-04-11,201.67
3677,Alice,62,Female,Nice,2024-04-12,613.36
3678,Manon,31,Female,Los Angeles,2024-04-12,874.17
3679,Chloé,60,Male,Phoenix,2024-04-13,135.83
3680,Mia,37,Male,San Antonio,2024-04-14,272.47
3681,Hugo,22,Female,Toulouse,2024-04-14,85.58
3682,Quinn,64,Male,Chicago,2024-04-15,407.07
3683,Grace,34,Female,Dallas,2024-04-15,219.48
3684,Liam,39,Male,Toulouse,2024-04-15,156.9
3685,Sam,35,Male,Toulouse,2024-04-15,23.4
3686,Léa,29,Female,Paris,2024-04-15,136.08
3687,Rachel,64,Male,Chicago,2024-04-15,430.21
3688,Kate,31,Male,Lyon,2024-04-15,63.04
3689,Sophie,29,Female,Paris,2024-04-15,98.1
3690,Léa,22,Female,Lille,2024-04-15,118.42
3691,Manon,39,Female,Los Angeles,2024-04-15,640.69
3692,Louis,24,Male,Lyon,2024-04-16,186.18
3693,Olivia,27,Female,San Antonio,2024-04-16,1169.46
3694,Diana,27,Female,Toulouse,2024-04-17,662.29
3695,Kate,29,Male,Chicago,2024-04-17,770.17
3696,Jack,44,Male,Paris,2024-04-18,1060.21
3697,Henry,53,Female,Lyon,2024-04-18,100.07
3698,Louis,26,Female,Dallas,2024-04-18,524.9
3699,Manon,44,Male,Marseille,2024-04-19,597.61
3700,Bob,25,Male,Bordeaux,2024-04-19,202.98
3701,Gabriel,53,Female,Bordeaux,2024-04-19,292.78
3702,Manon,30,Male,Lille,2024-04-20,77.64
3703,Emma,41,Male,Bordeaux,2024-04-20,163.26
3704,Paul,29,Female,Nice,2024-04-20,666.98
3705,Emma,41,Female,Dallas,2024-04-20,548.16
3706,Manon,31,Male,Phoenix,2024-04-20,250.97
3707,Kate,64,Male,Philadelphia,2024-04-20,103.41
3708,Sophie,43,Male,Toulouse,2024-04-20,125.68
3709,Mia,33,Female,New York,2024-04-21,777.15
3710,Bob,52,Male,Toulouse,2024-04-21,936.94
3711,Jack,48,Female,Bordeaux,2024-04-21,36.31
3712,Chloé,19,Female,Toulouse,2024-04-21,484.83
3713,Rachel,59,Female,Paris,2024-04-22,390.91
3714,Isabel,43,Male,Los Angeles,2024-04-22,250.81
3715,Chloé,33,Female,Nice,2024-04-22,112.98
3716,Louis,50,Female,Philadelphia,2024-04-23,318.08
3717,Léa,50,Female,Lyon,2024-04-24,51.99
3718,Quinn,51,Male,Paris,2024-04-24,266.43
3719,Olivia,48,Female,San Jose,2024-04-24,1339.88
3720,Léa,50,Male,New York,2024-04-25,266.08
3721,Sam,35,Female,Dallas,2024-04-25,141.23
3722,Diana,62,Female,Dallas,2024-04-25,1569.63
3723,Liam,55,Male,Los Angeles,2024-04-25,377.43
3724,Henry,45,Male,San Diego,2024-04-26,283.26
3725,Eva,33,Female,San Antonio,2024-04-26,197.54
3726,Alice,62,Male,Marseille,2024-04-26,224.53
3727,Rachel,59,Female,Toulouse,2024-04-27,147.4
3728,Antoine,55,Male,Marseille,2024-04-27,469.28
3729,Manon,65,Male,Marseille,2024-04-27,277.08
3730,Jack,46,Male,Houston,2024-04-27,903.58
3731,Léa,20,Female,Nantes,2024-04-27,500.55
3732,Jack,27,Male,Lyon,2024-04-28,523.41
3733,Paul,20,Female,San Diego,2024-04-28,266.14
3734,Chloé,32,Male,Lille,2024-04-29,175.35
3735,Olivia,34,Male,Toulouse,2024-04-29,2071.08
3736,Diana,31,Female,Houston,2024-04-29,807.09
3737,Henry,21,Female,San Antonio,2024-04-29,779.75
3738,Noah,27,Male,Paris,2024-04-29,129.43
3739,Bob,20,Female,Lyon,2024-04-29,128.08
3740,Chloé,38,Female,Nice,2024-04-29,105.02
3741,Sophie,53,Female,Los Angeles,2024-04-29,111.63
3742,Liam,34,Male,Dallas,2024-04-29,86.98
3743,Alice,60,Male,San Antonio,2024-04-30,628.55
3744,Hugo,25,Male,Marseille,2024-04-30,700.14
3745,Emma,32,Female,Lyon,2024-04-30,94.78
3746,Antoine,19,Male,Chicago,2024-05-02,64.16
3747,Kate,39,Male,Bordeaux,2024-05-02,86.32
3748,Rachel,49,Female,Houston,2024-05-02,524.55
3749,Liam,46,Male,San Diego,2024-05-02,537.93
3750,Quinn,19,Male,San Antonio,2024-05-02,637.26
3751,Kate,22,Male,New York,2024-05-02,232.33
3752,Diana,30,Male,Paris,2024-05-03,96.36
3753,Rachel,45,Male,Nice,2024-05-03,159.71
3754,Kate,33,Female,New York,2024-05-03,70.8
3755,Frank,43,Female,Houston,2024-05-03,28.97
3756,Rachel,59,Male,Nantes,2024-05-03,619.94
3757,Charlie,18,Male,Nantes,2024-05-03,483.64
3758,Emma,57,Female,Bordeaux,2024-05-04,181.23
3759,Louis,19,Female,Paris,2024-05-04,1520.35
3760,Lucas,62,Male,Nice,2024-05-04,30.37
3761,Sophie,19,Female,Philadelphia,2024-05-04,794.97
3762,Manon,62,Male,Bordeaux,2024-05-04,163.87
3763,Louis,65,Female,Paris,2024-05-04,218.81
3764,Diana,63,Female,Chicago,2024-05-05,401.8
3765,Louis,18,Female,Nantes,2024-05-05,32.01
3766,Sophie,41,Male,Toulouse,2024-05-06,180.48
3767,Diana,47,Male,New York,2024-05-06,258.13
3768,Chloé,29,Male,New York,2024-05-06,149.05
3769,Grace,39,Female,Houston,2024-05-07,132.66
3770,Bob,23,Male,Dallas,2024-05-07,203.01
3771,Gabriel,61,Male,Los Angeles,2024-05-07,836.08
3772,Liam,44,Male,Los Angeles,2024-05-07,131.57
3773,Paul,24,Male,Houston,2024-05-07,544.21
3774,Alice,25,Female,Nice,2024-05-08,81.79
3775,Isabel,62,Male,Philadelphia,2024-05-08,25.35
3776,Liam,40,Male,Houston,2024-05-08,955.82
3777,Liam,65,Female,Philadelphia,2024-05-08,713.19
3778,Tina,29,Female,Toulouse,2024-05-08,467.15
3779,Emma,47,Female,Toulouse,2024-05-08,205.96
3780,Quinn,40,Male,Houston,2024-05-09,318.64
3781,Isabel,57,Male,Phoenix,2024-05-09,242.91
3782,Frank,65,Male,Paris,2024-05-09,300.23
3783,Liam,50,Female,Houston,2024-05-10,137.03
3784,Sam,18,Male,Lille,2024-05-10,56.15
3785,Mia,48,Female,Chicago,2024-05-11,504.5
3786,Isabel,25,Male,Houston,2024-05-11,38.98
3787,Hugo,18,Female,Dallas,2024-05-11,137.2
3788,Sam,25,Male,Los Angeles,2024-05-11,711.85
3789,Charlie,60,Female,Toulouse,2024-05-11,72.18
3790,Alice,59,Male,Phoenix,2024-05-12,108.66
3791,Isabel,57,Female,Nice,2024-05-12,196.32
3792,Charlie,53,Female,San Antonio,2024-05-13,148.98
3793,Mia,30,Male,San Antonio,2024-05-13,202.03
3794,Manon,24,Female,Bordeaux,2024-05-13,633.65
3795,Chloé,36,Female,Lille,2024-05-13,27.41
3796,Frank,65,Female,Nice,2024-05-13,1088.86
3797,Alice,41,Male,Lyon,2024-05-13,38.49
3798,Alice,40,Female,Phoenix,2024-05-13,223.11
3799,Eva,42,Male,San Antonio,2024-05-14,171.48
3800,Noah,18,Male,Houston,2024-05-14,296.59
3801,Louis,36,Female,Nice,2024-05-14,283.15
3802,Tina,65,Male,Toulouse,2024-05-14,191.89
3803,Mia,36,Female,San Diego,2024-05-14,257.88
3804,Manon,36,Female,New York,2024-05-14,201.31
3805,Manon,49,Male,Philadelphia,2024-05-15,463.35
3806,Olivia,23,Female,New York,2024-05-15,27.05
3807,Bob,36,Female,Houston,2024-05-15,1210.74
3808,Tina,42,Female,Lille,2024-05-16,816.11
3809,Hugo,45,Female,San Antonio,2024-05-16,141.5
3810,Lucas,59,Female,Nice,2024-05-17,86.84
3811,Rachel,44,Female,Nantes,2024-05-17,910.04
3812,Lucas,39,Female,New York,2024-05-17,114.76
3813,Lucas,34,Female,Los Angeles,2024-05-17,347.57
3814,Quinn,56,Female,Nice,2024-05-18,464.36
3815,Antoine,64,Male,San Diego,2024-05-18,331.1
3816,Louis,25,Female,Lille,2024-05-18,903.54
3817,Antoine,30,Male,Lille,2024-05-18,146.83
3818,Olivia,52,Male,Toulouse,2024-05-18,593.11
3819,Lucas,62,Male,Nantes,2024-05-19,542.59
3820,Sophie,30,Male,Philadelphia,2024-05-19,158.46
3821,Grace,18,Female,New York,2024-05-19,567.27
3822,Jack,40,Female,Marseille,2024-05-19,410.45
3823,Eva,44,Male,Philadelphia,2024-05-19,133.15
3824,Léa,46,Female,San Diego,2024-05-20,178.5
3825,Léa,36,Female,Los Angeles,2024-05-20,34.73
3826,Kate,36,Male,Lyon,2024-05-21,489.77
3827,Jack,44,Female,New York,2024-05-22,200.75
3828,Hugo,22,Male,Toulouse,2024-05-22,835.67
3829,Henry,65,Female,Toulouse,2024-05-22,462.06
3830,Charlie,57,Male,Chicago,2024-05-22,90.66
3831,Paul,59,Male,San Diego,2024-05-23,749.34
3832,Olivia,25,Female,Marseille,2024-05-23,279.26
3833,Lucas,46,Female,Lyon,2024-05-23,146.07
3834,Rachel,50,Female,Bordeaux,2024-05-23,204.99
3835,Quinn,60,Female,Lille,2024-05-23,290.24
3836,Emma,19,Female,Dallas,2024-05-23,100.81
3837,Paul,35,Female,Chicago,2024-05-24,91.5
3838,Grace,55,Female,Nantes,2024-05-24,48.23
3839,Liam,59,Female,Dallas,2024-05-24,488.99
3840,Henry,35,Female,Phoenix,2024-05-24,26.43
3841,Liam,21,Male,San Antonio,2024-05-25,616.77
3842,Rachel,30,Male,Los Angeles,2024-05-25,422.84
3843,Grace,23,Male,Paris,2024-05-25,432.07
3844,Kate,32,Male,New York,2024-05-25,136.18
3845,Henry,21,Female,Toulouse,2024-05-25,43.38
3846,Diana,21,Female,Los Angeles,2024-05-26,331.85
3847,Liam,52,Female,Marseille,2024-05-26,236.93
3848,Sophie,35,Male,Lyon,2024-05-27,234.64
3849,Liam,33,Female,Dallas,2024-05-27,35.41
3850,Grace,38,Male,Bordeaux,2024-05-27,50.23
3851,Charlie,24,Female,Chicago,2024-05-28,1225.51
3852,Paul,23,Male,Phoenix,2024-05-28,235.91
3853,Rachel,32,Female,New York,2024-05-28,85.82
3854,Henry,21,Female,Nantes,2024-05-29,80.55
3855,Kate,49,Female,Chicago,2024-05-29,629.19
3856,Olivia,21,Male,San Antonio,2024-05-29,106.56
3857,Jack,44,Female,Dallas,2024-05-29,107.88
3858,Antoine,41,Female,Chicago,2024-05-29,175.46
3859,Diana,46,Female,Los Angeles,2024-05-30,327.92
3860,Frank,24,Male,San Antonio,2024-05-30,378.52
3861,Grace,47,Female,Los Angeles,2024-05-30,139.51
3862,Charlie,59,Male,Nice,2024-05-30,54.89
3863,Emma,60,Female,Houston,2024-05-30,195.0
3864,Sophie,56,Male,Lille,2024-05-30,139.29
3865,Mia,63,Male,New York,2024-05-30,623.22
3866,Grace,60,Male,Nantes,2024-05-31,231.97
3867,Gabriel,27,Female,Chicago,2024-05-31,23.84
3868,Alice,38,Female,Bordeaux,2024-05-31,69.89
3869,Tina,43,Female,San Jose,2024-05-31,870.92
3870,Isabel,27,Female,Lyon,2024-05-31,334.55
3871,Chloé,21,Male,San Antonio,2024-06-01,22.83
3872,Léa,63,Female,San Antonio,2024-06-01,199.31
3873,Charlie,18,Male,Lyon,2024-06-01,65.66
3874,Noah,57,Female,Toulouse,2024-06-01,202.46
3875,Jack,23,Male,Marseille,2024-06-02,215.11
3876,Noah,32,Female,Dallas,2024-06-02,105.62
3877,Antoine,33,Male,New York,2024-06-02,465.84
3878,Hugo,18,Male,Bordeaux,2024-06-02,434.95
3879,Isabel,20,Female,Chicago,2024-06-03,117.37
3880,Louis,19,Male,San Jose,2024-06-03,87.41
3881,Quinn,19,Male,Lille,2024-06-03,82.5
3882,Tina,38,Male,Los Angeles,2024-06-03,494.42
3883,Emma,50,Female,Houston,2024-06-03,136.0
3884,Noah,33,Male,New York,2024-06-03,698.83
3885,Olivia,26,Male,Chicago,2024-06-04,702.23
3886,Alice,43,Male,San Jose,2024-06-04,905.47
3887,Henry,46,Female,Dallas,2024-06-04,162.36
3888,Tina,21,Female,Lille,2024-06-04,337.85
3889,Lucas,45,Male,San Jose,2024-06-04,39.42
3890,Gabriel,48,Female,Chicago,2024-06-04,601.15
3891,Lucas,33,Female,Nantes,2024-06-05,392.73
3892,Jack,33,Female,New York,2024-06-05,429.25
3893,Isabel,30,Female,San Diego,2024-06-06,617.37
3894,Chloé,27,Female,Los Angeles,2024-06-06,302.62
3895,Sam,52,Male,Chicago,2024-06-07,98.36
3896,Olivia,41,Female,Dallas,2024-06-07,230.87
3897,Charlie,64,Female,Dallas,2024-06-07,264.09
3898,Tina,37,Female,Nantes,2024-06-08,811.79
3899,Jack,26,Female,New York,2024-06-08,291.67
3900,Sophie,18,Female,Chicago,2024-06-08,590.9
3901,Liam,49,Male,Philadelphia,2024-06-08,217.22
3902,Alice,50,Female,Paris,2024-06-09,1215.17
3903,Olivia,42,Female,San Jose,2024-06-09,111.85
3904,Isabel,45,Female,Lille,2024-06-09,114.51
3905,Rachel,26,Female,Toulouse,2024-06-09,753.56
3906,Eva,41,Male,Marseille,2024-06-09,36.83
3907,Rachel,37,Female,New York,2024-06-10,72.3
3908,Kate,47,Male,San Diego,2024-06-10,268.85
3909,Eva,29,Female,Paris,2024-06-11,116.02
3910,Emma,49,Male,Nice,2024-06-12,75.62
3911,Tina,59,Female,Phoenix,2024-06-12,277.68
3912,Sam,62,Female,Lille,2024-06-12,83.64
3913,Alice,21,Male,Los Angeles,2024-06-13,127.9
3914,Sophie,19,Female,Dallas,2024-06-13,511.59
3915,Louis,62,Male,Los Angeles,2024-06-13,695.19
3916,Lucas,60,Male,Houston,2024-06-14,68.66
3917,Emma,41,Female,Lyon,2024-06-15,508.9
3918,Eva,18,Female,Lyon,2024-06-15,560.1
3919,Liam,55,Female,Phoenix,2024-06-15,41.34
3920,Eva,23,Female,Houston,2024-06-15,34.99
3921,Olivia,53,Male,Bordeaux,2024-06-15,37.99
3922,Frank,39,Female,Lyon,2024-06-16,342.01
3923,Noah,26,Female,Marseille,2024-06-16,323.49
3924,Frank,35,Female,San Antonio,2024-06-16,216.22
3925,Liam,36,Male,San Diego,2024-06-17,672.13
3926,Quinn,55,Male,Chicago,2024-06-17,275.62
3927,Charlie,35,Male,San Diego,2024-06-17,1998.14
3928,Rachel,42,Female,Chicago,2024-06-17,1210.24
3929,Grace,47,Male,San Jose,2024-06-18,432.45
3930,Antoine,47,Female,Los Angeles,2024-06-19,97.85
3931,Hugo,48,Female,Nantes,2024-06-19,822.03
3932,Mia,29,Male,Phoenix,2024-06-19,295.44
3933,Diana,55,Male,Dallas,2024-06-20,169.6
3934,Antoine,39,Male,Los Angeles,2024-06-20,444.61
3935,Jack,35,Female,San Jose,2024-06-20,74.87
3936,Eva,23,Male,San Jose,2024-06-20,345.62
3937,Charlie,24,Male,San Antonio,2024-06-20,482.54
3938,Charlie,61,Female,Toulouse,2024-06-20,339.89
3939,Mia,39,Female,Marseille,2024-06-21,190.38
3940,Olivia,48,Female,Phoenix,2024-06-23,26.4
3941,Paul,34,Female,Los Angeles,2024-06-23,168.77
3942,Alice,65,Male,Lille,2024-06-23,151.91
3943,Eva,21,Female,Los Angeles,2024-06-23,135.35
3944,Emma,53,Female,Philadelphia,2024-06-23,231.11
3945,Jack,23,Female,Philadelphia,2024-06-23,330.63
3946,Hugo,32,Male,Paris,2024-06-23,1151.83
3947,Gabriel,24,Male,Chicago,2024-06-24,105.05
3948,Eva,63,Female,Lille,2024-06-24,151.39
3949,Grace,26,Female,Nice,2024-06-24,58.98
3950,Bob,39,Female,Paris,2024-06-24,319.75
3951,Hugo,26,Male,Nice,2024-06-25,634.02
3952,Sophie,35,Female,Philadelphia,2024-06-25,43.35
3953,Isabel,25,Male,San Diego,2024-06-25,243.85
3954,Liam,36,Female,Philadelphia,2024-06-25,532.43
3955,Paul,59,Female,San Antonio,2024-06-25,738.01
3956,Manon,42,Female,Philadelphia,2024-06-26,528.06
3957,Liam,46,Male,San Jose,2024-06-26,486.69
3958,Jack,26,Male,Nantes,2024-06-26,62.49
3959,Léa,38,Male,Nice,2024-06-27,78.22
3960,Sophie,58,Female,Paris,2024-06-27,1206.7
3961,Alice,61,Male,San Diego,2024-06-27,329.6
3962,Manon,44,Male,San Diego,2024-06-29,429.34
3963,Quinn,39,Female,Marseille,2024-06-29,129.74
3964,Mia,25,Female,Phoenix,2024-06-29,95.83
3965,Sophie,27,Female,Chicago,2024-06-29,433.56
3966,Mia,41,Female,San Diego,2024-06-29,244.9
3967,Charlie,45,Male,Phoenix,2024-06-29,250.28
3968,Isabel,52,Female,Nantes,2024-06-30,1465.74
3969,Eva,30,Female,Phoenix,2024-06-30,53.62
3970,Grace,38,Female,Marseille,2024-06-30,75.0
3971,Antoine,27,Male,Nantes,2024-06-30,195.36
3972,Kate,43,Female,Phoenix,2024-07-01,497.01
3973,Chloé,30,Female,Nantes,2024-07-01,216.6
3974,Diana,39,Female,Lille,2024-07-02,437.52
3975,Charlie,32,Male,Lille,2024-07-02,503.64
3976,Frank,53,Male,Lyon,2024-07-02,88.93
3977,Eva,43,Female,Phoenix,2024-07-03,352.81
3978,Liam,22,Female,Phoenix,2024-07-03,186.43
3979,Antoine,51,Female,Dallas,2024-07-03,403.04
3980,Kate,45,Female,Los Angeles,2024-07-04,441.75
3981,Emma,61,Male,San Diego,2024-07-04,47.68
3982,Paul,53,Male,Houston,2024-07-04,24.48
3983,Antoine,30,Female,Lyon,2024-07-05,319.41
3984,Gabriel,37,Male,New York,2024-07-05,542.41
3985,Hugo,60,Female,Houston,2024-07-05,519.89
3986,Emma,27,Female,Chicago,2024-07-06,807.09
3987,Sophie,61,Male,Paris,2024-07-06,599.88
3988,Lucas,42,Female,Lille,2024-07-06,521.87
3989,Rachel,22,Male,San Jose,2024-07-06,191.49
3990,Frank,20,Female,San Jose,2024-07-06,825.79
3991,Noah,65,Female,Paris,2024-07-07,678.11
3992,Quinn,58,Female,Nantes,2024-07-07,633.42
3993,Louis,60,Male,San Diego,2024-07-07,1282.33
3994,Lucas,43,Female,New York,2024-07-07,773.94
3995,Chloé,27,Male,Chicago,2024-07-07,151.23
3996,Grace,40,Male,San Jose,2024-07-08,80.97
3997,Frank,46,Female,Lyon,2024-07-08,182.11
3998,Mia,55,Male,Los Angeles,2024-07-10,1390.83
3999,Antoine,49,Male,San Diego,2024-07-10,247.64
4000,Noah,23,Male,San Antonio,2024-07-10,591.03
4001,Jack,42,Male,Nantes,2024-07-10,188.18
4002,Tina,41,Male,Toulouse,2024-07-10,161.35
4003,Chloé,65,Male,San Jose,2024-07-11,145.42
4004,Sam,49,Female,Nantes,2024-07-11,235.62
4005,Chloé,25,Male,Paris,2024-07-11,695.09
4006,Sam,48,Female,Lyon,2024-07-12,272.1
4007,Eva,50,Female,Toulouse,2024-07-12,267.69
4008,Paul,25,Female,Bordeaux,2024-07-12,118.43
4009,Mia,29,Female,Houston,2024-07-12,103.94
4010,Bob,46,Male,Bordeaux,2024-07-12,901.37
4011,Diana,34,Female,Phoenix,2024-07-12,102.47
4012,Charlie,43,Male,Marseille,2024-07-12,254.85
4013,Antoine,19,Female,Dallas,2024-07-13,62.63
4014,Isabel,48,Male,Bordeaux,2024-07-13,375.36
4015,Alice,52,Female,Toulouse,2024-07-13,675.25
4016,Jack,60,Female,Philadelphia,2024-07-13,800.97
4017,Charlie,48,Female,San Jose,2024-07-13,88.22
4018,Grace,33,Female,Toulouse,2024-07-13,474.68
4019,Louis,24,Female,Chicago,2024-07-13,696.33
4020,Sam,22,Female,Lille,2024-07-14,392.23
4021,Léa,55,Male,Los Angeles,2024-07-14,346.23
4022,Grace,57,Female,Bordeaux,2024-07-14,328.56
4023,Grace,40,Female,Philadelphia,2024-07-14,29.68
4024,Henry,50,Female,Marseille,2024-07-14,412.8
4025,Eva,47,Male,San Antonio,2024-07-14,281.78
4026,Manon,26,Male,Marseille,2024-07-16,41.11
4027,Henry,53,Female,Paris,2024-07-16,712.14
4028,Grace,33,Female,Los Angeles,2024-07-16,163.83
4029,Bob,21,Male,San Antonio,2024-07-16,65.89
4030,Quinn,29,Male,Chicago,2024-07-16,217.2
4031,Diana,24,Female,Phoenix,2024-07-16,24.27
4032,Charlie,40,Female,San Antonio,2024-07-17,1254.98
4033,Jack,65,Male,Chicago,2024-07-17,376.33
4034,Antoine,28,Male,Bordeaux,2024-07-17,244.43
4035,Frank,50,Male,Nantes,2024-07-17,660.1
4036,Isabel,56,Male,Toulouse,2024-07-17,41.63
4037,Rachel,25,Female,Lille,2024-07-18,204.41
4038,Sophie,61,Male,San Diego,2024-07-18,41.53
4039,Chloé,56,Male,Nice,2024-07-18,738.4
4040,Mia,27,Female,Lyon,2024-07-19,447.67
4041,Alice,61,Male,Dallas,2024-07-19,258.89
4042,Kate,30,Male,Phoenix,2024-07-19,64.4
4043,Hugo,47,Female,Houston,2024-07-19,270.54
4044,Quinn,34,Male,Dallas,2024-07-20,158.78
4045,Kate,41,Male,Nice,2024-07-20,427.5
4046,Gabriel,61,Female,San Antonio,2024-07-20,246.23
4047,Hugo,65,Female,Chicago,2024-07-21,857.61
4048,Olivia,43,Male,Marseille,2024-07-21,180.13
4049,Jack,41,Female,Marseille,2024-07-22,520.53
4050,Grace,29,Male,San Antonio,2024-07-22,393.5
4051,Sophie,65,Female,Paris,2024-07-22,163.69
4052,Louis,62,Male,Philadelphia,2024-07-23,737.56
4053,Charlie,50,Female,New York,2024-07-23,176.35
4054,Frank,49,Male,Philadelphia,2024-07-23,115.89
4055,Gabriel,28,Male,Dallas,2024-07-23,831.81
4056,Eva,22,Female,Bordeaux,2024-07-23,300.94
4057,Tina,36,Female,San Diego,2024-07-24,614.2
4058,Chloé,50,Male,Phoenix,2024-07-24,282.82
4059,Noah,45,Male,Bordeaux,2024-07-24,201.62
4060,Diana,26,Female,Chicago,2024-07-24,365.42
4061,Alice,40,Female,Lyon,2024-07-25,102.27
4062,Frank,59,Female,Bordeaux,2024-07-25,182.97
4063,Tina,48,Female,San Antonio,2024-07-26,236.45
4064,Noah,22,Female,San Antonio,2024-07-26,342.14
4065,Diana,33,Female,San Jose,2024-07-26,272.92
4066,Emma,26,Male,San Jose,2024-07-26,501.64
4067,Liam,53,Female,Lyon,2024-07-26,98.93
4068,Sophie,65,Female,Nice,2024-07-27,376.62
4069,Chloé,24,Female,Marseille,2024-07-27,1174.5
4070,Tina,61,Male,Phoenix,2024-07-27,388.24
4071,Chloé,19,Female,Dallas,2024-07-27,141.56
4072,Alice,50,Male,Houston,2024-07-28,40.74
4073,Liam,38,Male,San Jose,2024-07-28,42.81
4074,Frank,19,Female,Toulouse,2024-07-28,991.74
4075,Chloé,29,Male,Chicago,2024-07-28,405.81
4076,Tina,36,Male,San Jose,2024-07-28,488.72
4077,Antoine,42,Male,Lille,2024-07-28,117.31
4078,Emma,51,Female,Phoenix,2024-07-29,366.15
4079,Louis,50,Male,Chicago,2024-07-29,378.7
4080,Frank,54,Female,Phoenix,2024-07-30,293.53
4081,Grace,62,Female,Paris,2024-07-30,1018.87
4082,Olivia,33,Male,Nantes,2024-07-31,1315.79
4083,Grace,33,Male,Toulouse,2024-07-31,105.68
4084,Gabriel,58,Male,Paris,2024-07-31,84.77
4085,Gabriel,41,Male,Nantes,2024-07-31,106.95
4086,Jack,39,Male,Chicago,2024-08-01,164.85
4087,Léa,61,Female,Chicago,2024-08-01,925.76
4088,Lucas,53,Female,Nice,2024-08-01,518.21
4089,Hugo,44,Male,Dallas,2024-08-01,194.24
4090,Manon,48,Male,Nantes,2024-08-02,423.87
4091,Bob,51,Male,Houston,2024-08-02,142.21
4092,Olivia,40,Female,Nantes,2024-08-03,109.6
4093,Olivia,43,Male,San Jose,2024-08-03,27.82
4094,Charlie,45,Male,San Diego,2024-08-03,44.06
4095,Léa,58,Female,Lyon,2024-08-03,429.66
4096,Tina,64,Female,San Antonio,2024-08-03,898.64
4097,Emma,43,Male,San Diego,2024-08-04,55.73
4098,Léa,31,Male,Nantes,2024-08-04,322.22
4099,Eva,26,Female,Toulouse,2024-08-04,934.24
4100,Léa,50,Female,Houston,2024-08-05,547.69
4101,Olivia,64,Female,Lyon,2024-08-05,246.71
4102,Louis,54,Female,Nice,2024-08-06,278.94
4103,Kate,20,Female,San Antonio,2024-08-06,846.02
4104,Quinn,26,Female,San Diego,2024-08-06,1778.13
4105,Alice,36,Female,New York,2024-08-06,114.01
4106,Rachel,49,Female,Nantes,2024-08-07,230.63
4107,Charlie,35,Female,Lille,2024-08-07,209.81
4108,Liam,23,Female,New York,2024-08-07,102.88
4109,Rachel,47,Female,San Diego,2024-08-08,534.4
4110,Gabriel,33,Male,Marseille,2024-08-08,240.61
4111,Hugo,27,Male,Paris,2024-08-09,180.59
4112,Mia,63,Female,Nice,2024-08-09,166.55
4113,Alice,49,Female,San Diego,2024-08-10,147.57
4114,Antoine,44,Female,San Jose,2024-08-10,494.13
4115,Antoine,19,Male,Bordeaux,2024-08-10,347.62
4116,Louis,26,Male,Houston,2024-08-10,548.43
4117,Gabriel,35,Male,Nantes,2024-08-10,887.97
4118,Noah,62,Male,Philadelphia,2024-08-10,286.06
4119,Diana,35,Male,Paris,2024-08-10,107.24
4120,Liam,46,Female,Bordeaux,2024-08-10,389.51
4121,Alice,56,Female,Los Angeles,2024-08-11,227.24
4122,Chloé,23,Male,San Antonio,2024-08-11,326.84
4123,Eva,42,Female,New York,2024-08-11,48.82
4124,Manon,50,Female,Phoenix,2024-08-11,268.38
4125,Sophie,25,Male,Chicago,2024-08-11,159.7
4126,Olivia,22,Female,San Diego,2024-08-12,977.71
4127,Charlie,58,Male,New York,2024-08-12,22.11
4128,Olivia,28,Male,Nantes,2024-08-12,291.29
4129,Manon,48,Female,Bordeaux,2024-08-13,290.48
4130,Alice,60,Male,Houston,2024-08-14,249.65
4131,Sophie,25,Male,Marseille,2024-08-14,125.23
4132,Emma,24,Male,Phoenix,2024-08-15,471.24
4133,Bob,35,Male,New York,2024-08-15,2051.68
4134,Lucas,46,Male,San Antonio,2024-08-15,84.42
4135,Liam,24,Female,Lyon,2024-08-15,20.73
4136,Louis,42,Male,Paris,2024-08-15,850.51
4137,Sam,27,Female,Los Angeles,2024-08-15,304.8
4138,Jack,20,Male,Nice,2024-08-16,925.52
4139,Frank,45,Female,Los Angeles,2024-08-16,90.79
4140,Henry,19,Female,Lyon,2024-08-16,204.63
4141,Chloé,24,Male,Nice,2024-08-16,87.43
4142,Sam,46,Male,Nice,2024-08-16,661.68
4143,Léa,18,Female,San Jose,2024-08-17,470.86
4144,Grace,49,Female,Bordeaux,2024-08-17,368.38
4145,Emma,59,Male,Chicago,2024-08-17,229.16
4146,Olivia,18,Male,Dallas,2024-08-18,289.7
4147,Charlie,23,Male,San Jose,2024-08-18,694.74
4148,Manon,34,Female,Philadelphia,2024-08-18,1031.78
4149,Lucas,34,Male,Dallas,2024-08-18,1259.0
4150,Kate,20,Female,Dallas,2024-08-19,560.14
4151,Sophie,31,Female,Houston,2024-08-20,369.81
4152,Olivia,59,Male,Lille,2024-08-20,131.23
4153,Mia,63,Female,San Antonio,2024-08-20,728.68
4154,Liam,62,Male,Toulouse,2024-08-20,494.91
4155,Sam,48,Male,Paris,2024-08-20,289.8
4156,Paul,47,Female,Philadelphia,2024-08-20,872.15
4157,Louis,57,Female,Chicago,2024-08-20,49.71
4158,Noah,33,Male,Houston,2024-08-23,505.25
4159,Charlie,19,Female,New York,2024-08-23,499.53
4160,Diana,27,Male,Marseille,2024-08-23,346.54
4161,Rachel,57,Female,Bordeaux,2024-08-23,305.96
4162,Chloé,39,Female,Nantes,2024-08-24,432.82
4163,Jack,44,Female,Paris,2024-08-24,491.35
4164,Paul,49,Female,San Antonio,2024-08-24,542.96
4165,Kate,43,Male,Los Angeles,2024-08-24,2117.36
4166,Charlie,26,Female,Nantes,2024-08-24,334.43
4167,Antoine,23,Male,Marseille,2024-08-25,155.23
4168,Noah,64,Male,Dallas,2024-08-26,345.79
4169,Diana,25,Female,Nantes,2024-08-26,353.19
4170,Liam,38,Female,Nice,2024-08-26,557.78
4171,Mia,20,Male,Lyon,2024-08-26,708.65
4172,Paul,56,Male,Los Angeles,2024-08-27,1265.15
4173,Chloé,50,Female,Paris,2024-08-27,457.98
4174,Quinn,22,Female,Lyon,2024-08-27,578.89
4175,Isabel,40,Male,San Diego,2024-08-27,1079.51
4176,Gabriel,31,Female,Dallas,2024-08-28,291.61
4177,Lucas,23,Female,Paris,2024-08-28,117.6
4178,Jack,56,Female,San Antonio,2024-08-29,575.61
4179,Olivia,34,Female,San Antonio,2024-08-29,47.17
4180,Sam,25,Male,San Antonio,2024-08-29,162.52
4181,Charlie,22,Female,Lyon,2024-08-30,70.76
4182,Quinn,46,Female,Marseille,2024-08-30,128.39
4183,Diana,27,Female,Nice,2024-08-30,294.4
4184,Henry,34,Female,Philadelphia,2024-08-30,27.42
4185,Alice,47,Female,Paris,2024-08-30,131.0
4186,Bob,25,Female,San Antonio,2024-08-31,842.66
4187,Hugo,58,Male,Paris,2024-08-31,43.08
4188,Henry,18,Male,Nantes,2024-08-31,90.85
4189,Sam,41,Male,Philadelphia,2024-09-01,361.49
4190,Lucas,37,Female,Toulouse,2024-09-01,155.72
4191,Alice,56,Female,Los Angeles,2024-09-01,567.76
4192,Rachel,53,Female,Philadelphia,2024-09-01,107.86
4193,Léa,38,Male,San Jose,2024-09-01,63.1
4194,Sophie,62,Male,Nantes,2024-09-02,68.36
4195,Lucas,60,Male,Toulouse,2024-09-02,143.64
4196,Tina,39,Female,Paris,2024-09-02,75.04
4197,Alice,45,Male,San Jose,2024-09-03,155.91
4198,Quinn,31,Female,Lyon,2024-09-03,425.64
4199,Emma,39,Female,Dallas,2024-09-03,291.03
4200,Louis,42,Male,Lyon,2024-09-04,46.67
4201,Noah,34,Male,Los Angeles,2024-09-04,47.36
4202,Léa,60,Female,San Antonio,2024-09-04,420.59
4203,Bob,34,Male,San Antonio,2024-09-04,373.38
4204,Grace,40,Female,Marseille,2024-09-04,94.01
4205,Lucas,32,Female,Marseille,2024-09-04,266.03
4206,Chloé,34,Female,San Diego,2024-09-04,250.02
4207,Tina,58,Male,San Diego,2024-09-05,609.67
4208,Isabel,33,Female,Lille,2024-09-05,21.22
4209,Diana,33,Female,Lille,2024-09-05,272.98
4210,Grace,43,Female,San Diego,2024-09-05,395.2
4211,Paul,34,Female,Bordeaux,2024-09-06,69.73
4212,Liam,30,Male,Marseille,2024-09-06,562.07
4213,Kate,44,Female,Paris,2024-09-06,102.59
4214,Gabriel,53,Male,Phoenix,2024-09-06,170.63
4215,Louis,54,Male,Toulouse,2024-09-07,150.03
4216,Rachel,60,Male,Los Angeles,2024-09-07,329.84
4217,Isabel,47,Male,Toulouse,2024-09-07,305.16
4218,Noah,64,Male,Dallas,2024-09-07,257.81
4219,Bob,51,Male,Philadelphia,2024-09-08,143.41
4220,Liam,52,Male,Nice,2024-09-09,350.14
4221,Lucas,54,Female,Nantes,2024-09-09,58.31
4222,Liam,28,Male,New York,2024-09-09,127.08
4223,Gabriel,54,Female,San Diego,2024-09-09,237.6
4224,Kate,46,Female,San Antonio,2024-09-10,292.68
4225,Antoine,23,Male,Chicago,2024-09-10,48.4
4226,Léa,49,Female,Marseille,2024-09-10,726.13
4227,Quinn,57,Female,Marseille,2024-09-11,165.98
4228,Charlie,23,Female,Houston,2024-09-11,227.3
4229,Louis,34,Male,Marseille,2024-09-11,152.89
4230,Eva,21,Female,Bordeaux,2024-09-11,23.48
4231,Eva,30,Female,Bordeaux,2024-09-11,1502.06
4232,Jack,24,Male,Marseille,2024-09-11,1147.12
4233,Frank,61,Female,Lyon,2024-09-11,568.22
4234,Mia,20,Male,Phoenix,2024-09-12,123.7
4235,Alice,57,Female,San Jose,2024-09-12,92.6
4236,Sophie,52,Female,Bordeaux,2024-09-12,158.76
4237,Rachel,65,Male,Nantes,2024-09-13,384.51
4238,Grace,49,Male,Los Angeles,2024-09-14,753.48
4239,Charlie,47,Female,Philadelphia,2024-09-14,75.73
4240,Hugo,49,Female,Nice,2024-09-14,558.72
4241,Quinn,26,Male,Philadelphia,2024-09-15,452.51
4242,Liam,40,Male,Phoenix,2024-09-15,126.21
4243,Chloé,39,Male,Marseille,2024-09-15,53.15
4244,Grace,48,Female,Philadelphia,2024-09-15,563.15
4245,Henry,34,Male,Dallas,2024-09-15,56.22
4246,Eva,31,Male,Lyon,2024-09-16,57.55
4247,Rachel,51,Female,San Jose,2024-09-16,644.51
4248,Hugo,19,Male,Paris,2024-09-16,240.59
4249,Bob,59,Male,Lille,2024-09-17,1416.89
4250,Henry,45,Male,Toulouse,2024-09-18,1234.39
4251,Charlie,62,Female,Nantes,2024-09-18,260.58
4252,Isabel,37,Female,Los Angeles,2024-09-19,929.45
4253,Eva,35,Female,Houston,2024-09-19,1218.49
4254,Emma,46,Female,San Diego,2024-09-19,141.0
4255,Lucas,46,Male,Phoenix,2024-09-19,400.91
4256,Sophie,44,Male,Philadelphia,2024-09-19,108.92
4257,Frank,45,Male,San Jose,2024-09-19,269.49
4258,Rachel,63,Male,Los Angeles,2024-09-19,106.32
4259,Isabel,35,Female,Marseille,2024-09-19,104.92
4260,Louis,38,Male,Dallas,2024-09-20,1081.95
4261,Hugo,53,Male,Paris,2024-09-20,174.76
4262,Hugo,34,Female,San Diego,2024-09-20,283.86
4263,Gabriel,64,Female,Nice,2024-09-20,555.18
4264,Emma,38,Female,Nantes,2024-09-20,121.16
4265,Frank,46,Male,San Antonio,2024-09-20,37.22
4266,Rachel,57,Male,San Diego,2024-09-21,40.92
4267,Jack,33,Male,Houston,2024-09-21,271.1
4268,Frank,34,Female,San Diego,2024-09-21,59.78
4269,Léa,57,Male,Lyon,2024-09-21,615.73
4270,Frank,20,Male,New York,2024-09-21,215.98
4271,Olivia,59,Male,Phoenix,2024-09-22,554.58
4272,Sophie,38,Male,San Jose,2024-09-22,322.1
4273,Alice,57,Female,Houston,2024-09-22,23.97
4274,Grace,47,Female,Dallas,2024-09-23,161.59
4275,Kate,38,Male,Houston,2024-09-23,149.04
4276,Tina,49,Female,New York,2024-09-23,46.15
4277,Léa,47,Female,San Diego,2024-09-23,112.01
4278,Lucas,52,Female,San Jose,2024-09-23,248.66
4279,Tina,20,Female,Houston,2024-09-24,362.41
4280,Paul,61,Male,Marseille,2024-09-24,1473.07
4281,Noah,36,Male,Los Angeles,2024-09-24,112.45
4282,Eva,63,Male,Houston,2024-09-24,29.33
4283,Sam,31,Female,Los Angeles,2024-09-25,278.3
4284,Alice,31,Female,San Antonio,2024-09-25,474.53
4285,Paul,43,Male,Los Angeles,2024-09-25,240.75
4286,Isabel,32,Male,Phoenix,2024-09-25,35.02
4287,Mia,36,Female,New York,2024-09-25,159.49
4288,Noah,59,Male,San Jose,2024-09-25,471.03
4289,Hugo,58,Male,Lyon,2024-09-26,70.5
4290,Isabel,60,Male,San Diego,2024-09-26,98.38
4291,Léa,33,Female,Nantes,2024-09-26,146.86
4292,Antoine,35,Male,Toulouse,2024-09-27,259.49
4293,Mia,19,Male,Philadelphia,2024-09-28,1168.08
4294,Sam,64,Male,Marseille,2024-09-28,233.0
4295,Charlie,30,Male,Paris,2024-09-28,1033.43
4296,Diana,45,Female,Lyon,2024-09-28,1376.05
4297,Jack,41,Male,Chicago,2024-09-29,291.02
4298,Emma,31,Female,San Antonio,2024-09-29,55.09
4299,Tina,58,Male,San Jose,2024-09-29,73.29
4300,Kate,65,Male,Nantes,2024-09-30,155.88
4301,Quinn,33,Male,San Jose,2024-09-30,810.71
4302,Gabriel,22,Male,Chicago,2024-09-30,978.67
4303,Antoine,59,Male,Dallas,2024-09-30,208.79
4304,Emma,52,Male,Lille,2024-09-30,406.51
4305,Paul,34,Male,Lyon,2024-10-01,1304.18
4306,Lucas,51,Female,Chicago,2024-10-01,541.78
4307,Quinn,31,Male,Lyon,2024-10-01,81.66
4308,Noah,18,Male,Marseille,2024-10-01,188.22
4309,Henry,20,Female,Bordeaux,2024-10-01,206.61
4310,Charlie,28,Male,Toulouse,2024-10-02,730.4
4311,Paul,49,Male,Lille,2024-10-02,128.09
4312,Grace,26,Female,Chicago,2024-10-03,204.86
4313,Rachel,57,Female,San Diego,2024-10-03,387.6
4314,Kate,39,Female,Lille,2024-10-04,457.2
4315,Tina,64,Male,Nantes,2024-10-04,463.64
4316,Liam,34,Female,Philadelphia,2024-10-05,130.94
4317,Sam,60,Female,Dallas,2024-10-05,754.78
4318,Bob,57,Male,San Diego,2024-10-05,188.77
4319,Henry,42,Male,Dallas,2024-10-05,24.12
4320,Henry,39,Male,San Diego,2024-10-06,906.7
4321,Léa,27,Female,Dallas,2024-10-06,754.03
4322,Tina,28,Female,Nantes,2024-10-06,831.71
4323,Frank,47,Female,San Jose,2024-10-07,444.32
4324,Kate,50,Male,Bordeaux,2024-10-07,21.98
4325,Mia,53,Female,Bordeaux,2024-10-07,572.85
4326,Louis,40,Female,New York,2024-10-07,880.63
4327,Chloé,64,Female,San Diego,2024-10-07,318.05
4328,Noah,33,Male,Paris,2024-10-07,112.94
4329,Noah,25,Male,San Diego,2024-10-07,102.55
4330,Sam,24,Male,Bordeaux,2024-10-08,522.71
4331,Louis,21,Male,Paris,2024-10-08,1198.96
4332,Bob,31,Male,Nantes,2024-10-08,676.53
4333,Isabel,50,Male,Toulouse,2024-10-09,77.24
4334,Louis,59,Female,Lille,2024-10-09,151.03
4335,Paul,46,Female,Paris,2024-10-09,336.3
4336,Isabel,31,Male,Dallas,2024-10-10,251.06
4337,Chloé,36,Female,Toulouse,2024-10-10,116.26
4338,Sophie,43,Male,Toulouse,2024-10-10,47.51
4339,Hugo,46,Female,Chicago,2024-10-10,232.18
4340,Olivia,41,Female,Dallas,2024-10-10,33.98
4341,Quinn,30,Male,Chicago,2024-10-11,82.44
4342,Liam,29,Male,Dallas,2024-10-11,114.64
4343,Paul,65,Male,Lyon,2024-10-11,1191.99
4344,Isabel,56,Male,Nice,2024-10-11,330.44
4345,Noah,59,Female,Paris,2024-10-12,117.19
4346,Liam,22,Male,Chicago,2024-10-12,433.73
4347,Mia,34,Female,Toulouse,2024-10-13,309.4
4348,Henry,59,Female,Lille,2024-10-14,38.87
4349,Isabel,18,Male,San Jose,2024-10-14,37.03
4350,Hugo,57,Male,Lille,2024-10-14,270.93
4351,Isabel,41,Male,Bordeaux,2024-10-15,1123.95
4352,Rachel,30,Male,Marseille,2024-10-15,138.27
4353,Jack,56,Female,Dallas,2024-10-15,50.79
4354,Grace,58,Female,Chicago,2024-10-15,421.44
4355,Hugo,41,Male,Lille,2024-10-16,87.81
4356,Antoine,30,Female,Lyon,2024-10-17,761.5
4357,Lucas,28,Male,San Jose,2024-10-17,350.85
4358,Eva,44,Male,Bordeaux,2024-10-18,22.02
4359,Gabriel,19,Female,San Diego,2024-10-18,45.13
4360,Léa,31,Male,Chicago,2024-10-18,48.26
4361,Rachel,47,Male,Nice,2024-10-18,521.41
4362,Liam,18,Male,San Jose,2024-10-18,70.79
4363,Chloé,34,Male,Phoenix,2024-10-19,634.15
4364,Kate,24,Female,San Jose,2024-10-19,1966.15
4365,Lucas,37,Female,Nice,2024-10-19,28.61
4366,Olivia,35,Male,Los Angeles,2024-10-20,517.38
4367,Liam,48,Female,San Antonio,2024-10-20,121.28
4368,Noah,43,Female,Philadelphia,2024-10-20,143.82
4369,Rachel,34,Female,Nice,2024-10-20,247.91
4370,Noah,57,Female,Paris,2024-10-21,145.35
4371,Sophie,27,Female,Lille,2024-10-21,32.18
4372,Noah,25,Male,Philadelphia,2024-10-21,160.64
4373,Frank,29,Male,New York,2024-10-21,350.76
4374,Diana,33,Male,Lyon,2024-10-21,178.87
4375,Lucas,21,Male,San Antonio,2024-10-22,557.98
4376,Chloé,53,Male,Lyon,2024-10-22,246.86
4377,Gabriel,48,Female,San Jose,2024-10-22,1099.51
4378,Noah,40,Male,Nantes,2024-10-22,386.08
4379,Noah,62,Male,Bordeaux,2024-10-22,135.77
4380,Jack,36,Male,Houston,2024-10-22,172.04
4381,Gabriel,19,Female,Marseille,2024-10-22,230.22
4382,Chloé,32,Male,Phoenix,2024-10-22,728.53
4383,Lucas,19,Female,Lyon,2024-10-22,56.79
4384,Kate,23,Male,San Diego,2024-10-22,561.89
4385,Diana,31,Female,Chicago,2024-10-23,172.97
4386,Manon,28,Female,Dallas,2024-10-23,178.83
4387,Sam,60,Female,Lyon,2024-10-23,261.85
4388,Alice,54,Female,Houston,2024-10-23,1017.77
4389,Chloé,42,Male,Philadelphia,2024-10-23,68.57
4390,Olivia,18,Male,Lyon,2024-10-23,736.31
4391,Chloé,20,Male,Phoenix,2024-10-23,249.46
4392,Diana,36,Male,Marseille,2024-10-23,98.9
4393,Bob,45,Male,San Antonio,2024-10-23,64.84
4394,Eva,39,Female,Houston,2024-10-23,279.32
4395,Quinn,44,Female,San Antonio,2024-10-24,347.26
4396,Kate,33,Male,Nice,2024-10-24,316.23
4397,Diana,47,Female,Chicago,2024-10-24,85.43
4398,Sam,32,Female,Toulouse,2024-10-25,318.34
4399,Eva,52,Male,Lyon,2024-10-25,229.76
4400,Alice,44,Female,Marseille,2024-10-25,268.83
4401,Alice,35,Male,Nice,2024-10-25,36.28
4402,Manon,45,Male,New York,2024-10-25,862.55
4403,Lucas,20,Male,Dallas,2024-10-25,833.36
4404,Hugo,21,Female,Houston,2024-10-26,88.61
4405,Eva,46,Male,Toulouse,2024-10-26,79.08
4406,Bob,63,Female,San Antonio,2024-10-26,319.34
4407,Noah,58,Female,Toulouse,2024-10-27,238.41
4408,Antoine,38,Female,Paris,2024-10-27,48.41
4409,Louis,35,Female,Lille,2024-10-27,829.56
4410,Emma,64,Female,Lille,2024-10-27,220.54
4411,Chloé,18,Male,Lyon,2024-10-28,134.75
4412,Gabriel,29,Female,San Antonio,2024-10-28,59.74
4413,Frank,57,Male,Bordeaux,2024-10-28,682.62
4414,Léa,19,Male,Toulouse,2024-10-29,113.96
4415,Chloé,28,Male,Houston,2024-10-29,713.92
4416,Frank,54,Female,Toulouse,2024-10-29,308.6
4417,Gabriel,21,Female,Paris,2024-10-29,167.86
4418,Mia,55,Female,Nice,2024-10-30,53.68
4419,Chloé,23,Male,Chicago,2024-10-30,351.02
4420,Olivia,28,Female,New York,2024-10-31,210.96
4421,Mia,50,Female,Bordeaux,2024-10-31,511.46
4422,Léa,61,Female,Phoenix,2024-10-31,71.44
4423,Frank,23,Female,Houston,2024-10-31,1555.22
4424,Rachel,56,Male,Paris,2024-10-31,148.04
4425,Lucas,45,Female,San Diego,2024-11-01,138.13
4426,Mia,49,Female,Toulouse,2024-11-02,135.4
4427,Antoine,55,Female,Dallas,2024-11-02,39.79
4428,Isabel,58,Male,Philadelphia,2024-11-02,1582.99
4429,Mia,63,Female,Bordeaux,2024-11-02,666.81
4430,Bob,48,Male,Phoenix,2024-11-02,279.26
4431,Bob,46,Female,Paris,2024-11-02,65.62
4432,Sophie,20,Female,San Diego,2024-11-02,250.28
4433,Tina,30,Female,San Diego,2024-11-02,462.71
4434,Bob,32,Female,Philadelphia,2024-11-03,193.23
4435,Frank,57,Male,Chicago,2024-11-03,898.25
4436,Sophie,63,Male,San Jose,2024-11-03,464.09
4437,Diana,54,Female,Marseille,2024-11-04,55.4
4438,Paul,40,Female,Toulouse,2024-11-04,73.66
4439,Isabel,53,Female,Toulouse,2024-11-04,598.69
4440,Bob,37,Female,Lyon,2024-11-04,527.22
4441,Quinn,36,Male,Nantes,2024-11-04,490.95
4442,Charlie,58,Male,Marseille,2024-11-05,63.32
4443,Grace,50,Female,Nice,2024-11-05,496.58
4444,Olivia,62,Female,Phoenix,2024-11-06,213.59
4445,Frank,41,Female,Lille,2024-11-06,83.46
4446,Bob,34,Male,Nice,2024-11-06,242.66
4447,Noah,35,Male,Toulouse,2024-11-06,253.08
4448,Mia,55,Male,New York,2024-11-07,102.09
4449,Paul,30,Male,Nice,2024-11-08,283.32
4450,Henry,37,Female,Nice,2024-11-08,35.22
4451,Sam,56,Male,Houston,2024-11-08,803.93
4452,Charlie,59,Male,Philadelphia,2024-11-09,593.09
4453,Mia,38,Male,Bordeaux,2024-11-09,67.69
4454,Grace,36,Female,Lille,2024-11-09,938.27
4455,Léa,49,Female,Lille,2024-11-10,203.49
4456,Paul,22,Male,Lyon,2024-11-10,27.88
4457,Chloé,42,Male,New York,2024-11-10,390.32
4458,Emma,62,Female,Nice,2024-11-11,766.17
4459,Kate,44,Female,Dallas,2024-11-11,105.54
4460,Grace,35,Female,Marseille,2024-11-11,273.99
4461,Lucas,18,Male,San Jose,2024-11-12,104.42
4462,Charlie,20,Male,Nice,2024-11-12,164.13
4463,Noah,58,Male,Lille,2024-11-12,67.95
4464,Olivia,18,Male,Bordeaux,2024-11-12,1471.19
4465,Jack,27,Female,Toulouse,2024-11-13,291.17
4466,Olivia,49,Male,Nantes,2024-11-13,94.68
4467,Gabriel,36,Male,Chicago,2024-11-13,137.21
4468,Louis,53,Female,Toulouse,2024-11-14,208.54
4469,Paul,41,Female,San Diego,2024-11-14,332.97
4470,Eva,25,Male,San Diego,2024-11-15,28.66
4471,Tina,53,Male,Philadelphia,2024-11-15,298.54
4472,Jack,27,Male,Los Angeles,2024-11-15,259.99
4473,Hugo,54,Female,Nantes,2024-11-15,438.86
4474,Liam,30,Female,Lille,2024-11-15,50.09
4475,Diana,40,Female,Toulouse,2024-11-15,75.21
4476,Tina,65,Female,Dallas,2024-11-15,229.13
4477,Paul,18,Male,Houston,2024-11-16,609.85
4478,Sophie,46,Male,New York,2024-11-16,536.22
4479,Diana,49,Female,Chicago,2024-11-16,962.7
4480,Jack,34,Female,Bordeaux,2024-11-16,443.81
4481,Léa,54,Male,Dallas,2024-11-17,144.85
4482,Noah,56,Male,Paris,2024-11-17,85.31
4483,Lucas,36,Female,Phoenix,2024-11-17,200.73
4484,Quinn,47,Female,San Diego,2024-11-17,23.77
4485,Quinn,47,Male,Los Angeles,2024-11-18,954.93
4486,Henry,36,Female,San Antonio,2024-11-18,29.64
4487,Noah,28,Female,Nice,2024-11-18,267.37
4488,Isabel,28,Male,Nantes,2024-11-18,1836.64
4489,Emma,27,Female,Chicago,2024-11-18,1501.32
4490,Lucas,39,Male,New York,2024-11-18,426.27
4491,Sophie,44,Male,New York,2024-11-19,147.85
4492,Paul,43,Male,Lyon,2024-11-19,64.87
4493,Henry,36,Male,Nantes,2024-11-19,561.06
4494,Jack,59,Male,San Antonio,2024-11-20,762.28
4495,Jack,27,Male,Paris,2024-11-20,91.15
4496,Olivia,50,Female,San Jose,2024-11-20,243.42
4497,Paul,48,Male,Paris,2024-11-20,43.02
4498,Manon,36,Male,Los Angeles,2024-11-20,449.54
4499,Henry,34,Male,Marseille,2024-11-20,43.99
4500,Bob,30,Male,San Antonio,2024-11-20,231.24
4501,Louis,44,Male,Phoenix,2024-11-21,234.54
4502,Louis,65,Female,New York,2024-11-21,545.01
4503,Mia,51,Male,Toulouse,2024-11-21,389.96
4504,Bob,44,Female,Houston,2024-11-21,116.68
4505,Paul,25,Female,Paris,2024-11-22,606.32
4506,Eva,30,Female,Bordeaux,2024-11-23,732.8
4507,Rachel,37,Female,San Jose,2024-11-23,203.72
4508,Sophie,55,Male,Phoenix,2024-11-23,229.81
4509,Alice,39,Male,Dallas,2024-11-23,84.78
4510,Quinn,40,Female,Dallas,2024-11-24,330.4
4511,Diana,49,Male,San Jose,2024-11-24,109.33
4512,Antoine,51,Female,Dallas,2024-11-25,76.12
4513,Henry,30,Male,Nantes,2024-11-25,429.55
4514,Sophie,26,Female,San Antonio,2024-11-25,224.43
4515,Léa,38,Male,Bordeaux,2024-11-25,73.48
4516,Sam,49,Female,Los Angeles,2024-11-26,1101.48
4517,Isabel,58,Female,Nice,2024-11-26,260.6
4518,Hugo,37,Female,Marseille,2024-11-26,993.15
4519,Olivia,50,Male,Lille,2024-11-27,838.49
4520,Tina,60,Male,Philadelphia,2024-11-27,319.45
4521,Alice,64,Male,Los Angeles,2024-11-28,119.59
4522,Louis,48,Male,San Antonio,2024-11-28,949.23
4523,Chloé,49,Female,Houston,2024-11-28,134.65
4524,Quinn,34,Female,Nantes,2024-11-28,1198.98
4525,Noah,64,Male,Philadelphia,2024-11-28,101.07
4526,Emma,63,Female,San Jose,2024-11-28,235.67
4527,Frank,30,Male,Chicago,2024-11-29,36.78
4528,Léa,42,Female,Nice,2024-11-29,672.1
4529,Chloé,40,Male,Nice,2024-11-29,319.52
4530,Diana,51,Male,Lille,2024-11-29,472.96
4531,Lucas,46,Female,San Antonio,2024-11-29,585.61
4532,Paul,28,Male,San Diego,2024-11-30,950.56
4533,Diana,40,Male,Los Angeles,2024-11-30,1378.45
4534,Noah,21,Male,Nice,2024-11-30,195.46
4535,Alice,19,Female,Nice,2024-11-30,492.64
4536,Tina,59,Female,Los Angeles,2024-11-30,36.06
4537,Frank,57,Male,Lille,2024-11-30,578.87
4538,Bob,38,Male,San Diego,2024-11-30,451.52
4539,Gabriel,22,Male,San Jose,2024-11-30,153.02
4540,Alice,18,Male,Phoenix,2024-11-30,123.22
4541,Rachel,31,Male,Phoenix,2024-11-30,155.95
4542,Mia,52,Female,Philadelphia,2024-12-01,108.44
4543,Hugo,46,Female,Nice,2024-12-01,194.19
4544,Sam,58,Female,Bordeaux,2024-12-01,722.36
4545,Rachel,40,Female,Dallas,2024-12-02,288.6
4546,Léa,59,Female,Phoenix,2024-12-02,273.22
4547,Kate,64,Female,New York,2024-12-02,564.58
4548,Henry,49,Male,Paris,2024-12-02,117.37
4549,Frank,48,Male,Paris,2024-12-03,407.76
4550,Eva,42,Male,Chicago,2024-12-03,1466.73
4551,Rachel,37,Male,Nantes,2024-12-03,798.73
4552,Olivia,34,Female,Toulouse,2024-12-03,33.14
4553,Diana,24,Female,Chicago,2024-12-03,482.47
4554,Bob,55,Male,Marseille,2024-12-04,553.95
4555,Chloé,24,Male,Marseille,2024-12-04,169.75
4556,Liam,32,Male,Toulouse,2024-12-04,1037.5
4557,Sophie,19,Female,Lyon,2024-12-04,381.48
4558,Manon,34,Male,Houston,2024-12-04,91.6
4559,Tina,38,Female,Dallas,2024-12-04,92.14
4560,Lucas,20,Female,Nantes,2024-12-05,163.38
4561,Noah,50,Male,Houston,2024-12-05,727.24
4562,Henry,48,Male,Nice,2024-12-07,146.79
4563,Eva,26,Male,Chicago,2024-12-07,423.86
4564,Grace,23,Female,Paris,2024-12-08,455.34
4565,Sam,26,Female,Paris,2024-12-09,1103.47
4566,Henry,31,Female,San Antonio,2024-12-09,179.2
4567,Antoine,38,Female,Lyon,2024-12-09,594.6
4568,Léa,23,Male,Nice,2024-12-09,212.53
4569,Tina,26,Male,Dallas,2024-12-09,125.97
4570,Manon,59,Female,San Diego,2024-12-09,471.57
4571,Olivia,36,Male,Nice,2024-12-10,722.85
4572,Mia,32,Female,Lille,2024-12-10,256.03
4573,Noah,51,Male,Chicago,2024-12-10,228.56
4574,Louis,43,Female,New York,2024-12-10,44.84
4575,Charlie,22,Female,Lyon,2024-12-10,296.38
4576,Diana,39,Female,Marseille,2024-12-11,363.92
4577,Jack,53,Male,San Jose,2024-12-11,43.34
4578,Mia,31,Male,Philadelphia,2024-12-12,593.86
4579,Jack,56,Male,Philadelphia,2024-12-12,126.92
4580,Quinn,27,Female,Lyon,2024-12-13,42.94
4581,Diana,33,Male,Marseille,2024-12-13,999.82
4582,Léa,59,Female,San Jose,2024-12-14,1845.25
4583,Quinn,62,Male,San Antonio,2024-12-14,295.33
4584,Mia,40,Male,San Diego,2024-12-14,149.01
4585,Léa,23,Male,Los Angeles,2024-12-14,324.07
4586,Gabriel,36,Male,Phoenix,2024-12-14,187.75
4587,Mia,42,Male,Houston,2024-12-14,1259.07
4588,Diana,58,Male,Houston,2024-12-14,31.7
4589,Charlie,62,Male,Dallas,2024-12-14,78.17
4590,Lucas,34,Female,San Antonio,2024-12-14,325.04
4591,Chloé,52,Female,Phoenix,2024-12-15,336.01
4592,Rachel,64,Male,San Antonio,2024-12-15,1340.51
4593,Emma,58,Male,Toulouse,2024-12-15,723.75
4594,Louis,62,Male,San Jose,2024-12-15,1002.6
4595,Henry,32,Male,Chicago,2024-12-16,616.49
4596,Rachel,64,Female,Los Angeles,2024-12-16,810.04
4597,Charlie,26,Male,Los Angeles,2024-12-16,246.22
4598,Gabriel,44,Female,San Diego,2024-12-16,271.3
4599,Rachel,30,Male,San Antonio,2024-12-16,263.57
4600,Frank,39,Male,Houston,2024-12-17,346.71
4601,Olivia,45,Female,Nantes,2024-12-17,173.83
4602,Tina,36,Male,Chicago,2024-12-17,338.02
4603,Bob,62,Female,Lille,2024-12-18,826.66
4604,Eva,27,Male,San Jose,2024-12-18,187.68
4605,Hugo,52,Male,San Antonio,2024-12-18,542.12
4606,Olivia,39,Male,Nantes,2024-12-19,174.52
4607,Grace,40,Female,Philadelphia,2024-12-19,158.7
4608,Bob,57,Female,Chicago,2024-12-20,96.82
4609,Quinn,56,Female,San Diego,2024-12-20,568.14
4610,Diana,24,Female,Lyon,2024-12-20,87.5
4611,Paul,36,Male,Bordeaux,2024-12-20,289.57
4612,Isabel,39,Male,Paris,2024-12-20,145.92
4613,Grace,22,Female,Los Angeles,2024-12-21,138.21
4614,Kate,64,Male,Marseille,2024-12-21,142.41
4615,Eva,44,Female,Dallas,2024-12-21,1645.17
4616,Frank,45,Male,Lille,2024-12-21,1566.61
4617,Frank,20,Male,Toulouse,2024-12-21,571.63
4618,Grace,36,Male,Nice,2024-12-22,295.4
4619,Isabel,33,Female,Phoenix,2024-12-22,1190.73
4620,Sophie,53,Female,Phoenix,2024-12-23,804.71
4621,Quinn,36,Female,Bordeaux,2024-12-24,252.93
4622,Sophie,59,Male,Bordeaux,2024-12-24,83.21
4623,Tina,47,Female,Nantes,2024-12-25,169.72
4624,Chloé,64,Male,San Diego,2024-12-25,212.41
4625,Eva,61,Male,Lille,2024-12-25,237.02
4626,Quinn,32,Female,San Antonio,2024-12-25,239.14
4627,Sophie,65,Female,Bordeaux,2024-12-25,66.75
4628,Mia,23,Male,Houston,2024-12-26,205.89
4629,Quinn,30,Female,Houston,2024-12-26,565.84
4630,Noah,34,Male,New York,2024-12-26,397.12
4631,Tina,29,Female,Philadelphia,2024-12-26,49.18
4632,Noah,55,Male,San Jose,2024-12-26,1110.87
4633,Louis,65,Male,Marseille,2024-12-26,203.65
4634,Sam,59,Male,San Diego,2024-12-26,596.06
4635,Grace,54,Male,Nice,2024-12-26,1198.29
4636,Liam,61,Male,Philadelphia,2024-12-26,522.43
4637,Antoine,50,Female,Lille,2024-12-26,357.69
4638,Tina,33,Male,Nantes,2024-12-27,800.63
4639,Mia,54,Male,Los Angeles,2024-12-27,219.04
4640,Gabriel,65,Male,Houston,2024-12-27,1301.49
4641,Manon,46,Male,Lille,2024-12-27,197.71
4642,Diana,33,Male,Marseille,2024-12-27,346.6
4643,Olivia,56,Female,San Jose,2024-12-27,424.69
4644,Gabriel,60,Male,Los Angeles,2024-12-27,178.85
4645,Alice,32,Male,Lille,2024-12-28,75.41
4646,Gabriel,26,Male,Bordeaux,2024-12-28,149.35
4647,Noah,23,Female,Bordeaux,2024-12-28,661.27
4648,Chloé,59,Male,Los Angeles,2024-12-29,423.95
4649,Isabel,18,Male,Philadelphia,2024-12-29,33.59
4650,Liam,21,Female,Chicago,2024-12-29,26.56
4651,Alice,35,Female,Phoenix,2024-12-29,459.64
4652,Frank,25,Female,Marseille,2024-12-30,92.19
4653,Bob,57,Female,Toulouse,2024-12-30,204.21
4654,Sam,27,Female,Nice,2024-12-30,48.05
4655,Mia,34,Male,Marseille,2024-12-31,1055.88
4656,Paul,26,Male,New York,2024-12-31,228.7
4657,Emma,50,Female,Los Angeles,2025-01-01,21.32
4658,Alice,57,Female,Toulouse,2025-01-01,348.1
4659,Tina,40,Male,Bordeaux,2025-01-01,611.23
4660,Gabriel,57,Male,Paris,2025-01-01,26.57
4661,Alice,20,Female,New York,2025-01-01,175.56
4662,Charlie,51,Female,San Diego,2025-01-02,435.96
4663,Frank,60,Female,Toulouse,2025-01-02,199.83
4664,Kate,36,Male,Chicago,2025-01-02,414.17
4665,Antoine,36,Female,San Antonio,2025-01-02,169.51
4666,Quinn,50,Female,Phoenix,2025-01-03,248.22
4667,Jack,44,Female,San Jose,2025-01-03,55.25
4668,Tina,61,Male,Bordeaux,2025-01-04,147.74
4669,Rachel,47,Female,Chicago,2025-01-04,43.02
4670,Bob,39,Male,Houston,2025-01-04,42.77
4671,Jack,27,Male,Lyon,2025-01-05,675.96
4672,Mia,18,Female,Dallas,2025-01-05,145.1
4673,Chloé,28,Female,Phoenix,2025-01-05,490.09
4674,Sophie,62,Male,New York,2025-01-05,41.81
4675,Grace,38,Female,Philadelphia,2025-01-05,21.61
4676,Emma,32,Female,Dallas,2025-01-06,75.18
4677,Gabriel,36,Male,Philadelphia,2025-01-06,145.92
4678,Henry,28,Female,San Jose,2025-01-07,728.28
4679,Charlie,60,Female,Paris,2025-01-07,328.46
4680,Isabel,51,Female,San Antonio,2025-01-07,88.63
4681,Manon,19,Male,Lyon,2025-01-07,113.96
4682,Hugo,47,Female,Philadelphia,2025-01-07,217.97
4683,Sophie,52,Male,Toulouse,2025-01-08,533.02
4684,Jack,59,Male,Nice,2025-01-08,301.33
4685,Quinn,53,Male,Dallas,2025-01-08,1157.34
4686,Antoine,64,Male,Los Angeles,2025-01-08,897.3
4687,Léa,25,Male,Nantes,2025-01-08,187.69
4688,Frank,49,Male,Marseille,2025-01-09,29.67
4689,Louis,47,Female,Chicago,2025-01-09,1931.15
4690,Sophie,31,Male,Lyon,2025-01-09,85.85
4691,Rachel,51,Female,Toulouse,2025-01-09,618.35
4692,Bob,26,Female,Philadelphia,2025-01-10,64.21
4693,Chloé,59,Male,Marseille,2025-01-10,78.08
4694,Liam,29,Male,San Antonio,2025-01-11,121.6
4695,Louis,43,Male,Bordeaux,2025-01-11,43.89
4696,Lucas,60,Male,Lille,2025-01-11,798.11
4697,Louis,56,Female,Toulouse,2025-01-12,324.1
4698,Alice,38,Female,Phoenix,2025-01-12,449.71
4699,Lucas,35,Female,Marseille,2025-01-13,57.56
4700,Jack,19,Male,Dallas,2025-01-13,389.38
4701,Lucas,49,Female,Dallas,2025-01-13,89.26
4702,Bob,29,Female,Lille,2025-01-13,136.1
4703,Chloé,48,Male,Lyon,2025-01-13,568.37
4704,Isabel,43,Female,Toulouse,2025-01-14,730.75
4705,Diana,20,Female,Toulouse,2025-01-14,547.63
4706,Isabel,57,Male,Dallas,2025-01-15,134.83
4707,Chloé,25,Female,San Antonio,2025-01-15,187.19
4708,Mia,30,Male,Bordeaux,2025-01-15,121.77
4709,Noah,35,Female,San Diego,2025-01-17,84.82
4710,Isabel,22,Male,Marseille,2025-01-17,349.93
4711,Frank,52,Female,Dallas,2025-01-17,456.59
4712,Rachel,31,Female,New York,2025-01-17,61.77
4713,Grace,63,Male,Chicago,2025-01-18,88.25
4714,Chloé,63,Female,Marseille,2025-01-18,485.41
4715,Bob,24,Female,Chicago,2025-01-18,2207.81
4716,Manon,24,Female,San Antonio,2025-01-18,165.82
4717,Antoine,63,Female,Nice,2025-01-19,168.97
4718,Kate,38,Male,Philadelphia,2025-01-19,82.25
4719,Rachel,44,Male,Nantes,2025-01-19,25.9
4720,Diana,64,Male,New York,2025-01-20,90.34
4721,Louis,63,Male,Marseille,2025-01-20,363.31
4722,Isabel,35,Female,San Jose,2025-01-20,148.46
4723,Mia,38,Female,Nice,2025-01-20,628.99
4724,Grace,37,Female,San Antonio,2025-01-20,163.38
4725,Charlie,20,Female,San Jose,2025-01-21,593.21
4726,Paul,23,Male,Chicago,2025-01-21,187.26
4727,Liam,37,Female,Houston,2025-01-21,306.39
4728,Sam,53,Male,San Jose,2025-01-21,460.52
4729,Gabriel,36,Male,New York,2025-01-22,383.04
4730,Chloé,21,Male,Lyon,2025-01-22,109.04
4731,Chloé,43,Male,Marseille,2025-01-22,577.06
4732,Louis,50,Female,New York,2025-01-22,36.25
4733,Gabriel,58,Female,Bordeaux,2025-01-23,322.9
4734,Lucas,46,Female,San Diego,2025-01-23,396.85
4735,Sophie,18,Female,Lyon,2025-01-23,110.22
4736,Rachel,29,Female,Nantes,2025-01-23,429.64
4737,Hugo,33,Female,New York,2025-01-24,276.93
4738,Henry,38,Female,Nantes,2025-01-24,113.45
4739,Kate,19,Female,San Jose,2025-01-24,201.8
4740,Kate,65,Male,Lyon,2025-01-25,830.99
4741,Louis,62,Female,New York,2025-01-26,277.24
4742,Eva,54,Female,Los Angeles,2025-01-26,479.38
4743,Louis,30,Female,San Antonio,2025-01-27,1559.52
4744,Sam,65,Male,Nantes,2025-01-27,307.9
4745,Lucas,59,Male,San Jose,2025-01-27,88.1
4746,Sam,23,Male,Marseille,2025-01-27,351.35
4747,Jack,41,Male,Marseille,2025-01-27,381.58
4748,Emma,39,Male,San Antonio,2025-01-27,912.4
4749,Emma,55,Male,New York,2025-01-28,97.46
4750,Jack,36,Female,Paris,2025-01-28,204.3
4751,Grace,63,Female,Houston,2025-01-28,274.03
4752,Bob,26,Female,San Antonio,2025-01-28,369.41
4753,Sophie,42,Female,Los Angeles,2025-01-28,347.83
4754,Grace,56,Male,New York,2025-01-28,131.09
4755,Hugo,63,Male,Nice,2025-01-28,833.45
4756,Frank,34,Female,San Antonio,2025-01-29,232.09
4757,Sophie,62,Male,San Jose,2025-01-30,672.77
4758,Sam,31,Male,Lyon,2025-01-30,117.88
4759,Olivia,35,Female,Philadelphia,2025-01-30,141.97
4760,Hugo,48,Male,Nice,2025-01-30,732.62
4761,Olivia,44,Male,Lille,2025-01-30,872.05
4762,Sam,37,Female,Houston,2025-01-30,420.39
4763,Louis,52,Female,Toulouse,2025-01-30,53.63
4764,Sophie,26,Female,Phoenix,2025-01-30,460.41
4765,Grace,46,Female,Nantes,2025-01-31,548.98
4766,Diana,30,Male,San Antonio,2025-01-31,340.73
4767,Quinn,46,Female,Marseille,2025-01-31,182.18
4768,Léa,62,Male,New York,2025-01-31,1229.23
4769,Sophie,39,Male,San Diego,2025-02-01,307.3
4770,Henry,65,Male,Bordeaux,2025-02-01,267.08
4771,Diana,63,Male,Dallas,2025-02-01,37.34
4772,Alice,33,Male,Philadelphia,2025-02-01,25.37
4773,Liam,54,Female,San Diego,2025-02-01,58.15
4774,Lucas,39,Male,Philadelphia,2025-02-01,135.6
4775,Liam,62,Female,San Antonio,2025-02-01,117.77
4776,Léa,21,Male,Nice,2025-02-01,354.52
4777,Chloé,41,Male,Chicago,2025-02-02,468.23
4778,Léa,58,Male,San Diego,2025-02-02,359.69
4779,Jack,52,Female,San Jose,2025-02-02,145.06
4780,Diana,50,Female,Lyon,2025-02-02,52.1
4781,Chloé,19,Female,New York,2025-02-02,1092.23
4782,Jack,27,Female,Houston,2025-02-04,277.31
4783,Emma,64,Female,Paris,2025-02-04,166.64
4784,Diana,59,Male,Lyon,2025-02-05,950.84
4785,Henry,49,Male,Dallas,2025-02-05,62.93
4786,Isabel,45,Female,San Antonio,2025-02-05,669.39
4787,Manon,40,Male,Paris,2025-02-05,52.3
4788,Eva,22,Male,Bordeaux,2025-02-05,745.14
4789,Kate,51,Female,Marseille,2025-02-06,400.27
4790,Liam,30,Female,Lille,2025-02-07,451.73
4791,Bob,27,Male,San Diego,2025-02-07,86.38
4792,Antoine,55,Male,Marseille,2025-02-07,166.83
4793,Charlie,65,Male,Los Angeles,2025-02-08,265.23
4794,Henry,61,Female,Bordeaux,2025-02-08,132.17
4795,Henry,26,Female,Lille,2025-02-08,70.05
4796,Eva,24,Male,San Diego,2025-02-08,459.18
4797,Eva,56,Male,Nice,2025-02-08,483.59
4798,Paul,49,Female,San Antonio,2025-02-08,95.24
4799,Alice,63,Female,Nice,2025-02-08,55.74
4800,Chloé,30,Male,Philadelphia,2025-02-09,460.74
4801,Frank,50,Male,Houston,2025-02-09,344.04
4802,Noah,32,Female,Bordeaux,2025-02-09,35.51
4803,Alice,53,Male,San Jose,2025-02-10,83.13
4804,Manon,31,Male,Toulouse,2025-02-10,262.37
4805,Chloé,35,Male,San Diego,2025-02-10,686.8
4806,Sophie,55,Male,Nantes,2025-02-10,115.98
4807,Sam,54,Male,Nice,2025-02-11,187.92
4808,Jack,37,Male,San Antonio,2025-02-12,2381.59
4809,Quinn,47,Male,Chicago,2025-02-12,479.94
4810,Manon,34,Male,Dallas,2025-02-12,120.75
4811,Paul,53,Female,Paris,2025-02-12,2117.81
4812,Kate,43,Female,Marseille,2025-02-13,430.24
4813,Mia,64,Male,Marseille,2025-02-13,1046.58
4814,Hugo,44,Male,San Jose,2025-02-14,321.11
4815,Noah,52,Female,Bordeaux,2025-02-14,123.96
4816,Gabriel,48,Female,San Diego,2025-02-14,429.33
4817,Grace,49,Male,Houston,2025-02-14,701.54
4818,Isabel,31,Female,Phoenix,2025-02-14,193.28
4819,Grace,29,Male,Chicago,2025-02-14,196.7
4820,Louis,33,Female,San Diego,2025-02-14,1708.01
4821,Kate,26,Female,Lille,2025-02-15,846.71
4822,Noah,18,Male,Philadelphia,2025-02-15,107.61
4823,Charlie,51,Male,Chicago,2025-02-15,68.56
4824,Mia,46,Female,Los Angeles,2025-02-16,134.46
4825,Kate,18,Male,Nice,2025-02-16,218.56
4826,Gabriel,61,Female,Philadelphia,2025-02-16,386.12
4827,Alice,60,Female,Houston,2025-02-16,102.96
4828,Sophie,37,Female,Dallas,2025-02-17,652.43
4829,Isabel,57,Female,Philadelphia,2025-02-17,47.4
4830,Gabriel,40,Male,Nantes,2025-02-17,655.28
4831,Hugo,58,Female,Philadelphia,2025-02-17,2062.05
4832,Henry,45,Female,Nantes,2025-02-17,389.03
4833,Louis,60,Female,Phoenix,2025-02-18,571.28
4834,Eva,24,Male,Phoenix,2025-02-18,160.97
4835,Grace,57,Male,San Diego,2025-02-18,980.03
4836,Charlie,35,Female,Paris,2025-02-18,35.69
4837,Mia,43,Female,San Antonio,2025-02-18,408.15
4838,Chloé,40,Female,Chicago,2025-02-19,131.37
4839,Diana,26,Female,Phoenix,2025-02-19,368.48
4840,Chloé,54,Male,Marseille,2025-02-19,131.72
4841,Rachel,65,Male,Chicago,2025-02-19,141.77
4842,Louis,27,Male,Marseille,2025-02-19,498.59
4843,Mia,61,Male,Marseille,2025-02-19,169.5
4844,Quinn,40,Female,Philadelphia,2025-02-19,955.64
4845,Grace,42,Male,Lyon,2025-02-19,41.09
4846,Grace,40,Male,Chicago,2025-02-20,226.55
4847,Olivia,65,Male,Chicago,2025-02-21,114.23
4848,Lucas,18,Male,San Antonio,2025-02-21,444.94
4849,Gabriel,21,Female,Bordeaux,2025-02-21,810.42
4850,Gabriel,40,Male,Nice,2025-02-22,370.39
4851,Kate,64,Male,Nice,2025-02-22,201.32
4852,Emma,34,Male,Lyon,2025-02-22,346.76
4853,Alice,44,Male,San Diego,2025-02-23,95.0
4854,Kate,51,Male,Chicago,2025-02-23,452.75
4855,Henry,48,Female,Dallas,2025-02-23,733.6
4856,Diana,34,Female,Nice,2025-02-23,880.97
4857,Sophie,41,Male,San Diego,2025-02-23,126.38
4858,Lucas,47,Male,New York,2025-02-24,757.59
4859,Alice,53,Female,Phoenix,2025-02-25,227.27
4860,Bob,63,Male,Lyon,2025-02-25,103.9
4861,Bob,54,Male,Los Angeles,2025-02-25,1600.81
4862,Alice,35,Male,Los Angeles,2025-02-27,715.74
4863,Gabriel,61,Male,Houston,2025-02-27,69.51
4864,Emma,64,Male,San Diego,2025-02-27,319.15
4865,Eva,46,Male,Houston,2025-02-28,402.56
4866,Emma,32,Male,Houston,2025-02-28,193.18
4867,Liam,42,Female,San Jose,2025-02-28,35.34
4868,Rachel,61,Female,Los Angeles,2025-02-28,464.18
4869,Hugo,41,Male,Los Angeles,2025-02-28,47.43
4870,Liam,32,Male,Chicago,2025-03-01,23.16
4871,Emma,52,Male,Phoenix,2025-03-01,91.92
4872,Léa,27,Male,Nice,2025-03-01,113.7
4873,Henry,43,Female,Marseille,2025-03-02,553.73
4874,Diana,60,Female,San Jose,2025-03-02,702.22
4875,Gabriel,22,Female,San Diego,2025-03-02,652.77
4876,Tina,18,Male,Paris,2025-03-02,580.51
4877,Noah,22,Male,New York,2025-03-03,105.02
4878,Chloé,63,Female,Houston,2025-03-03,349.41
4879,Noah,39,Male,Bordeaux,2025-03-03,466.71
4880,Eva,63,Female,Dallas,2025-03-03,671.55
4881,Frank,41,Female,Houston,2025-03-04,673.39
4882,Léa,24,Female,San Jose,2025-03-04,693.49
4883,Antoine,35,Male,San Diego,2025-03-04,683.48
4884,Manon,60,Female,Toulouse,2025-03-04,933.25
4885,Rachel,34,Male,Chicago,2025-03-04,1183.68
4886,Lucas,49,Male,Philadelphia,2025-03-04,108.27
4887,Mia,24,Female,Marseille,2025-03-04,51.6
4888,Liam,21,Female,Lille,2025-03-05,261.57
4889,Mia,65,Female,Chicago,2025-03-05,23.48
4890,Emma,23,Male,Nice,2025-03-05,2004.97
4891,Hugo,32,Female,San Jose,2025-03-06,399.25
4892,Quinn,19,Female,Phoenix,2025-03-06,1505.79
4893,Emma,50,Female,Chicago,2025-03-06,253.5
4894,Paul,57,Female,New York,2025-03-06,26.01
4895,Olivia,48,Male,San Jose,2025-03-07,429.75
4896,Chloé,65,Female,Chicago,2025-03-07,275.01
4897,Sophie,28,Female,San Jose,2025-03-07,482.76
4898,Frank,61,Male,Lyon,2025-03-07,235.61
4899,Manon,23,Male,San Diego,2025-03-07,62.98
4900,Grace,54,Female,Paris,2025-03-08,633.33
4901,Noah,45,Male,Los Angeles,2025-03-08,557.62
4902,Liam,29,Male,Houston,2025-03-08,330.31
4903,Chloé,50,Female,Nantes,2025-03-08,361.67
4904,Liam,65,Female,Marseille,2025-03-09,165.44
4905,Sophie,50,Male,San Diego,2025-03-10,121.84
4906,Bob,26,Female,Nantes,2025-03-10,39.44
4907,Emma,20,Female,Houston,2025-03-10,37.9
4908,Lucas,61,Female,San Jose,2025-03-11,1813.88
4909,Eva,29,Male,Los Angeles,2025-03-11,754.73
4910,Gabriel,24,Female,Dallas,2025-03-11,181.17
4911,Alice,35,Female,Bordeaux,2025-03-11,134.06
4912,Léa,27,Female,Bordeaux,2025-03-12,60.91
4913,Antoine,26,Male,Lyon,2025-03-12,333.0
4914,Louis,40,Female,Toulouse,2025-03-12,663.04
4915,Paul,39,Male,San Antonio,2025-03-12,211.31
4916,Noah,65,Female,Paris,2025-03-12,262.39
4917,Quinn,55,Female,Paris,2025-03-12,39.05
4918,Quinn,24,Female,Philadelphia,2025-03-12,1010.19
4919,Emma,62,Female,Houston,2025-03-13,133.13
4920,Kate,51,Male,Marseille,2025-03-13,383.59
4921,Grace,37,Male,Philadelphia,2025-03-13,669.93
4922,Chloé,58,Female,Nice,2025-03-14,53.01
4923,Léa,64,Male,Phoenix,2025-03-14,35.89
4924,Eva,63,Female,Houston,2025-03-15,36.16
4925,Antoine,31,Female,Chicago,2025-03-15,981.08
4926,Sam,58,Female,Philadelphia,2025-03-15,47.41
4927,Olivia,36,Male,Toulouse,2025-03-15,325.3
4928,Quinn,54,Female,Los Angeles,2025-03-15,1061.61
4929,Lucas,55,Male,San Diego,2025-03-15,545.07
4930,Jack,23,Male,Toulouse,2025-03-15,487.14
4931,Liam,29,Female,Marseille,2025-03-16,155.43
4932,Olivia,48,Female,Bordeaux,2025-03-16,676.43
4933,Chloé,34,Female,San Antonio,2025-03-16,638.05
4934,Diana,41,Female,Nantes,2025-03-16,489.56
4935,Chloé,34,Female,San Antonio,2025-03-17,420.51
4936,Rachel,42,Male,Marseille,2025-03-17,217.32
4937,Noah,39,Female,New York,2025-03-17,129.07
4938,Quinn,52,Male,San Diego,2025-03-17,56.82
4939,Charlie,35,Female,San Jose,2025-03-19,31.25
4940,Olivia,62,Male,Los Angeles,2025-03-19,641.17
4941,Paul,54,Female,San Diego,2025-03-20,42.84
4942,Isabel,38,Male,Nantes,2025-03-20,549.44
4943,Louis,47,Male,San Diego,2025-03-22,1273.74
4944,Tina,43,Male,San Jose,2025-03-24,516.79
4945,Mia,60,Male,Toulouse,2025-03-24,57.42
4946,Frank,42,Female,Bordeaux,2025-03-24,46.35
4947,Léa,23,Female,Dallas,2025-03-24,559.98
4948,Emma,63,Male,San Jose,2025-03-24,213.05
4949,Charlie,18,Male,Chicago,2025-03-25,633.05
4950,Lucas,60,Male,Chicago,2025-03-25,59.01
4951,Sam,26,Male,San Antonio,2025-03-25,46.16
4952,Frank,19,Female,Houston,2025-03-25,277.18
4953,Quinn,42,Female,San Antonio,2025-03-26,82.84
4954,Olivia,59,Male,Paris,2025-03-26,51.39
4955,Sam,60,Female,Lille,2025-03-26,130.88
4956,Olivia,41,Male,Philadelphia,2025-03-26,28.65
4957,Olivia,28,Female,Lyon,2025-03-26,280.99
4958,Sam,36,Male,Philadelphia,2025-03-26,34.16
4959,Emma,60,Female,Lyon,2025-03-26,105.86
4960,Liam,57,Male,Los Angeles,2025-03-27,168.2
4961,Paul,44,Male,Marseille,2025-03-27,400.82
4962,Lucas,62,Female,Houston,2025-03-27,492.49
4963,Frank,56,Female,San Diego,2025-03-27,63.13
4964,Jack,39,Male,Philadelphia,2025-03-27,52.19
4965,Grace,34,Male,Bordeaux,2025-03-27,385.62
4966,Rachel,24,Female,Houston,2025-03-27,488.11
4967,Lucas,53,Female,San Jose,2025-03-28,301.69
4968,Quinn,52,Male,Paris,2025-03-29,348.39
4969,Rachel,65,Male,Toulouse,2025-03-29,140.3
4970,Chloé,28,Female,Dallas,2025-03-29,875.63
4971,Isabel,27,Female,Bordeaux,2025-03-29,439.92
4972,Rachel,50,Male,New York,2025-03-30,151.43
4973,Sam,47,Female,Bordeaux,2025-03-30,763.92
4974,Hugo,38,Male,New York,2025-03-30,58.5
4975,Lucas,50,Female,Lille,2025-03-30,640.48
4976,Eva,61,Male,Lyon,2025-03-30,49.64
4977,Eva,60,Female,Phoenix,2025-03-31,598.33
4978,Alice,25,Male,Phoenix,2025-03-31,221.77
4979,Frank,38,Male,Paris,2025-03-31,444.82
4980,Gabriel,25,Female,Chicago,2025-03-31,68.3
4981,Isabel,25,Male,New York,2025-03-31,154.66
4982,Gabriel,45,Female,San Antonio,2025-03-31,257.65
4983,Manon,19,Female,San Antonio,2025-04-01,1575.3
4984,Quinn,32,Male,San Diego,2025-04-01,77.94
4985,Jack,39,Female,Philadelphia,2025-04-01,22.26
4986,Grace,37,Female,San Diego,2025-04-01,258.28
4987,Liam,52,Male,Toulouse,2025-04-01,168.89
4988,Antoine,36,Male,Philadelphia,2025-04-01,277.02
4989,Sophie,57,Female,San Jose,2025-04-01,41.0
4990,Tina,37,Female,Bordeaux,2025-04-01,232.37
4991,Charlie,54,Female,Los Angeles,2025-04-02,338.04
4992,Jack,26,Male,New York,2025-04-02,576.44
4993,Charlie,28,Male,Houston,2025-04-02,743.19
4994,Chloé,19,Male,Toulouse,2025-04-02,151.75
4995,Eva,21,Female,Chicago,2025-04-02,92.81
4996,Isabel,29,Female,Dallas,2025-04-03,417.2
4997,Louis,59,Male,San Diego,2025-04-03,426.35
4998,Lucas,58,Male,Philadelphia,2025-04-03,195.63
4999,Lucas,43,Male,Paris,2025-04-04,269.82
5000,Hugo,50,Female,San Diego,2025-04-04,161.54
5001,Eva,20,Male,Philadelphia,2025-04-04,25.83
5002,Noah,30,Female,Los Angeles,2025-04-04,517.97
5003,Liam,59,Female,Toulouse,2025-04-04,1643.41
5004,Sophie,44,Male,Lyon,2025-04-04,476.78
5005,Antoine,34,Male,Marseille,2025-04-04,69.32
5006,Paul,39,Female,Paris,2025-04-05,1050.35
5007,Manon,40,Male,Nantes,2025-04-05,400.19
5008,Henry,31,Female,Nantes,2025-04-05,431.25
5009,Chloé,55,Male,Phoenix,2025-04-06,356.78
5010,Antoine,65,Male,Chicago,2025-04-06,45.77
5011,Olivia,33,Female,Philadelphia,2025-04-06,389.55
5012,Quinn,65,Male,Nice,2025-04-07,318.79
5013,Emma,61,Male,Bordeaux,2025-04-07,60.07
5014,Léa,65,Male,San Antonio,2025-04-07,272.72
5015,Louis,26,Female,Los Angeles,2025-04-07,790.44
5016,Frank,43,Male,Los Angeles,2025-04-07,674.24
5017,Grace,26,Female,New York,2025-04-07,339.0
5018,Jack,63,Female,Dallas,2025-04-08,392.91
5019,Antoine,42,Female,Dallas,2025-04-08,386.24
5020,Léa,27,Male,Chicago,2025-04-09,661.65
5021,Jack,31,Male,Lyon,2025-04-09,299.8
5022,Kate,39,Female,Lille,2025-04-10,424.51
5023,Sam,30,Male,Lille,2025-04-10,140.73
5024,Sam,22,Male,Paris,2025-04-10,507.86
5025,Antoine,63,Male,Bordeaux,2025-04-10,104.91
5026,Jack,50,Male,Phoenix,2025-04-10,164.37
5027,Olivia,37,Female,Lyon,2025-04-10,524.33
5028,Lucas,29,Male,Chicago,2025-04-11,35.55
5029,Charlie,22,Female,Marseille,2025-04-11,556.79
5030,Tina,27,Male,Dallas,2025-04-12,181.75
5031,Manon,48,Female,Lyon,2025-04-12,74.21
5032,Paul,37,Female,Phoenix,2025-04-12,135.61
5033,Charlie,36,Female,San Jose,2025-04-12,643.4
5034,Kate,20,Male,Philadelphia,2025-04-12,68.17
5035,Léa,24,Female,Lyon,2025-04-12,699.6
5036,Bob,32,Female,Lille,2025-04-12,113.88
5037,Tina,60,Female,San Jose,2025-04-13,809.31
5038,Tina,46,Male,Dallas,2025-04-13,118.53
5039,Louis,20,Male,Nantes,2025-04-14,123.5
5040,Olivia,23,Male,Houston,2025-04-15,623.28
5041,Rachel,45,Male,Lille,2025-04-15,164.01
5042,Tina,58,Male,Lille,2025-04-15,1388.16
5043,Emma,31,Female,Houston,2025-04-15,257.96
5044,Jack,51,Male,San Antonio,2025-04-15,294.67
5045,Jack,63,Male,Bordeaux,2025-04-16,221.75
5046,Charlie,65,Female,San Antonio,2025-04-16,541.64
5047,Henry,20,Female,Los Angeles,2025-04-16,219.81
5048,Frank,64,Female,Toulouse,2025-04-16,108.12
5049,Chloé,40,Male,Philadelphia,2025-04-16,182.61
5050,Paul,48,Female,New York,2025-04-16,268.45
5051,Manon,20,Female,Chicago,2025-04-17,538.74
5052,Isabel,39,Male,San Diego,2025-04-17,183.49
5053,Charlie,46,Male,San Diego,2025-04-17,48.62
5054,Manon,54,Female,Chicago,2025-04-17,167.58
5055,Rachel,18,Male,Toulouse,2025-04-17,1031.34
5056,Manon,26,Female,Lille,2025-04-18,112.24
5057,Frank,40,Female,Paris,2025-04-19,313.1
5058,Alice,45,Female,Lille,2025-04-19,757.7
5059,Emma,43,Female,Phoenix,2025-04-19,132.5
5060,Olivia,48,Male,San Antonio,2025-04-20,1501.17
5061,Henry,65,Male,Philadelphia,2025-04-20,336.36
5062,Eva,54,Female,Nantes,2025-04-21,241.31
5063,Mia,36,Male,Phoenix,2025-04-21,356.88
5064,Paul,30,Male,Dallas,2025-04-21,223.16
5065,Paul,27,Female,New York,2025-04-21,242.52
5066,Manon,44,Female,Chicago,2025-04-22,280.28
5067,Paul,33,Female,San Antonio,2025-04-22,42.41
5068,Charlie,51,Female,San Diego,2025-04-23,363.14
5069,Sam,32,Female,Dallas,2025-04-23,564.49
5070,Gabriel,29,Female,Nice,2025-04-23,103.15
5071,Mia,32,Male,Toulouse,2025-04-23,407.48
5072,Diana,23,Male,Lille,2025-04-23,710.12
5073,Hugo,38,Female,Philadelphia,2025-04-24,80.54
5074,Eva,32,Male,Paris,2025-04-24,44.3
5075,Henry,23,Male,Toulouse,2025-04-24,519.52
5076,Lucas,36,Female,Paris,2025-04-24,615.25
5077,Isabel,52,Female,San Diego,2025-04-24,113.1
5078,Emma,23,Male,Chicago,2025-04-25,1116.6
5079,Frank,61,Male,New York,2025-04-25,26.48
5080,Antoine,57,Female,Lille,2025-04-25,347.16
5081,Tina,58,Male,Nice,2025-04-26,627.11
5082,Lucas,27,Male,New York,2025-04-26,208.09
5083,Henry,25,Female,Toulouse,2025-04-26,233.03
5084,Lucas,40,Female,Philadelphia,2025-04-27,175.42
5085,Eva,29,Male,Dallas,2025-04-27,140.2
5086,Quinn,50,Male,Houston,2025-04-27,20.02
5087,Eva,64,Male,San Antonio,2025-04-27,72.9
5088,Mia,23,Female,Lyon,2025-04-28,144.19
5089,Rachel,32,Male,Chicago,2025-04-28,284.82
5090,Liam,40,Female,Philadelphia,2025-04-28,40.76
5091,Diana,38,Male,New York,2025-04-28,614.83
5092,Charlie,48,Female,Houston,2025-04-28,335.04
5093,Sam,55,Female,Marseille,2025-04-28,322.13
5094,Quinn,35,Male,Lille,2025-04-28,186.45
5095,Chloé,60,Female,San Antonio,2025-04-29,495.64
5096,Hugo,39,Male,San Jose,2025-04-29,261.62
5097,Mia,58,Female,Lille,2025-04-29,280.99
5098,Emma,39,Male,Nice,2025-04-30,43.84
5099,Grace,49,Female,Nice,2025-04-30,46.78
5100,Liam,32,Female,Phoenix,2025-04-30,436.56
5101,Kate,34,Female,Philadelphia,2025-04-30,107.53
5102,Léa,37,Male,Lyon,2025-05-01,139.75
5103,Tina,57,Female,Lyon,2025-05-01,433.42
5104,Tina,36,Female,Toulouse,2025-05-01,264.62
5105,Diana,26,Female,Philadelphia,2025-05-02,142.65
5106,Alice,20,Female,Lyon,2025-05-02,1221.05
5107,Sophie,55,Male,Marseille,2025-05-02,705.74
5108,Eva,37,Female,Paris,2025-05-02,90.45
5109,Emma,37,Female,Nantes,2025-05-02,153.17
5110,Paul,43,Female,San Diego,2025-05-03,152.31
5111,Olivia,26,Female,Dallas,2025-05-03,206.75
5112,Frank,59,Female,New York,2025-05-03,222.13
5113,Liam,61,Female,Lyon,2025-05-03,469.56
5114,Gabriel,40,Male,Marseille,2025-05-04,326.4
5115,Grace,43,Male,Lyon,2025-05-04,278.2
5116,Rachel,48,Male,Toulouse,2025-05-04,293.54
5117,Lucas,44,Male,San Jose,2025-05-05,169.86
5118,Paul,56,Female,Lyon,2025-05-05,274.21
5119,Alice,22,Female,Philadelphia,2025-05-05,146.8
5120,Eva,61,Female,New York,2025-05-05,363.34
5121,Jack,32,Female,Lille,2025-05-05,195.58
5122,Manon,65,Male,Nice,2025-05-05,256.55
5123,Frank,21,Female,Phoenix,2025-05-06,1499.0
5124,Kate,37,Female,Lille,2025-05-06,131.87
5125,Hugo,55,Male,San Jose,2025-05-06,200.03
5126,Chloé,33,Male,Marseille,2025-05-06,54.74
5127,Kate,59,Female,Nantes,2025-05-07,180.04
5128,Paul,50,Female,Dallas,2025-05-07,1248.48
5129,Emma,62,Male,Philadelphia,2025-05-07,115.17
5130,Emma,60,Male,New York,2025-05-08,101.3
5131,Eva,34,Male,Lille,2025-05-08,507.13
5132,Sam,42,Male,Nice,2025-05-08,369.17
5133,Liam,40,Female,Chicago,2025-05-08,284.73
5134,Gabriel,58,Male,Philadelphia,2025-05-08,416.98
5135,Bob,19,Male,Lyon,2025-05-09,479.99
5136,Noah,53,Female,Chicago,2025-05-09,476.38
5137,Paul,29,Male,Houston,2025-05-09,66.06
5138,Olivia,65,Male,Philadelphia,2025-05-10,587.03
5139,Noah,62,Male,San Diego,2025-05-10,229.54
5140,Liam,42,Male,Marseille,2025-05-10,255.73
5141,Alice,39,Female,Toulouse,2025-05-11,348.99
5142,Alice,50,Male,Nice,2025-05-11,46.72
5143,Gabriel,62,Male,Bordeaux,2025-05-11,131.01
5144,Olivia,34,Male,Lyon,2025-05-11,462.16
5145,Sophie,50,Male,Toulouse,2025-05-12,748.66
5146,Sam,21,Female,Houston,2025-05-12,127.69
5147,Diana,57,Male,Dallas,2025-05-12,56.47
5148,Chloé,33,Female,Lille,2025-05-12,750.58
5149,Diana,43,Male,Houston,2025-05-13,261.01
5150,Noah,59,Female,Marseille,2025-05-13,138.22
5151,Kate,31,Female,Nice,2025-05-13,481.87
5152,Lucas,61,Female,Phoenix,2025-05-13,791.72
5153,Louis,62,Male,Nantes,2025-05-14,596.01
5154,Chloé,24,Male,Nice,2025-05-14,843.84
5155,Mia,34,Female,Lille,2025-05-14,914.32
5156,Sophie,47,Female,Marseille,2025-05-15,346.3
5157,Emma,36,Female,Los Angeles,2025-05-15,139.34
5158,Gabriel,43,Male,Lille,2025-05-15,300.76
5159,Liam,56,Male,Phoenix,2025-05-15,700.44
5160,Quinn,41,Male,Phoenix,2025-05-16,39.35
5161,Manon,21,Female,Paris,2025-05-16,512.51
5162,Hugo,65,Female,Los Angeles,2025-05-16,338.68
5163,Sam,63,Male,Nantes,2025-05-16,489.36
5164,Tina,25,Female,Lyon,2025-05-16,267.87
5165,Kate,41,Male,San Antonio,2025-05-17,395.08
5166,Alice,37,Male,Nantes,2025-05-17,48.92
5167,Paul,19,Male,Dallas,2025-05-17,459.77
5168,Lucas,20,Female,Paris,2025-05-17,182.72
5169,Gabriel,24,Female,Houston,2025-05-18,56.27
5170,Antoine,50,Male,San Diego,2025-05-18,386.38
5171,Quinn,59,Male,Dallas,2025-05-18,256.69
5172,Rachel,34,Male,San Jose,2025-05-18,264.05
5173,Eva,53,Female,Bordeaux,2025-05-19,261.59
5174,Noah,38,Female,Houston,2025-05-19,230.44
5175,Bob,25,Female,Phoenix,2025-05-19,143.9
5176,Lucas,29,Female,Los Angeles,2025-05-20,2301.71
5177,Paul,41,Male,San Diego,2025-05-20,455.55
5178,Rachel,24,Female,Los Angeles,2025-05-20,814.49
5179,Frank,53,Male,Lyon,2025-05-20,494.0
5180,Tina,34,Female,Lille,2025-05-20,352.6
5181,Chloé,46,Female,Chicago,2025-05-20,710.25
5182,Sam,38,Male,Chicago,2025-05-21,379.58
5183,Bob,20,Female,Lyon,2025-05-21,273.82
5184,Rachel,60,Male,Lyon,2025-05-21,189.55
5185,Charlie,54,Female,Toulouse,2025-05-21,182.4
5186,Jack,55,Male,Paris,2025-05-21,296.11
5187,Grace,56,Female,San Antonio,2025-05-22,262.12
5188,Sophie,38,Female,Marseille,2025-05-22,498.57
5189,Noah,26,Male,Los Angeles,2025-05-22,99.38
5190,Louis,63,Female,San Diego,2025-05-22,20.18
5191,Quinn,40,Female,San Antonio,2025-05-22,156.18
5192,Paul,44,Female,Nantes,2025-05-23,41.25
5193,Rachel,34,Male,Philadelphia,2025-05-23,75.85
5194,Charlie,18,Female,Toulouse,2025-05-23,371.18
5195,Rachel,30,Female,Lille,2025-05-24,506.84
5196,Olivia,23,Male,New York,2025-05-24,270.45
5197,Olivia,24,Male,San Antonio,2025-05-24,575.31
5198,Louis,56,Female,San Antonio,2025-05-25,100.15
5199,Olivia,28,Male,Toulouse,2025-05-25,791.26
5200,Gabriel,20,Male,Houston,2025-05-25,223.02
5201,Frank,20,Male,Nantes,2025-05-25,81.48
5202,Chloé,65,Female,Lille,2025-05-26,299.78
5203,Mia,40,Female,Dallas,2025-05-26,403.6
5204,Sophie,37,Male,Lyon,2025-05-26,1263.98
5205,Louis,57,Female,Toulouse,2025-05-26,156.01
5206,Gabriel,58,Female,San Antonio,2025-05-26,807.77
5207,Grace,35,Female,Marseille,2025-05-26,96.18
5208,Paul,20,Male,Lille,2025-05-27,87.49
5209,Mia,19,Male,New York,2025-05-27,751.77
5210,Paul,60,Male,New York,2025-05-28,1851.01
5211,Diana,54,Female,Dallas,2025-05-28,185.67
5212,Diana,31,Female,San Antonio,2025-05-28,194.41
5213,Chloé,59,Male,Los Angeles,2025-05-30,84.25
5214,Quinn,30,Female,Houston,2025-05-30,349.84
5215,Grace,36,Female,Toulouse,2025-05-30,539.03
5216,Kate,63,Female,Nantes,2025-05-30,1962.74
5217,Diana,50,Male,Los Angeles,2025-05-30,820.08
5218,Frank,44,Male,Houston,2025-05-30,166.74
5219,Noah,27,Female,Philadelphia,2025-05-30,125.68
5220,Antoine,40,Male,New York,2025-05-30,218.27
5221,Grace,48,Female,San Diego,2025-05-30,165.64
5222,Paul,45,Female,Lyon,2025-05-30,945.23
5223,Louis,30,Male,Nantes,2025-06-01,394.73
5224,Quinn,37,Male,San Antonio,2025-06-01,592.14
5225,Louis,65,Male,Philadelphia,2025-06-01,175.34
5226,Jack,18,Female,Philadelphia,2025-06-01,387.61
5227,Sam,37,Male,Houston,2025-06-01,45.04
5228,Tina,62,Male,Houston,2025-06-01,225.02
5229,Paul,62,Female,Phoenix,2025-06-01,115.87
5230,Liam,34,Female,Houston,2025-06-01,240.5
5231,Isabel,40,Male,Marseille,2025-06-02,247.23
5232,Sam,27,Female,Paris,2025-06-02,210.73
5233,Bob,54,Male,San Diego,2025-06-02,478.83
5234,Mia,55,Male,San Jose,2025-06-02,179.69
5235,Bob,20,Male,Los Angeles,2025-06-02,484.8
5236,Paul,33,Male,Los Angeles,2025-06-02,683.79
5237,Sam,44,Female,Houston,2025-06-03,203.26
5238,Bob,19,Male,Los Angeles,2025-06-03,204.16
5239,Rachel,52,Female,Paris,2025-06-03,1183.76
5240,Lucas,29,Female,Dallas,2025-06-04,23.19
5241,Bob,57,Male,Nice,2025-06-04,157.37
5242,Tina,51,Male,Nantes,2025-06-04,103.89
5243,Sophie,37,Female,New York,2025-06-04,198.2
5244,Louis,46,Female,Nice,2025-06-05,355.26
5245,Isabel,61,Female,Chicago,2025-06-05,467.76
5246,Henry,27,Male,Lille,2025-06-05,200.49
5247,Jack,55,Female,Houston,2025-06-05,337.08
5248,Grace,55,Male,San Antonio,2025-06-05,164.64
5249,Sophie,30,Male,Paris,2025-06-06,646.72
5250,Chloé,43,Female,Dallas,2025-06-06,197.42
5251,Bob,33,Female,Los Angeles,2025-06-06,272.57
5252,Isabel,42,Female,Nantes,2025-06-06,1062.17
5253,Hugo,20,Female,Lyon,2025-06-06,329.5
5254,Kate,29,Male,Dallas,2025-06-07,56.22
5255,Quinn,33,Male,Nice,2025-06-07,562.45
5256,Sophie,18,Male,Paris,2025-06-07,286.22
5257,Sam,42,Male,Lyon,2025-06-07,195.91
5258,Paul,64,Male,Houston,2025-06-07,50.46
5259,Noah,33,Female,Nice,2025-06-08,1379.57
5260,Noah,54,Male,Bordeaux,2025-06-09,152.97
5261,Lucas,56,Male,Lille,2025-06-09,297.48
5262,Diana,29,Male,San Jose,2025-06-09,341.19
5263,Jack,44,Male,San Jose,2025-06-09,309.36
5264,Rachel,24,Female,San Diego,2025-06-09,80.78
5265,Rachel,52,Female,Dallas,2025-06-09,53.21
5266,Isabel,46,Female,Paris,2025-06-09,199.16
5267,Mia,26,Male,San Diego,2025-06-10,339.4
5268,Frank,46,Male,Nantes,2025-06-10,218.69
5269,Manon,48,Male,Paris,2025-06-10,40.36
5270,Charlie,57,Male,Nantes,2025-06-10,266.14
5271,Liam,42,Male,Toulouse,2025-06-10,77.35
5272,Frank,38,Female,Nice,2025-06-11,1062.63
5273,Gabriel,36,Male,Nice,2025-06-11,587.71
5274,Liam,35,Female,Phoenix,2025-06-11,216.84
5275,Louis,30,Male,Toulouse,2025-06-11,259.33
5276,Henry,59,Female,Houston,2025-06-11,418.68
5277,Isabel,65,Female,Chicago,2025-06-12,32.21
5278,Sophie,49,Male,Lyon,2025-06-13,481.25
5279,Antoine,37,Female,Lille,2025-06-13,1238.87
5280,Rachel,26,Male,Marseille,2025-06-13,36.11
5281,Louis,56,Female,Houston,2025-06-13,59.17
5282,Charlie,19,Female,Lille,2025-06-13,152.51
5283,Jack,62,Female,Lyon,2025-06-13,67.36
5284,Paul,37,Female,Dallas,2025-06-14,177.7
5285,Louis,32,Female,Dallas,2025-06-14,600.23
5286,Grace,42,Female,Phoenix,2025-06-14,311.7
5287,Sam,21,Male,San Jose,2025-06-15,325.39
5288,Frank,62,Male,Bordeaux,2025-06-15,316.07
5289,Bob,58,Male,Bordeaux,2025-06-15,336.83
5290,Antoine,39,Male,New York,2025-06-15,95.07
5291,Sophie,28,Male,San Jose,2025-06-16,369.59
5292,Kate,65,Male,Phoenix,2025-06-16,226.1
5293,Chloé,46,Female,Bordeaux,2025-06-16,1007.97
5294,Paul,21,Male,Nantes,2025-06-16,175.05
5295,Olivia,43,Female,Nantes,2025-06-17,161.76
5296,Isabel,18,Female,Chicago,2025-06-17,863.67
5297,Léa,25,Male,Lyon,2025-06-17,226.92
5298,Eva,51,Male,Lille,2025-06-17,20.96
5299,Henry,20,Female,Nantes,2025-06-17,679.27
5300,Hugo,33,Male,Los Angeles,2025-06-17,412.56
5301,Sam,57,Male,Nice,2025-06-17,308.5
5302,Léa,33,Female,Los Angeles,2025-06-18,1357.41
5303,Lucas,42,Male,San Jose,2025-06-18,53.77
5304,Grace,46,Female,Lille,2025-06-18,229.07
5305,Sophie,46,Female,Houston,2025-06-18,42.83
5306,Diana,44,Female,Toulouse,2025-06-18,745.3
5307,Quinn,26,Female,Lille,2025-06-18,895.57
5308,Sophie,37,Male,Chicago,2025-06-19,300.93
5309,Sophie,21,Female,Dallas,2025-06-19,1580.0
5310,Alice,33,Male,New York,2025-06-20,505.23
5311,Hugo,33,Male,Dallas,2025-06-20,285.12
5312,Mia,35,Female,Paris,2025-06-20,472.68
5313,Frank,20,Female,Chicago,2025-06-20,991.17
5314,Sophie,19,Male,New York,2025-06-20,262.3
5315,Mia,44,Female,San Jose,2025-06-21,83.04
5316,Diana,37,Male,Houston,2025-06-21,1241.09
5317,Charlie,27,Female,Marseille,2025-06-21,148.24
5318,Quinn,20,Male,San Jose,2025-06-21,75.82
5319,Gabriel,18,Male,Lyon,2025-06-21,371.63
5320,Mia,61,Male,San Diego,2025-06-22,178.86
5321,Gabriel,53,Male,Nice,2025-06-22,267.56
5322,Sophie,22,Female,San Diego,2025-06-22,96.8
5323,Diana,18,Female,Houston,2025-06-23,335.89
5324,Antoine,53,Male,New York,2025-06-23,184.53
5325,Sam,28,Female,Los Angeles,2025-06-23,529.87
5326,Manon,44,Female,New York,2025-06-24,314.29
5327,Antoine,34,Female,Toulouse,2025-06-24,297.86
5328,Lucas,35,Male,San Jose,2025-06-24,31.23
5329,Manon,31,Female,Dallas,2025-06-24,35.59
5330,Alice,45,Male,San Diego,2025-06-24,210.63
5331,Lucas,48,Female,Paris,2025-06-24,260.51
5332,Jack,32,Male,Nantes,2025-06-25,395.39
5333,Olivia,25,Female,Toulouse,2025-06-25,667.19
5334,Charlie,39,Female,Lille,2025-06-27,196.8
5335,Lucas,60,Male,San Jose,2025-06-27,308.69
5336,Chloé,40,Male,Houston,2025-06-27,218.97
5337,Gabriel,42,Male,Houston,2025-06-27,255.19
5338,Chloé,52,Male,San Jose,2025-06-28,139.95
5339,Liam,57,Male,New York,2025-06-28,325.94
5340,Charlie,63,Female,Lyon,2025-06-28,223.81
5341,Tina,57,Male,Houston,2025-06-29,431.15
5342,Manon,45,Female,Marseille,2025-06-29,39.23
5343,Rachel,54,Male,Houston,2025-06-29,25.98
5344,Kate,63,Male,Lille,2025-06-29,1041.1
5345,Hugo,44,Female,Nice,2025-06-29,163.03
5346,Léa,50,Female,Lille,2025-06-29,343.38
5347,Chloé,25,Female,Marseille,2025-06-30,473.43
5348,Manon,30,Female,Nantes,2025-06-30,518.88
5349,Liam,63,Female,Toulouse,2025-06-30,1097.43
5350,Paul,39,Female,New York,2025-06-30,624.06
5351,Antoine,48,Female,San Jose,2025-07-01,324.8
5352,Gabriel,50,Male,Philadelphia,2025-07-01,537.94
5353,Jack,57,Male,Phoenix,2025-07-01,302.03
5354,Antoine,26,Male,Phoenix,2025-07-01,220.84
5355,Chloé,51,Female,Nice,2025-07-02,108.47
5356,Eva,20,Male,Marseille,2025-07-02,169.24
5357,Eva,22,Male,Nantes,2025-07-02,90.01
5358,Jack,30,Female,Lille,2025-07-02,184.16
5359,Léa,41,Male,San Antonio,2025-07-02,290.77
5360,Chloé,24,Female,Paris,2025-07-03,582.12
5361,Frank,23,Female,Lyon,2025-07-03,382.17
5362,Sophie,30,Male,San Jose,2025-07-03,130.48
5363,Bob,18,Male,Houston,2025-07-03,109.21
5364,Liam,38,Female,Bordeaux,2025-07-04,174.28
5365,Paul,36,Female,Nice,2025-07-04,179.33
5366,Charlie,26,Female,Marseille,2025-07-04,1076.04
5367,Jack,24,Female,Toulouse,2025-07-05,140.5
5368,Chloé,58,Male,San Antonio,2025-07-05,1000.33
5369,Jack,42,Male,Nantes,2025-07-05,896.34
5370,Emma,37,Male,Chicago,2025-07-05,259.44
5371,Manon,46,Male,Houston,2025-07-05,113.45
5372,Lucas,65,Female,Philadelphia,2025-07-05,839.21
5373,Charlie,55,Male,Phoenix,2025-07-06,641.73
5374,Manon,31,Female,Philadelphia,2025-07-06,33.1
5375,Henry,33,Female,San Jose,2025-07-06,358.92
5376,Emma,33,Male,Houston,2025-07-06,1140.84
5377,Charlie,63,Female,Los Angeles,2025-07-06,196.0
5378,Alice,27,Female,New York,2025-07-07,77.28
5379,Frank,60,Female,San Diego,2025-07-07,675.31
5380,Liam,61,Male,Philadelphia,2025-07-07,91.39
5381,Tina,25,Female,Bordeaux,2025-07-07,130.41
5382,Alice,37,Male,Los Angeles,2025-07-08,884.14
5383,Tina,26,Female,San Antonio,2025-07-08,47.51
5384,Hugo,34,Male,Nice,2025-07-08,392.38
5385,Bob,64,Female,Chicago,2025-07-08,1201.69
5386,Lucas,56,Male,Lille,2025-07-09,81.71
5387,Charlie,59,Male,San Jose,2025-07-09,176.13
5388,Louis,31,Female,Chicago,2025-07-09,42.65
5389,Louis,28,Male,Philadelphia,2025-07-09,245.14
5390,Sophie,41,Male,Paris,2025-07-09,171.39
5391,Kate,51,Male,Chicago,2025-07-09,174.89
5392,Kate,21,Male,Phoenix,2025-07-09,1004.6
5393,Rachel,18,Female,San Jose,2025-07-10,90.5
5394,Léa,54,Female,Toulouse,2025-07-10,934.34
5395,Diana,27,Female,Marseille,2025-07-11,176.25
5396,Chloé,31,Female,Phoenix,2025-07-11,357.22
5397,Rachel,59,Male,San Diego,2025-07-11,145.83
5398,Sophie,60,Female,Lille,2025-07-11,125.33
5399,Rachel,26,Female,Marseille,2025-07-12,784.63
5400,Olivia,24,Female,Bordeaux,2025-07-12,46.88
5401,Alice,51,Male,Lille,2025-07-12,118.86
5402,Noah,60,Female,Los Angeles,2025-07-13,646.82
5403,Frank,49,Male,Toulouse,2025-07-13,44.34
5404,Paul,45,Male,Nice,2025-07-13,47.35
5405,Chloé,23,Female,Houston,2025-07-13,132.09
5406,Rachel,29,Female,Paris,2025-07-13,116.34
5407,Léa,61,Male,Phoenix,2025-07-13,261.49
5408,Bob,51,Male,New York,2025-07-13,787.65
5409,Gabriel,65,Female,Los Angeles,2025-07-14,579.46
5410,Isabel,29,Male,New York,2025-07-14,75.03
5411,Léa,34,Female,Chicago,2025-07-14,455.81
5412,Kate,36,Female,Marseille,2025-07-14,389.9
5413,Manon,22,Female,Chicago,2025-07-14,782.54
5414,Jack,49,Female,Phoenix,2025-07-15,160.9
5415,Paul,26,Female,Phoenix,2025-07-16,440.5
5416,Frank,51,Female,Lyon,2025-07-16,338.56
5417,Gabriel,59,Male,San Diego,2025-07-16,2009.49
5418,Bob,26,Female,Houston,2025-07-16,149.51
5419,Alice,24,Female,Toulouse,2025-07-17,349.3
5420,Tina,63,Female,Marseille,2025-07-17,331.33
5421,Diana,54,Female,Houston,2025-07-17,843.01
5422,Henry,30,Female,Dallas,2025-07-17,57.0
5423,Paul,25,Female,Nice,2025-07-17,542.85
5424,Léa,38,Female,San Diego,2025-07-17,204.31
5425,Louis,63,Male,Houston,2025-07-18,254.03
5426,Jack,58,Female,San Antonio,2025-07-18,272.58
5427,Charlie,31,Male,Nantes,2025-07-18,344.06
5428,Jack,55,Male,Chicago,2025-07-18,577.3
5429,Manon,58,Female,San Diego,2025-07-18,113.47
5430,Diana,37,Female,Nice,2025-07-19,46.92
5431,Quinn,49,Male,Lille,2025-07-19,65.38
5432,Olivia,62,Male,San Jose,2025-07-19,311.58
5433,Tina,23,Female,Lille,2025-07-19,497.68
5434,Sam,19,Male,New York,2025-07-20,574.48
5435,Rachel,21,Female,Chicago,2025-07-20,1269.23
5436,Lucas,21,Male,Philadelphia,2025-07-20,322.13
5437,Lucas,21,Male,New York,2025-07-20,795.48
5438,Alice,35,Female,Nice,2025-07-21,506.57
5439,Mia,48,Male,Chicago,2025-07-22,522.36
5440,Gabriel,59,Female,Nantes,2025-07-22,320.64
5441,Chloé,64,Male,Paris,2025-07-22,270.96
5442,Lucas,50,Male,Dallas,2025-07-22,39.05
5443,Jack,44,Female,Philadelphia,2025-07-22,565.0
5444,Sophie,53,Female,Lyon,2025-07-22,292.24
5445,Emma,27,Male,Dallas,2025-07-23,238.44
5446,Chloé,60,Male,Philadelphia,2025-07-23,260.35
5447,Henry,39,Female,Marseille,2025-07-24,157.73
5448,Noah,35,Female,Philadelphia,2025-07-24,273.57
5449,Diana,53,Male,Paris,2025-07-24,283.36
5450,Gabriel,58,Female,Nantes,2025-07-24,129.83
5451,Paul,30,Female,Lille,2025-07-24,1400.85
5452,Olivia,57,Male,Chicago,2025-07-24,100.71
5453,Paul,48,Female,Los Angeles,2025-07-24,1044.65
5454,Hugo,21,Female,Los Angeles,2025-07-24,23.78
5455,Chloé,61,Male,Nice,2025-07-24,532.84
5456,Hugo,52,Female,Chicago,2025-07-24,51.73
5457,Gabriel,37,Female,New York,2025-07-24,373.46
5458,Kate,64,Male,Los Angeles,2025-07-25,571.03
5459,Liam,22,Male,Nice,2025-07-25,344.77
5460,Sophie,54,Female,Lille,2025-07-25,639.54
5461,Manon,63,Female,Chicago,2025-07-26,609.71
5462,Lucas,22,Female,Paris,2025-07-26,20.58
5463,Charlie,36,Female,Los Angeles,2025-07-26,148.99
5464,Bob,30,Male,San Antonio,2025-07-26,261.84
5465,Hugo,21,Male,Philadelphia,2025-07-27,710.15
5466,Hugo,42,Female,Dallas,2025-07-27,250.7
5467,Léa,65,Female,Toulouse,2025-07-27,628.34
5468,Louis,38,Female,San Diego,2025-07-27,295.48
5469,Olivia,65,Female,Chicago,2025-07-28,569.72
5470,Louis,20,Female,Philadelphia,2025-07-28,29.61
5471,Bob,48,Male,Lyon,2025-07-28,265.68
5472,Quinn,49,Female,Nantes,2025-07-28,499.6
5473,Alice,24,Female,Toulouse,2025-07-28,566.27
5474,Jack,48,Female,San Antonio,2025-07-28,61.03
5475,Eva,36,Male,Nice,2025-07-29,830.32
5476,Frank,40,Male,San Antonio,2025-07-29,826.45
5477,Chloé,22,Male,San Antonio,2025-07-30,157.99
5478,Olivia,19,Male,San Jose,2025-07-30,443.47
5479,Mia,24,Male,Los Angeles,2025-07-30,254.69
5480,Léa,35,Female,San Antonio,2025-07-30,177.96
5481,Frank,63,Male,Bordeaux,2025-07-30,513.06
5482,Charlie,61,Female,Bordeaux,2025-07-30,457.34
5483,Bob,19,Male,Philadelphia,2025-07-31,840.71
5484,Lucas,35,Female,San Antonio,2025-07-31,188.61
5485,Isabel,47,Male,Toulouse,2025-07-31,312.46
5486,Rachel,41,Male,Lyon,2025-07-31,435.24
5487,Antoine,44,Female,Nantes,2025-07-31,864.79
5488,Chloé,45,Female,Houston,2025-07-31,173.59
5489,Manon,30,Male,Marseille,2025-08-01,154.48
5490,Grace,60,Female,Los Angeles,2025-08-01,381.93
5491,Quinn,23,Female,San Diego,2025-08-01,485.63
5492,Henry,27,Female,Phoenix,2025-08-01,314.23
5493,Sophie,50,Female,Phoenix,2025-08-01,425.75
5494,Quinn,27,Female,Nice,2025-08-01,118.78
5495,Paul,34,Male,Philadelphia,2025-08-02,685.46
5496,Rachel,45,Male,Nantes,2025-08-02,74.83
5497,Grace,19,Male,Nice,2025-08-02,488.1
5498,Léa,48,Female,San Diego,2025-08-03,21.62
5499,Paul,53,Male,Chicago,2025-08-03,48.34
5500,Olivia,30,Male,San Jose,2025-08-03,139.37
5501,Grace,22,Male,New York,2025-08-03,1442.05
5502,Frank,31,Female,Nantes,2025-08-03,403.74
5503,Jack,19,Male,Nice,2025-08-03,389.44
5504,Emma,28,Female,Dallas,2025-08-04,207.35
5505,Henry,42,Male,Los Angeles,2025-08-04,241.98
5506,Grace,21,Male,Chicago,2025-08-04,181.02
5507,Louis,57,Female,San Diego,2025-08-04,165.58
5508,Rachel,29,Female,San Antonio,2025-08-04,1559.33
5509,Eva,60,Male,Nantes,2025-08-04,282.15
5510,Alice,51,Female,San Jose,2025-08-04,214.81
5511,Charlie,40,Female,San Jose,2025-08-04,273.13
5512,Henry,34,Female,Toulouse,2025-08-04,485.27
5513,Sophie,25,Male,San Jose,2025-08-05,124.83
5514,Louis,52,Female,Bordeaux,2025-08-05,189.79
5515,Eva,65,Female,Paris,2025-08-05,498.57
5516,Frank,33,Male,Dallas,2025-08-05,123.12
5517,Rachel,50,Male,Nice,2025-08-05,495.04
5518,Hugo,61,Female,Houston,2025-08-06,108.64
5519,Manon,55,Female,Paris,2025-08-06,82.1
5520,Bob,65,Female,Marseille,2025-08-07,363.3
5521,Charlie,65,Female,Paris,2025-08-07,660.54
5522,Rachel,54,Female,Houston,2025-08-08,196.32
5523,Jack,56,Male,Marseille,2025-08-08,1039.88
5524,Henry,45,Male,Nice,2025-08-08,1377.17
5525,Jack,43,Male,Marseille,2025-08-08,231.31
5526,Tina,58,Female,Phoenix,2025-08-09,714.75
5527,Jack,24,Male,Dallas,2025-08-09,27.66
5528,Quinn,43,Male,Paris,2025-08-09,341.18
5529,Sam,48,Male,Lille,2025-08-09,55.96
5530,Léa,45,Female,Paris,2025-08-09,674.69
5531,Bob,40,Female,Nice,2025-08-09,265.85
5532,Sam,61,Male,Lille,2025-08-10,318.11
5533,Noah,27,Male,Nice,2025-08-10,148.92
5534,Eva,43,Female,Dallas,2025-08-11,133.99
5535,Chloé,56,Male,San Jose,2025-08-11,389.03
5536,Noah,62,Male,Nantes,2025-08-12,937.36
5537,Liam,54,Male,Lille,2025-08-12,108.83
5538,Paul,18,Female,Toulouse,2025-08-12,64.38
5539,Liam,38,Male,New York,2025-08-12,776.47
5540,Manon,65,Male,San Jose,2025-08-12,450.44
5541,Rachel,56,Female,San Jose,2025-08-12,161.9
5542,Diana,33,Male,Phoenix,2025-08-13,270.64
5543,Gabriel,43,Female,Los Angeles,2025-08-13,583.07
5544,Gabriel,22,Female,Bordeaux,2025-08-13,614.47
5545,Henry,46,Female,Lille,2025-08-13,80.51
5546,Hugo,24,Male,Nantes,2025-08-13,2344.34
5547,Paul,28,Female,Los Angeles,2025-08-13,142.67
5548,Jack,21,Female,San Antonio,2025-08-14,58.86
5549,Bob,60,Male,San Antonio,2025-08-14,22.85
5550,Gabriel,56,Female,Marseille,2025-08-14,279.97
5551,Noah,45,Male,Philadelphia,2025-08-14,438.35
5552,Quinn,24,Male,Nice,2025-08-14,152.17
5553,Sam,60,Female,Philadelphia,2025-08-14,703.0
5554,Alice,58,Male,Bordeaux,2025-08-14,425.69
5555,Charlie,49,Male,Marseille,2025-08-15,294.64
5556,Noah,55,Male,Nantes,2025-08-15,727.96
5557,Eva,34,Male,Dallas,2025-08-15,72.67
5558,Noah,54,Female,Marseille,2025-08-15,293.22
5559,Diana,58,Male,Lille,2025-08-15,327.75
5560,Emma,31,Male,Nantes,2025-08-15,154.94
5561,Mia,41,Female,Chicago,2025-08-15,27.86
5562,Emma,49,Male,Bordeaux,2025-08-16,93.89
5563,Henry,22,Female,San Diego,2025-08-16,133.31
5564,Frank,36,Male,San Diego,2025-08-16,141.11
5565,Léa,53,Female,Los Angeles,2025-08-17,311.12
5566,Mia,29,Male,Bordeaux,2025-08-17,441.72
5567,Antoine,49,Female,Houston,2025-08-17,610.03
5568,Mia,48,Male,Lille,2025-08-17,372.34
5569,Léa,43,Female,San Antonio,2025-08-18,340.0
5570,Henry,45,Female,Houston,2025-08-18,297.08
5571,Isabel,27,Male,Chicago,2025-08-19,385.22
5572,Mia,44,Female,Lyon,2025-08-19,43.29
5573,Liam,50,Male,San Diego,2025-08-19,86.99
5574,Rachel,18,Female,Lille,2025-08-19,200.83
5575,Kate,58,Female,Marseille,2025-08-20,387.12
5576,Léa,65,Male,San Diego,2025-08-20,98.77
5577,Lucas,40,Female,Marseille,2025-08-20,39.24
5578,Mia,59,Female,New York,2025-08-20,716.71
5579,Hugo,48,Female,Nantes,2025-08-21,472.56
5580,Lucas,32,Female,Nantes,2025-08-21,184.2
5581,Louis,60,Female,Bordeaux,2025-08-21,701.01
5582,Hugo,45,Female,Philadelphia,2025-08-21,907.03
5583,Olivia,30,Male,San Antonio,2025-08-23,1650.32
5584,Tina,36,Female,San Antonio,2025-08-23,368.39
5585,Paul,22,Female,Houston,2025-08-24,625.36
5586,Kate,33,Male,San Jose,2025-08-25,598.19
5587,Gabriel,62,Female,San Antonio,2025-08-25,456.23
5588,Antoine,50,Female,Toulouse,2025-08-25,94.61
5589,Liam,52,Male,Houston,2025-08-25,1057.38
5590,Grace,64,Male,San Jose,2025-08-26,675.3
5591,Paul,46,Male,Chicago,2025-08-26,25.04
5592,Emma,57,Female,Houston,2025-08-26,564.43
5593,Bob,34,Female,Philadelphia,2025-08-26,991.27
5594,Paul,65,Male,Chicago,2025-08-27,61.65
5595,Grace,32,Male,Houston,2025-08-28,401.36
5596,Sophie,63,Female,Houston,2025-08-28,454.76
5597,Grace,55,Female,Philadelphia,2025-08-28,270.34
5598,Paul,18,Male,New York,2025-08-28,506.7
5599,Kate,18,Male,Chicago,2025-08-29,93.39
5600,Paul,43,Female,Houston,2025-08-29,47.19
5601,Sam,39,Female,Lyon,2025-08-29,673.08
5602,Sophie,19,Male,Nice,2025-08-29,99.4
5603,Rachel,33,Male,San Antonio,2025-08-30,2077.99
5604,Frank,56,Male,Marseille,2025-08-30,72.22
5605,Charlie,56,Female,Marseille,2025-08-30,256.87
5606,Rachel,50,Female,Nantes,2025-08-30,120.09
5607,Emma,30,Male,Nice,2025-08-30,1037.04
5608,Bob,38,Female,Phoenix,2025-08-30,1503.57
5609,Henry,30,Male,Bordeaux,2025-08-31,333.5
5610,Sam,23,Male,Philadelphia,2025-08-31,38.24
5611,Bob,47,Male,Toulouse,2025-08-31,455.27
5612,Paul,65,Male,Nantes,2025-08-31,650.51
5613,Henry,38,Female,San Diego,2025-08-31,563.45
5614,Emma,62,Male,Phoenix,2025-08-31,24.84
5615,Noah,33,Male,Houston,2025-08-31,2031.81
5616,Olivia,30,Male,Dallas,2025-09-01,1302.24
5617,Noah,55,Female,Nantes,2025-09-01,503.45
5618,Diana,45,Female,Houston,2025-09-01,394.38
5619,Quinn,31,Female,Nantes,2025-09-01,144.19
5620,Tina,55,Female,San Jose,2025-09-02,1227.93
5621,Quinn,36,Male,San Antonio,2025-09-02,88.27
5622,Hugo,38,Female,Lyon,2025-09-02,50.9
5623,Quinn,31,Female,Philadelphia,2025-09-03,1395.02
5624,Rachel,64,Male,Los Angeles,2025-09-03,263.08
5625,Henry,37,Male,Lyon,2025-09-03,461.85
5626,Chloé,26,Female,Marseille,2025-09-03,36.76
5627,Alice,30,Female,Paris,2025-09-04,367.23
5628,Paul,18,Male,San Jose,2025-09-04,425.51
5629,Sam,20,Female,Toulouse,2025-09-04,709.63
5630,Bob,34,Male,Los Angeles,2025-09-05,2022.85
5631,Chloé,35,Male,Nice,2025-09-05,603.83
5632,Sophie,49,Male,New York,2025-09-06,799.88
5633,Chloé,46,Female,Nantes,2025-09-06,152.36
5634,Hugo,54,Female,San Jose,2025-09-06,164.73
5635,Chloé,61,Male,Los Angeles,2025-09-06,140.12
5636,Antoine,62,Female,San Diego,2025-09-07,368.03
5637,Quinn,63,Male,Nice,2025-09-07,288.77
5638,Gabriel,38,Male,San Jose,2025-09-07,541.27
5639,Eva,27,Female,Dallas,2025-09-07,383.16
5640,Manon,54,Female,Lyon,2025-09-07,214.49
5641,Antoine,37,Female,Lille,2025-09-08,319.55
5642,Emma,18,Female,New York,2025-09-08,165.26
5643,Mia,59,Female,San Antonio,2025-09-08,234.46
5644,Jack,50,Female,New York,2025-09-08,378.25
5645,Rachel,53,Female,San Jose,2025-09-09,288.39
5646,Antoine,46,Female,Toulouse,2025-09-09,128.98
5647,Chloé,55,Male,Dallas,2025-09-09,47.56
5648,Mia,40,Male,Lille,2025-09-09,45.74
5649,Emma,55,Male,Nantes,2025-09-10,61.13
5650,Antoine,24,Male,New York,2025-09-10,164.49
5651,Tina,48,Female,San Diego,2025-09-10,32.56
5652,Manon,46,Female,Nantes,2025-09-10,208.77
5653,Diana,36,Male,Lyon,2025-09-10,858.25
5654,Sam,63,Male,New York,2025-09-10,656.66
5655,Antoine,35,Male,Dallas,2025-09-11,554.76
5656,Gabriel,23,Female,Lille,2025-09-11,1021.09
5657,Grace,19,Male,Paris,2025-09-11,339.29
5658,Antoine,28,Female,Philadelphia,2025-09-11,475.15
5659,Noah,49,Male,Los Angeles,2025-09-11,793.87
5660,Chloé,63,Male,San Diego,2025-09-12,1181.45
5661,Bob,39,Female,Dallas,2025-09-12,212.88
5662,Hugo,31,Male,Toulouse,2025-09-12,442.33
5663,Lucas,52,Male,Dallas,2025-09-12,184.35
5664,Paul,58,Male,San Antonio,2025-09-13,925.69
5665,Alice,59,Male,Nice,2025-09-14,89.83
5666,Louis,24,Male,San Jose,2025-09-14,390.59
5667,Paul,52,Male,Phoenix,2025-09-14,193.7
5668,Emma,38,Female,San Diego,2025-09-14,1048.84
5669,Lucas,41,Female,Nice,2025-09-14,392.33
5670,Léa,61,Male,Toulouse,2025-09-14,578.99
5671,Liam,22,Male,Lille,2025-09-15,176.78
5672,Isabel,29,Male,Dallas,2025-09-15,112.38
5673,Hugo,43,Male,Paris,2025-09-15,511.7
5674,Mia,61,Male,Phoenix,2025-09-16,866.98
5675,Léa,40,Male,San Jose,2025-09-16,1437.15
5676,Sam,54,Male,New York,2025-09-16,63.71
5677,Léa,65,Male,Chicago,2025-09-16,78.99
5678,Mia,57,Female,Paris,2025-09-16,377.48
5679,Tina,23,Male,Toulouse,2025-09-16,115.64
5680,Paul,50,Male,Bordeaux,2025-09-16,894.19
5681,Rachel,43,Male,San Diego,2025-09-17,336.16
5682,Chloé,56,Male,Bordeaux,2025-09-17,433.53
5683,Paul,64,Male,Dallas,2025-09-17,27.24
5684,Liam,64,Female,New York,2025-09-18,236.38
5685,Diana,60,Male,Nice,2025-09-18,349.99
5686,Rachel,33,Female,Paris,2025-09-18,62.7
5687,Frank,57,Male,Nice,2025-09-19,318.88
5688,Diana,43,Male,New York,2025-09-19,506.93
5689,Hugo,45,Female,Los Angeles,2025-09-19,409.09
5690,Sam,45,Male,Lille,2025-09-19,141.06
5691,Chloé,62,Female,Marseille,2025-09-19,472.37
5692,Jack,29,Male,Nantes,2025-09-19,121.51
5693,Alice,42,Female,Marseille,2025-09-20,310.03
5694,Antoine,43,Female,Houston,2025-09-20,1126.51
5695,Emma,47,Male,Phoenix,2025-09-20,1279.27
5696,Rachel,43,Male,Los Angeles,2025-09-20,94.47
5697,Kate,29,Male,Nantes,2025-09-20,639.08
5698,Diana,59,Female,Phoenix,2025-09-21,139.97
5699,Tina,47,Female,Bordeaux,2025-09-21,1338.19
5700,Grace,61,Female,Nice,2025-09-21,356.82
5701,Lucas,36,Female,Philadelphia,2025-09-22,42.18
5702,Eva,19,Male,Lille,2025-09-22,473.72
5703,Léa,51,Male,Marseille,2025-09-23,485.29
5704,Kate,43,Male,San Antonio,2025-09-23,969.02
5705,Gabriel,47,Female,New York,2025-09-23,352.77
5706,Eva,30,Male,Paris,2025-09-24,297.41
5707,Hugo,46,Female,Bordeaux,2025-09-24,470.02
5708,Léa,20,Male,Toulouse,2025-09-24,85.13
5709,Mia,60,Male,Marseille,2025-09-25,398.33
5710,Grace,27,Male,Nantes,2025-09-25,960.81
5711,Eva,20,Female,Lille,2025-09-25,102.14
5712,Louis,21,Male,Toulouse,2025-09-25,133.14
5713,Frank,64,Male,Phoenix,2025-09-26,665.67
5714,Eva,60,Male,Philadelphia,2025-09-27,30.46
5715,Eva,20,Male,San Antonio,2025-09-27,436.19
5716,Tina,24,Male,Philadelphia,2025-09-27,25.5
5717,Léa,65,Female,Los Angeles,2025-09-27,467.82
5718,Kate,61,Male,Nantes,2025-09-28,889.54
5719,Olivia,30,Female,Philadelphia,2025-09-28,252.38
5720,Eva,36,Female,San Antonio,2025-09-29,37.99
5721,Alice,55,Female,San Diego,2025-09-29,337.9
5722,Bob,50,Female,Toulouse,2025-09-30,931.92
5723,Grace,23,Male,Lille,2025-09-30,107.28
5724,Antoine,60,Male,Lyon,2025-09-30,239.56
5725,Jack,32,Male,New York,2025-10-01,532.73
5726,Eva,52,Male,Dallas,2025-10-01,2032.97
5727,Quinn,57,Female,Nice,2025-10-01,57.7
5728,Quinn,20,Female,Houston,2025-10-02,371.59
5729,Chloé,26,Female,Philadelphia,2025-10-03,664.39
5730,Antoine,56,Female,Bordeaux,2025-10-03,591.62
5731,Léa,44,Male,Houston,2025-10-03,348.73
5732,Eva,18,Male,Bordeaux,2025-10-03,718.47
5733,Diana,43,Male,Nice,2025-10-03,409.66
5734,Bob,45,Male,New York,2025-10-04,116.38
5735,Léa,45,Male,Philadelphia,2025-10-04,37.69
5736,Olivia,37,Female,New York,2025-10-04,135.95
5737,Emma,60,Female,Nantes,2025-10-04,1202.31
5738,Liam,50,Male,Paris,2025-10-04,60.53
5739,Sam,22,Female,Nice,2025-10-05,246.49
5740,Manon,18,Female,San Diego,2025-10-05,36.68
5741,Eva,36,Female,Dallas,2025-10-05,222.59
5742,Bob,58,Female,San Antonio,2025-10-05,82.79
5743,Frank,21,Female,Bordeaux,2025-10-05,152.52
5744,Sam,40,Female,Nice,2025-10-05,524.17
5745,Louis,45,Male,Toulouse,2025-10-06,23.52
5746,Rachel,43,Male,Los Angeles,2025-10-06,49.62
5747,Chloé,46,Male,Bordeaux,2025-10-06,407.19
5748,Sam,20,Female,Toulouse,2025-10-07,144.5
5749,Quinn,63,Female,Chicago,2025-10-07,359.47
5750,Quinn,37,Male,Chicago,2025-10-08,256.8
5751,Diana,53,Male,Phoenix,2025-10-08,244.53
5752,Alice,63,Male,Lyon,2025-10-08,440.44
5753,Eva,39,Female,San Antonio,2025-10-08,732.33
5754,Antoine,28,Male,Bordeaux,2025-10-08,23.83
5755,Kate,36,Female,New York,2025-10-09,1283.33
5756,Paul,27,Male,Dallas,2025-10-09,798.87
5757,Henry,47,Male,Bordeaux,2025-10-09,49.76
5758,Olivia,33,Female,Nice,2025-10-09,1246.74
5759,Tina,43,Male,Toulouse,2025-10-09,94.2
5760,Manon,22,Female,Dallas,2025-10-10,979.74
5761,Jack,56,Female,Dallas,2025-10-10,1260.06
5762,Chloé,52,Male,Bordeaux,2025-10-10,160.12
5763,Grace,65,Female,Bordeaux,2025-10-10,146.14
5764,Alice,44,Male,Toulouse,2025-10-10,1329.38
5765,Gabriel,19,Male,Nice,2025-10-11,262.59
5766,Gabriel,48,Female,Houston,2025-10-11,152.84
5767,Gabriel,31,Female,Chicago,2025-10-11,85.69
5768,Chloé,55,Male,Chicago,2025-10-11,162.48
5769,Lucas,33,Male,Paris,2025-10-11,113.16
5770,Lucas,41,Female,San Antonio,2025-10-11,812.46
5771,Mia,45,Male,Marseille,2025-10-11,590.15
5772,Frank,61,Male,Marseille,2025-10-11,495.51
5773,Manon,21,Female,Nantes,2025-10-12,54.64
5774,Gabriel,63,Female,Phoenix,2025-10-12,270.31
5775,Léa,59,Male,Houston,2025-10-12,345.86
5776,Paul,26,Male,Lille,2025-10-13,245.65
5777,Quinn,29,Female,Paris,2025-10-13,301.36
5778,Rachel,26,Female,San Antonio,2025-10-13,556.58
5779,Antoine,34,Male,New York,2025-10-13,643.61
5780,Léa,50,Female,Lyon,2025-10-13,352.2
5781,Lucas,50,Female,Nice,2025-10-13,67.35
5782,Bob,60,Female,Bordeaux,2025-10-13,721.95
5783,Henry,24,Male,San Antonio,2025-10-13,422.57
5784,Tina,52,Female,Houston,2025-10-14,220.8
5785,Grace,30,Female,Marseille,2025-10-14,507.6
5786,Grace,24,Female,Phoenix,2025-10-14,118.42
5787,Eva,36,Male,New York,2025-10-15,47.66
5788,Henry,42,Male,Marseille,2025-10-16,96.23
5789,Grace,54,Female,Paris,2025-10-16,25.39
5790,Emma,32,Female,Philadelphia,2025-10-16,106.18
5791,Louis,28,Male,New York,2025-10-16,48.77
5792,Hugo,33,Female,Lille,2025-10-16,22.61
5793,Antoine,23,Female,Lyon,2025-10-17,145.18
5794,Jack,31,Female,Paris,2025-10-17,523.04
5795,Kate,32,Male,Dallas,2025-10-17,212.2
5796,Jack,52,Male,New York,2025-10-17,715.79
5797,Gabriel,27,Female,Los Angeles,2025-10-18,25.55
5798,Bob,62,Male,San Jose,2025-10-18,647.54
5799,Isabel,24,Male,Nantes,2025-10-18,140.85
5800,Rachel,38,Male,San Antonio,2025-10-18,264.76
5801,Noah,39,Male,Marseille,2025-10-19,1454.74
5802,Bob,51,Male,Philadelphia,2025-10-19,1072.91
5803,Bob,43,Female,Paris,2025-10-20,417.58
5804,Jack,33,Male,Toulouse,2025-10-20,100.09
5805,Antoine,33,Male,Los Angeles,2025-10-20,876.92
5806,Paul,19,Male,Chicago,2025-10-21,734.14
5807,Sam,27,Male,Bordeaux,2025-10-21,674.56
5808,Hugo,46,Male,Paris,2025-10-21,488.85
5809,Bob,26,Male,Marseille,2025-10-21,149.38
5810,Quinn,19,Female,Los Angeles,2025-10-21,459.06
5811,Alice,43,Female,Marseille,2025-10-21,33.04
5812,Kate,34,Male,Toulouse,2025-10-22,82.93
5813,Gabriel,30,Male,Lille,2025-10-22,123.42
5814,Emma,50,Male,Nantes,2025-10-23,499.77
5815,Manon,23,Female,Bordeaux,2025-10-23,87.79
5816,Alice,60,Male,Nice,2025-10-23,478.26
5817,Tina,34,Male,Chicago,2025-10-23,984.88
5818,Bob,31,Female,Lyon,2025-10-24,44.7
5819,Sam,52,Male,San Diego,2025-10-25,154.32
5820,Diana,35,Female,San Jose,2025-10-25,344.13
5821,Bob,42,Female,Chicago,2025-10-25,190.64
5822,Manon,42,Male,Los Angeles,2025-10-25,534.45
5823,Rachel,48,Male,Nice,2025-10-26,141.26
5824,Noah,37,Female,Lille,2025-10-26,101.34
5825,Frank,21,Male,Phoenix,2025-10-27,130.94
5826,Kate,40,Male,Marseille,2025-10-27,103.13
5827,Kate,48,Male,Marseille,2025-10-27,274.95
5828,Alice,32,Male,Lille,2025-10-27,86.17
5829,Frank,56,Female,Paris,2025-10-27,320.99
5830,Kate,29,Female,Nice,2025-10-28,238.58
5831,Sam,45,Male,Dallas,2025-10-28,440.55
5832,Olivia,19,Male,Lille,2025-10-28,374.13
5833,Diana,35,Male,Toulouse,2025-10-28,184.89
5834,Bob,54,Male,San Jose,2025-10-28,1010.57
5835,Charlie,20,Female,San Diego,2025-10-28,1044.88
5836,Paul,27,Male,Nantes,2025-10-29,101.47
5837,Antoine,33,Female,Lille,2025-10-30,1017.75
5838,Louis,36,Male,Philadelphia,2025-10-30,231.86
5839,Grace,47,Male,Philadelphia,2025-10-30,350.27
5840,Manon,38,Male,Bordeaux,2025-10-30,97.51
5841,Kate,53,Female,Los Angeles,2025-10-30,2187.62
5842,Louis,34,Female,Lille,2025-10-31,114.61
5843,Bob,61,Female,Lyon,2025-11-01,168.04
5844,Lucas,41,Male,Lille,2025-11-01,829.0
5845,Rachel,43,Female,Nice,2025-11-01,322.35
5846,Quinn,51,Male,Nantes,2025-11-01,619.62
5847,Chloé,31,Female,Los Angeles,2025-11-01,557.41
5848,Olivia,29,Female,Philadelphia,2025-11-01,260.68
5849,Olivia,45,Female,Toulouse,2025-11-01,171.16
5850,Paul,30,Male,Dallas,2025-11-01,412.21
5851,Noah,21,Female,Philadelphia,2025-11-02,489.32
5852,Frank,31,Female,Toulouse,2025-11-02,113.87
5853,Grace,38,Female,San Antonio,2025-11-02,267.86
5854,Gabriel,18,Female,Lyon,2025-11-02,305.55
5855,Louis,64,Male,Marseille,2025-11-02,302.77
5856,Alice,39,Male,Toulouse,2025-11-02,359.16
5857,Antoine,19,Male,Bordeaux,2025-11-02,154.12
5858,Henry,29,Male,Philadelphia,2025-11-03,161.85
5859,Diana,47,Male,Lille,2025-11-03,244.26
5860,Grace,23,Male,Nantes,2025-11-03,24.56
5861,Diana,58,Female,Phoenix,2025-11-04,63.37
5862,Noah,54,Male,San Diego,2025-11-04,1078.49
5863,Quinn,47,Male,San Diego,2025-11-04,48.38
5864,Manon,32,Male,Toulouse,2025-11-05,587.78
5865,Eva,42,Male,San Diego,2025-11-05,891.34
5866,Grace,61,Female,Los Angeles,2025-11-05,254.62
5867,Manon,35,Female,San Antonio,2025-11-05,578.08
5868,Lucas,18,Male,Nice,2025-11-06,675.79
5869,Antoine,36,Female,Dallas,2025-11-06,208.87
5870,Tina,33,Female,Marseille,2025-11-06,287.03
5871,Frank,63,Male,Philadelphia,2025-11-06,389.09
5872,Manon,24,Female,San Jose,2025-11-06,64.16
5873,Alice,65,Male,Lille,2025-11-06,251.37
5874,Sophie,21,Male,Bordeaux,2025-11-07,424.75
5875,Tina,36,Male,Philadelphia,2025-11-07,323.24
5876,Rachel,32,Female,Toulouse,2025-11-08,158.06
5877,Tina,20,Male,Phoenix,2025-11-08,125.64
5878,Louis,50,Male,Bordeaux,2025-11-08,675.41
5879,Sophie,23,Female,Nantes,2025-11-09,148.48
5880,Grace,36,Female,San Antonio,2025-11-09,330.87
5881,Gabriel,54,Male,Philadelphia,2025-11-09,113.71
5882,Paul,64,Female,San Jose,2025-11-09,186.68
5883,Henry,60,Male,Lille,2025-11-09,89.52
5884,Isabel,31,Male,New York,2025-11-09,1361.3
5885,Sophie,62,Female,Marseille,2025-11-10,44.94
5886,Olivia,20,Male,Dallas,2025-11-11,805.82
5887,Manon,51,Female,Chicago,2025-11-11,72.85
5888,Manon,40,Female,Paris,2025-11-11,324.55
5889,Gabriel,63,Female,Phoenix,2025-11-11,155.34
5890,Chloé,27,Female,Bordeaux,2025-11-11,689.51
5891,Henry,48,Female,Toulouse,2025-11-12,88.68
5892,Lucas,65,Female,San Antonio,2025-11-12,483.02
5893,Bob,32,Female,Philadelphia,2025-11-12,150.04
5894,Kate,19,Female,Nice,2025-11-14,479.03
5895,Emma,59,Female,Houston,2025-11-14,426.64
5896,Emma,54,Male,Philadelphia,2025-11-14,107.41
5897,Henry,29,Male,Lyon,2025-11-14,676.22
5898,Jack,61,Female,New York,2025-11-15,117.51
5899,Mia,40,Male,San Jose,2025-11-15,210.65
5900,Tina,26,Male,Dallas,2025-11-15,117.67
5901,Rachel,37,Male,Philadelphia,2025-11-15,448.46
5902,Louis,29,Male,Philadelphia,2025-11-16,88.73
5903,Kate,59,Female,Lille,2025-11-16,759.97
5904,Liam,43,Female,New York,2025-11-17,1169.85
5905,Louis,37,Male,Lyon,2025-11-17,530.97
5906,Diana,32,Female,Phoenix,2025-11-17,1397.38
5907,Alice,49,Male,Marseille,2025-11-17,174.13
5908,Paul,18,Female,San Diego,2025-11-18,407.83
5909,Kate,41,Male,San Diego,2025-11-18,714.04
5910,Jack,35,Female,Toulouse,2025-11-18,135.49
5911,Noah,25,Male,San Diego,2025-11-19,627.87
5912,Léa,59,Female,Lille,2025-11-19,203.75
5913,Jack,43,Male,Lyon,2025-11-19,466.87
5914,Charlie,64,Female,Philadelphia,2025-11-20,468.4
5915,Gabriel,40,Female,San Antonio,2025-11-20,1437.7
5916,Noah,64,Female,Paris,2025-11-21,500.82
5917,Tina,39,Male,New York,2025-11-22,321.23
5918,Jack,31,Female,Los Angeles,2025-11-22,196.78
5919,Rachel,59,Male,Phoenix,2025-11-22,329.35
5920,Noah,18,Female,Chicago,2025-11-22,225.07
5921,Mia,31,Female,Philadelphia,2025-11-24,105.79
5922,Charlie,44,Female,Lyon,2025-11-24,1166.98
5923,Kate,48,Male,Houston,2025-11-24,823.67
5924,Frank,46,Male,Lille,2025-11-24,605.7
5925,Jack,33,Female,Houston,2025-11-25,81.27
5926,Eva,28,Male,Lyon,2025-11-26,56.14
5927,Rachel,58,Female,Dallas,2025-11-26,182.74
5928,Henry,36,Male,Marseille,2025-11-27,161.34
5929,Bob,34,Male,Los Angeles,2025-11-27,371.68
5930,Liam,60,Female,Toulouse,2025-11-27,44.36
5931,Diana,31,Female,Los Angeles,2025-11-28,429.46
5932,Hugo,34,Male,New York,2025-11-28,268.11
5933,Alice,62,Female,Phoenix,2025-11-28,71.13
5934,Emma,23,Female,Toulouse,2025-11-28,422.74
5935,Lucas,44,Female,Nice,2025-11-28,219.79
5936,Louis,65,Male,Dallas,2025-11-28,63.1
5937,Noah,62,Female,Philadelphia,2025-11-28,389.43
5938,Noah,30,Male,Paris,2025-11-28,357.87
5939,Rachel,56,Female,San Antonio,2025-11-28,244.3
5940,Olivia,19,Male,Lyon,2025-11-28,305.66
5941,Manon,33,Male,Nice,2025-11-29,317.41
5942,Louis,23,Female,Nice,2025-11-29,290.34
5943,Manon,44,Male,Phoenix,2025-11-29,244.31
5944,Kate,50,Female,San Diego,2025-11-29,362.18
5945,Charlie,35,Female,San Jose,2025-11-30,49.88
5946,Grace,45,Male,Bordeaux,2025-11-30,661.79
5947,Eva,41,Female,Paris,2025-11-30,349.04
5948,Manon,22,Male,Bordeaux,2025-11-30,375.39
5949,Charlie,54,Female,Nice,2025-11-30,154.81
5950,Louis,61,Female,Toulouse,2025-12-01,214.81
5951,Gabriel,27,Male,Philadelphia,2025-12-01,91.91
5952,Eva,59,Female,Lyon,2025-12-01,358.84
5953,Sophie,50,Male,Houston,2025-12-02,867.36
5954,Frank,34,Female,Chicago,2025-12-02,1772.35
5955,Antoine,25,Male,Nice,2025-12-03,616.02
5956,Liam,56,Male,Marseille,2025-12-03,243.65
5957,Olivia,61,Female,Paris,2025-12-03,77.13
5958,Lucas,40,Male,Philadelphia,2025-12-03,115.99
5959,Tina,64,Male,Marseille,2025-12-03,518.35
5960,Alice,55,Male,Lille,2025-12-03,673.06
5961,Lucas,46,Female,Dallas,2025-12-04,827.93
5962,Eva,62,Female,Chicago,2025-12-04,485.72
5963,Noah,20,Female,San Diego,2025-12-04,555.32
5964,Sophie,36,Female,Toulouse,2025-12-05,108.9
5965,Tina,55,Female,New York,2025-12-05,198.35
5966,Gabriel,51,Male,Philadelphia,2025-12-05,514.95
5967,Noah,44,Female,Marseille,2025-12-05,95.53
5968,Grace,51,Female,San Antonio,2025-12-06,79.26
5969,Olivia,53,Male,San Jose,2025-12-06,369.48
5970,Sophie,18,Male,San Antonio,2025-12-06,42.43
5971,Quinn,54,Male,Bordeaux,2025-12-06,256.48
5972,Eva,54,Female,Nantes,2025-12-06,1107.62
5973,Eva,46,Female,Paris,2025-12-06,39.91
5974,Frank,48,Male,Los Angeles,2025-12-07,229.1
5975,Léa,34,Male,San Antonio,2025-12-07,179.79
5976,Tina,46,Female,Lyon,2025-12-07,26.86
5977,Kate,25,Female,Phoenix,2025-12-07,486.59
5978,Mia,34,Female,San Jose,2025-12-08,506.31
5979,Tina,63,Male,Bordeaux,2025-12-08,351.04
5980,Bob,47,Male,Chicago,2025-12-08,201.56
5981,Lucas,41,Female,Marseille,2025-12-08,538.88
5982,Mia,36,Female,Lille,2025-12-08,169.4
5983,Gabriel,46,Female,Marseille,2025-12-08,159.38
5984,Léa,41,Female,Nantes,2025-12-10,336.83
5985,Alice,53,Male,San Diego,2025-12-10,1088.71
5986,Isabel,51,Male,Marseille,2025-12-12,208.36
5987,Jack,27,Female,Philadelphia,2025-12-12,53.49
5988,Liam,25,Male,Toulouse,2025-12-12,106.54
5989,Chloé,53,Male,San Antonio,2025-12-12,409.34
5990,Manon,65,Female,Lyon,2025-12-12,200.12
5991,Manon,46,Male,San Diego,2025-12-12,1958.42
5992,Frank,47,Male,Toulouse,2025-12-13,501.96
5993,Sophie,41,Female,Nantes,2025-12-13,821.29
5994,Kate,56,Female,San Antonio,2025-12-13,746.63
5995,Bob,60,Male,New York,2025-12-14,137.96
5996,Frank,54,Female,Bordeaux,2025-12-15,610.86
5997,Bob,32,Female,Lille,2025-12-15,175.8
5998,Liam,57,Male,San Jose,2025-12-16,508.38
5999,Quinn,41,Female,Philadelphia,2025-12-16,241.18
6000,Paul,18,Female,Nice,2025-12-17,180.75
6001,Olivia,40,Female,San Antonio,2025-12-17,209.21
6002,Grace,54,Male,Houston,2025-12-17,63.92
6003,Bob,36,Male,Lyon,2025-12-17,171.51
6004,Bob,50,Male,New York,2025-12-17,319.87
6005,Olivia,40,Female,Houston,2025-12-18,185.46
6006,Paul,24,Female,Phoenix,2025-12-18,393.86
6007,Tina,53,Female,Lille,2025-12-18,912.54
6008,Olivia,30,Female,San Diego,2025-12-18,532.65
6009,Lucas,63,Male,Nice,2025-12-18,827.1
6010,Grace,64,Male,Lille,2025-12-18,1354.26
6011,Noah,65,Male,Philadelphia,2025-12-18,94.21
6012,Paul,46,Male,Philadelphia,2025-12-18,107.76
6013,Rachel,45,Female,Bordeaux,2025-12-18,130.81
6014,Frank,59,Female,Marseille,2025-12-19,411.11
6015,Sam,19,Male,Chicago,2025-12-19,60.7
6016,Quinn,52,Female,Chicago,2025-12-19,343.0
6017,Quinn,54,Male,Los Angeles,2025-12-19,252.29
6018,Jack,27,Male,Houston,2025-12-21,201.35
6019,Grace,41,Male,Lille,2025-12-21,1302.07
6020,Quinn,28,Female,Paris,2025-12-21,558.14
6021,Chloé,19,Male,Dallas,2025-12-22,373.35
6022,Paul,51,Male,Nantes,2025-12-22,668.61
6023,Henry,40,Female,Los Angeles,2025-12-22,174.13
6024,Grace,33,Female,Paris,2025-12-22,628.71
6025,Grace,18,Male,Marseille,2025-12-22,66.78
6026,Sam,45,Male,San Jose,2025-12-22,282.24
6027,Kate,19,Female,New York,2025-12-23,91.38
6028,Hugo,26,Male,Paris,2025-12-23,289.0
6029,Grace,18,Female,New York,2025-12-23,274.62
6030,Antoine,47,Female,Houston,2025-12-24,148.87
6031,Mia,64,Male,New York,2025-12-24,301.04
6032,Eva,39,Female,New York,2025-12-24,385.55
6033,Manon,61,Male,Dallas,2025-12-24,208.81
6034,Bob,40,Male,New York,2025-12-24,587.43
6035,Bob,27,Male,Marseille,2025-12-24,551.7
6036,Kate,25,Male,Bordeaux,2025-12-24,80.85
6037,Kate,23,Female,Los Angeles,2025-12-25,247.02
6038,Bob,26,Female,San Jose,2025-12-25,55.64
6039,Chloé,50,Male,New York,2025-12-25,1085.37
6040,Rachel,22,Female,Marseille,2025-12-25,55.98
6041,Antoine,41,Female,Paris,2025-12-26,376.72
6042,Gabriel,48,Female,Toulouse,2025-12-27,397.86
6043,Diana,24,Female,Paris,2025-12-27,731.93
6044,Isabel,50,Female,San Jose,2025-12-27,537.87
6045,Olivia,26,Female,Lille,2025-12-28,98.12
6046,Louis,40,Female,Chicago,2025-12-28,893.09
6047,Jack,48,Male,Houston,2025-12-28,508.08
6048,Chloé,47,Female,Philadelphia,2025-12-28,463.55
6049,Lucas,64,Male,San Antonio,2025-12-28,354.64
6050,Alice,37,Female,Nice,2025-12-29,193.16
6051,Quinn,47,Male,Bordeaux,2025-12-29,183.77
6052,Gabriel,36,Female,Lille,2025-12-29,1170.62
6053,Chloé,65,Female,Chicago,2025-12-29,101.41
6054,Sam,29,Male,Houston,2025-12-29,142.83
6055,Frank,46,Female,Toulouse,2025-12-30,662.48
6056,Frank,25,Male,Paris,2025-12-31,20.11
6057,Olivia,29,Female,Lille,2025-12-31,189.3
6058,Sam,47,Female,San Jose,2025-12-31,2371.82
6059,Gabriel,50,Female,San Antonio,2025-12-31,258.04
6060,Mia,31,Male,Toulouse,2026-01-01,157.88
6061,Louis,22,Male,Marseille,2026-01-01,82.57
6062,Antoine,64,Male,Bordeaux,2026-01-01,420.56
6063,Charlie,55,Male,Nice,2026-01-01,208.03
6064,Frank,54,Male,Houston,2026-01-01,1127.76
6065,Paul,54,Male,Los Angeles,2026-01-01,152.19
6066,Jack,28,Male,Toulouse,2026-01-01,197.37
6067,Tina,63,Female,San Antonio,2026-01-01,399.32
6068,Antoine,50,Male,Houston,2026-01-02,1011.44
6069,Gabriel,51,Male,Houston,2026-01-02,291.25
6070,Paul,59,Male,Houston,2026-01-02,2004.7
6071,Henry,54,Female,Houston,2026-01-03,112.14
6072,Bob,39,Male,Lille,2026-01-03,447.95
6073,Noah,29,Female,Houston,2026-01-03,413.43
6074,Louis,30,Female,Dallas,2026-01-03,608.82
6075,Quinn,42,Male,San Diego,2026-01-03,1754.9
6076,Hugo,21,Female,Houston,2026-01-03,191.42
6077,Isabel,28,Male,Phoenix,2026-01-03,117.26
6078,Quinn,45,Male,Marseille,2026-01-04,138.91
6079,Manon,46,Male,Marseille,2026-01-04,135.85
6080,Grace,34,Female,Chicago,2026-01-04,422.65
6081,Alice,58,Female,Chicago,2026-01-04,273.48
6082,Emma,33,Male,Lille,2026-01-04,1609.93
6083,Kate,60,Male,New York,2026-01-05,67.61
6084,Sam,44,Female,Lille,2026-01-06,175.05
6085,Sam,36,Male,Nice,2026-01-06,296.21
6086,Tina,28,Female,Nice,2026-01-06,836.48
6087,Lucas,53,Male,Dallas,2026-01-07,970.0
6088,Sam,41,Male,Houston,2026-01-07,687.44
6089,Mia,53,Male,Nice,2026-01-07,39.71
6090,Liam,30,Male,San Jose,2026-01-08,275.69
6091,Sam,37,Male,Dallas,2026-01-09,199.51
6092,Grace,54,Male,Phoenix,2026-01-09,142.77
6093,Rachel,33,Male,Marseille,2026-01-09,111.32
6094,Liam,61,Male,New York,2026-01-09,382.01
6095,Quinn,46,Male,Lyon,2026-01-09,523.4
6096,Hugo,65,Female,Paris,2026-01-10,720.44
6097,Tina,48,Female,Paris,2026-01-10,146.36
6098,Diana,28,Female,Philadelphia,2026-01-10,192.86
6099,Léa,33,Male,San Diego,2026-01-10,407.28
6100,Gabriel,53,Female,Chicago,2026-01-11,275.2
6101,Chloé,24,Female,Paris,2026-01-12,2095.9
6102,Quinn,18,Male,San Jose,2026-01-12,263.35
6103,Frank,40,Male,San Antonio,2026-01-12,830.55
6104,Charlie,51,Male,Dallas,2026-01-12,793.0
6105,Noah,63,Female,Lille,2026-01-12,353.64
6106,Sophie,39,Male,Bordeaux,2026-01-12,409.8
6107,Louis,46,Male,New York,2026-01-12,1832.81
6108,Emma,57,Male,Paris,2026-01-12,533.36
6109,Tina,52,Female,Bordeaux,2026-01-12,716.06
6110,Emma,22,Male,Lyon,2026-01-12,34.38
6111,Manon,37,Male,Dallas,2026-01-12,988.47
6112,Emma,45,Female,Chicago,2026-01-13,176.8
6113,Quinn,32,Female,New York,2026-01-13,328.32
6114,Lucas,65,Male,Marseille,2026-01-13,136.4
6115,Tina,35,Male,San Antonio,2026-01-14,652.64
6116,Alice,26,Male,Houston,2026-01-14,646.9
6117,Hugo,19,Female,Phoenix,2026-01-14,456.34
6118,Lucas,42,Male,Nice,2026-01-14,34.59
6119,Rachel,58,Female,Los Angeles,2026-01-14,76.39
6120,Emma,25,Female,New York,2026-01-14,295.88
6121,Frank,43,Male,Dallas,2026-01-15,80.35
6122,Jack,58,Female,Lille,2026-01-15,67.18
6123,Grace,29,Male,Houston,2026-01-16,456.66
6124,Isabel,33,Female,Los Angeles,2026-01-16,1007.8
6125,Louis,33,Male,Los Angeles,2026-01-16,409.99
6126,Alice,47,Female,New York,2026-01-16,527.54
6127,Isabel,63,Male,Lille,2026-01-17,375.52
6128,Bob,18,Female,Marseille,2026-01-17,273.97
6129,Diana,54,Female,Lyon,2026-01-17,1026.89
6130,Antoine,34,Male,San Diego,2026-01-17,1154.45
6131,Henry,54,Female,Toulouse,2026-01-17,949.95
6132,Gabriel,61,Male,Chicago,2026-01-18,425.14
6133,Alice,61,Male,Phoenix,2026-01-18,71.72
6134,Manon,37,Male,San Antonio,2026-01-19,43.48
6135,Léa,22,Male,Los Angeles,2026-01-19,158.28
6136,Grace,43,Female,Chicago,2026-01-19,258.79
6137,Tina,19,Female,Lille,2026-01-20,556.27
6138,Frank,59,Female,Phoenix,2026-01-20,403.33
6139,Noah,32,Male,Marseille,2026-01-21,175.75
6140,Frank,28,Male,San Jose,2026-01-21,212.35
6141,Léa,40,Male,Paris,2026-01-21,159.98
6142,Kate,45,Male,Paris,2026-01-22,1294.16
6143,Bob,19,Male,Phoenix,2026-01-22,277.12
6144,Léa,60,Female,Marseille,2026-01-23,496.74
6145,Antoine,18,Female,San Antonio,2026-01-23,149.06
6146,Isabel,30,Female,Phoenix,2026-01-24,171.23
6147,Sophie,63,Female,Marseille,2026-01-24,617.03
6148,Kate,64,Male,Dallas,2026-01-24,250.15
6149,Jack,25,Male,Houston,2026-01-25,120.02
6150,Hugo,42,Female,New York,2026-01-25,250.39
6151,Antoine,38,Female,Bordeaux,2026-01-25,266.25
6152,Henry,26,Female,Bordeaux,2026-01-25,39.71
6153,Eva,24,Female,San Antonio,2026-01-26,259.84
6154,Sophie,62,Male,Toulouse,2026-01-26,329.31
6155,Liam,56,Male,Los Angeles,2026-01-26,555.71
6156,Quinn,20,Female,Lille,2026-01-27,546.11
6157,Emma,21,Female,Bordeaux,2026-01-27,141.72
6158,Isabel,37,Male,Toulouse,2026-01-27,375.91
6159,Bob,38,Female,Bordeaux,2026-01-27,341.66
6160,Liam,19,Female,Bordeaux,2026-01-27,99.73
6161,Hugo,44,Male,Dallas,2026-01-27,592.13
6162,Frank,46,Female,Lille,2026-01-27,234.42
6163,Noah,56,Male,Houston,2026-01-27,77.81
6164,Sam,37,Male,Paris,2026-01-27,116.53
6165,Gabriel,57,Male,Chicago,2026-01-28,339.18
6166,Alice,60,Male,Bordeaux,2026-01-28,388.57
6167,Antoine,43,Female,San Jose,2026-01-28,128.27
6168,Liam,59,Female,Marseille,2026-01-28,379.25
6169,Emma,38,Female,Nantes,2026-01-28,91.38
6170,Gabriel,22,Male,Lyon,2026-01-29,140.0
6171,Manon,42,Male,New York,2026-01-29,143.32
6172,Gabriel,56,Female,Nice,2026-01-29,1323.66
6173,Jack,18,Male,Philadelphia,2026-01-29,34.14
6174,Emma,25,Male,Los Angeles,2026-01-30,456.34
6175,Rachel,31,Female,Chicago,2026-01-30,210.21
6176,Henry,43,Male,Phoenix,2026-01-30,58.73
6177,Alice,45,Male,Nice,2026-01-30,1089.33
6178,Mia,41,Male,Philadelphia,2026-01-30,481.33
6179,Chloé,21,Female,Nantes,2026-01-30,381.76
6180,Isabel,65,Female,Lille,2026-01-30,278.09
6181,Quinn,44,Female,Dallas,2026-01-31,578.63
6182,Noah,35,Male,Phoenix,2026-01-31,65.68
6183,Diana,64,Female,Paris,2026-01-31,87.46
6184,Jack,47,Female,San Diego,2026-01-31,58.7
6185,Charlie,46,Female,Nantes,2026-02-01,81.26
6186,Paul,35,Female,Los Angeles,2026-02-01,192.12
6187,Frank,43,Male,Philadelphia,2026-02-01,405.9
6188,Alice,43,Female,San Diego,2026-02-01,52.73
6189,Bob,64,Male,Houston,2026-02-01,837.07
6190,Manon,47,Male,Lyon,2026-02-01,209.97
6191,Gabriel,20,Female,San Diego,2026-02-02,217.38
6192,Charlie,36,Male,Bordeaux,2026-02-03,87.31
6193,Bob,41,Female,Nantes,2026-02-03,434.72
6194,Quinn,29,Female,Phoenix,2026-02-03,511.73
6195,Mia,55,Female,Lille,2026-02-03,164.89
6196,Olivia,58,Female,Bordeaux,2026-02-04,958.75
6197,Sophie,61,Male,Lille,2026-02-04,194.69
6198,Paul,22,Female,Lyon,2026-02-04,96.53
6199,Louis,56,Female,Nantes,2026-02-04,27.64
6200,Antoine,50,Male,Nantes,2026-02-05,176.45
6201,Antoine,58,Male,Dallas,2026-02-05,198.1
6202,Noah,48,Female,Bordeaux,2026-02-05,562.74
6203,Diana,37,Female,Nantes,2026-02-05,70.39
6204,Bob,50,Female,Houston,2026-02-06,1238.61
6205,Grace,43,Female,Bordeaux,2026-02-06,658.27
6206,Henry,22,Female,San Jose,2026-02-06,658.9
6207,Rachel,33,Male,New York,2026-02-06,347.64
6208,Chloé,42,Female,Lille,2026-02-06,474.06
6209,Grace,43,Female,Philadelphia,2026-02-06,71.89
6210,Eva,44,Male,San Antonio,2026-02-06,328.1
6211,Louis,24,Male,Nice,2026-02-07,657.25
6212,Henry,55,Female,Toulouse,2026-02-08,477.92
6213,Noah,19,Male,Marseille,2026-02-08,517.23
6214,Gabriel,20,Male,Nantes,2026-02-08,837.37
6215,Paul,43,Female,Nantes,2026-02-08,730.3
6216,Alice,62,Female,San Diego,2026-02-08,276.15
6217,Olivia,45,Female,Philadelphia,2026-02-09,433.47
6218,Henry,31,Male,Lyon,2026-02-09,141.84
6219,Olivia,32,Female,Paris,2026-02-09,840.59
6220,Paul,52,Male,Marseille,2026-02-09,741.89
6221,Grace,29,Female,San Diego,2026-02-09,537.97
6222,Bob,58,Male,Lyon,2026-02-09,150.97
6223,Antoine,21,Male,Houston,2026-02-10,519.18
6224,Mia,41,Male,San Antonio,2026-02-10,39.11
6225,Charlie,29,Male,San Diego,2026-02-10,870.52
6226,Mia,47,Male,Phoenix,2026-02-10,1259.51
6227,Charlie,22,Male,Dallas,2026-02-10,1414.8
6228,Jack,27,Female,Dallas,2026-02-10,223.55
6229,Kate,46,Female,Dallas,2026-02-10,34.33
6230,Hugo,62,Female,Los Angeles,2026-02-10,130.53
6231,Isabel,29,Female,New York,2026-02-10,251.75
6232,Kate,33,Male,Lille,2026-02-11,437.01
6233,Frank,22,Female,Lyon,2026-02-11,483.92
6234,Rachel,50,Female,Lyon,2026-02-12,176.82
6235,Manon,48,Male,Phoenix,2026-02-12,95.59
6236,Emma,43,Male,New York,2026-02-12,328.61
6237,Mia,46,Male,Nantes,2026-02-13,725.19
6238,Mia,41,Female,Marseille,2026-02-14,205.66
6239,Gabriel,38,Male,Nantes,2026-02-14,179.13
6240,Mia,50,Female,San Jose,2026-02-14,360.92
6241,Quinn,42,Female,Paris,2026-02-14,104.5
6242,Sam,46,Male,Dallas,2026-02-14,235.42
6243,Frank,48,Female,Philadelphia,2026-02-14,54.68
6244,Diana,51,Female,San Jose,2026-02-15,180.55
6245,Mia,55,Female,Chicago,2026-02-15,30.17
6246,Emma,32,Female,Nice,2026-02-15,1355.18
6247,Liam,20,Male,Bordeaux,2026-02-15,261.32
6248,Gabriel,26,Female,Los Angeles,2026-02-15,233.27
6249,Henry,21,Male,Los Angeles,2026-02-15,582.05
6250,Liam,57,Female,Bordeaux,2026-02-15,133.27
6251,Noah,21,Male,Houston,2026-02-15,86.28
6252,Sophie,25,Female,Houston,2026-02-16,720.87
6253,Frank,64,Male,Nantes,2026-02-16,81.22
6254,Lucas,54,Male,Marseille,2026-02-16,1621.22
6255,Paul,43,Male,Toulouse,2026-02-16,78.74
6256,Gabriel,31,Male,Paris,2026-02-16,26.9
6257,Alice,32,Female,Marseille,2026-02-17,208.68
6258,Sam,21,Male,Lyon,2026-02-17,1062.45
6259,Gabriel,32,Female,New York,2026-02-17,170.12
6260,Paul,62,Male,Houston,2026-02-17,39.23
6261,Kate,46,Female,Nantes,2026-02-17,1376.57
6262,Louis,30,Female,Lyon,2026-02-17,1119.88
6263,Jack,24,Female,Marseille,2026-02-17,404.01
6264,Emma,32,Female,Chicago,2026-02-18,362.23
6265,Chloé,50,Female,New York,2026-02-18,46.13
6266,Tina,46,Female,Chicago,2026-02-19,46.06
6267,Antoine,64,Male,Chicago,2026-02-19,894.63
6268,Antoine,53,Female,Marseille,2026-02-19,183.68
6269,Frank,39,Female,San Diego,2026-02-20,727.91
6270,Sam,26,Male,Lyon,2026-02-21,134.41
6271,Alice,35,Male,San Antonio,2026-02-21,49.15
6272,Jack,39,Male,Phoenix,2026-02-21,42.93
6273,Emma,33,Male,Nice,2026-02-21,157.39
6274,Noah,42,Male,Toulouse,2026-02-21,149.69
6275,Sam,62,Female,Lille,2026-02-21,764.75
6276,Léa,53,Female,Dallas,2026-02-22,46.17
6277,Diana,64,Male,Paris,2026-02-22,346.93
6278,Tina,48,Female,Bordeaux,2026-02-23,1179.14
6279,Grace,22,Female,Marseille,2026-02-23,193.69
6280,Liam,41,Female,New York,2026-02-24,182.62
6281,Quinn,56,Female,Philadelphia,2026-02-24,159.23
6282,Quinn,53,Male,San Diego,2026-02-24,265.19
6283,Gabriel,33,Male,Toulouse,2026-02-24,27.73
6284,Henry,38,Female,Lyon,2026-02-24,81.99
6285,Diana,19,Female,San Diego,2026-02-24,92.56
6286,Chloé,52,Female,Marseille,2026-02-24,234.03
6287,Tina,32,Male,Lille,2026-02-24,219.35
6288,Charlie,25,Male,Dallas,2026-02-25,158.15
6289,Lucas,57,Female,Houston,2026-02-25,66.76
6290,Rachel,50,Male,San Antonio,2026-02-25,217.15
6291,Isabel,26,Male,Philadelphia,2026-02-25,384.38
6292,Emma,41,Male,Paris,2026-02-26,422.46
6293,Chloé,61,Female,San Jose,2026-02-26,325.57
6294,Tina,52,Female,Philadelphia,2026-02-26,46.42
6295,Manon,65,Female,Marseille,2026-02-26,377.27
6296,Antoine,41,Male,San Diego,2026-02-26,1219.49
6297,Kate,42,Male,Dallas,2026-02-26,33.54
6298,Chloé,43,Female,San Jose,2026-02-27,98.65
6299,Lucas,51,Male,Marseille,2026-02-27,30.86
6300,Alice,21,Female,Chicago,2026-02-27,231.59
6301,Hugo,64,Female,Los Angeles,2026-02-27,207.26
6302,Emma,35,Male,Bordeaux,2026-02-27,85.6
6303,Paul,24,Female,Nantes,2026-02-28,254.7
6304,Bob,28,Female,Marseille,2026-02-28,425.91
6305,Olivia,51,Female,Nice,2026-02-28,216.08
6306,Charlie,23,Female,San Diego,2026-02-28,140.76
6307,Emma,63,Female,Nice,2026-03-01,241.4
6308,Henry,34,Female,Houston,2026-03-01,137.22
6309,Liam,33,Female,Houston,2026-03-01,206.78
6310,Kate,23,Female,Marseille,2026-03-01,489.96
6311,Rachel,36,Male,San Jose,2026-03-02,426.42
6312,Diana,64,Female,San Jose,2026-03-02,65.31
6313,Isabel,41,Female,Philadelphia,2026-03-02,168.33
6314,Paul,27,Female,San Antonio,2026-03-03,823.19
6315,Charlie,32,Female,Chicago,2026-03-03,182.76
6316,Kate,56,Female,Toulouse,2026-03-03,744.9
6317,Henry,22,Male,Chicago,2026-03-04,158.85
6318,Bob,27,Female,Lille,2026-03-05,752.99
6319,Eva,59,Female,Chicago,2026-03-05,379.29
6320,Antoine,61,Male,Los Angeles,2026-03-06,547.53
6321,Isabel,27,Male,Toulouse,2026-03-06,754.32
6322,Paul,31,Female,San Jose,2026-03-06,96.23
6323,Antoine,54,Male,Lille,2026-03-06,637.22
6324,Jack,22,Male,Nantes,2026-03-07,150.83
6325,Manon,49,Female,Phoenix,2026-03-08,89.73
6326,Mia,23,Female,Lyon,2026-03-08,200.59
6327,Paul,58,Male,Houston,2026-03-08,475.53
6328,Emma,49,Female,Toulouse,2026-03-09,23.25
6329,Quinn,22,Female,Houston,2026-03-09,709.06
6330,Alice,57,Male,Lille,2026-03-10,54.75
6331,Mia,62,Male,Toulouse,2026-03-10,843.56
6332,Mia,34,Female,San Jose,2026-03-10,538.68
6333,Henry,61,Female,Phoenix,2026-03-10,143.19
6334,Charlie,59,Female,Dallas,2026-03-10,238.59
6335,Lucas,18,Male,Nantes,2026-03-11,554.62
6336,Gabriel,54,Male,Chicago,2026-03-12,368.19
6337,Hugo,30,Male,Paris,2026-03-12,633.02
6338,Tina,27,Female,Philadelphia,2026-03-12,46.26
6339,Frank,29,Female,Los Angeles,2026-03-12,107.07
6340,Diana,25,Female,Paris,2026-03-13,239.98
6341,Paul,32,Male,Houston,2026-03-13,1787.87
6342,Sam,52,Female,Los Angeles,2026-03-13,421.14
6343,Mia,64,Female,San Antonio,2026-03-13,868.86
6344,Quinn,52,Female,San Antonio,2026-03-13,43.09
6345,Antoine,60,Female,New York,2026-03-13,1134.17
6346,Bob,54,Female,Toulouse,2026-03-14,220.9
6347,Lucas,20,Female,Dallas,2026-03-14,344.16
6348,Olivia,38,Female,Lille,2026-03-14,363.66
6349,Henry,25,Female,Nantes,2026-03-14,292.6
6350,Tina,56,Male,San Diego,2026-03-14,473.85
6351,Emma,47,Male,Marseille,2026-03-14,630.47
6352,Paul,42,Male,Lyon,2026-03-15,452.37
6353,Tina,42,Male,Nantes,2026-03-15,190.39
6354,Sophie,54,Female,Lyon,2026-03-15,1468.61
6355,Isabel,53,Male,Phoenix,2026-03-16,172.69
6356,Quinn,30,Male,Nantes,2026-03-16,204.09
6357,Emma,40,Male,Houston,2026-03-16,487.14
6358,Léa,58,Male,Nantes,2026-03-16,138.47
6359,Noah,59,Female,San Diego,2026-03-16,239.53
6360,Emma,48,Female,Houston,2026-03-17,361.26
6361,Charlie,35,Male,Nantes,2026-03-17,480.28
6362,Emma,36,Male,Nantes,2026-03-17,503.88
6363,Hugo,52,Male,Los Angeles,2026-03-17,324.49
6364,Hugo,55,Female,San Jose,2026-03-18,192.73
6365,Sophie,37,Male,Toulouse,2026-03-18,392.53
6366,Gabriel,37,Male,Houston,2026-03-18,70.39
6367,Grace,38,Female,Dallas,2026-03-19,705.34
6368,Mia,18,Male,Los Angeles,2026-03-20,424.17
6369,Lucas,24,Female,Houston,2026-03-20,428.44
6370,Hugo,20,Female,Phoenix,2026-03-21,66.7
6371,Mia,60,Male,Marseille,2026-03-22,108.62
6372,Frank,59,Female,Phoenix,2026-03-22,1200.76
6373,Chloé,31,Male,Phoenix,2026-03-22,429.56
6374,Frank,57,Male,Toulouse,2026-03-22,39.66
6375,Lucas,22,Female,Nice,2026-03-23,285.76
6376,Liam,36,Male,Paris,2026-03-23,812.37
6377,Antoine,36,Female,Nantes,2026-03-23,1462.14
6378,Mia,40,Male,Los Angeles,2026-03-23,233.49
6379,Olivia,31,Male,San Antonio,2026-03-23,686.58
6380,Chloé,24,Female,Lyon,2026-03-23,73.22
6381,Alice,62,Male,Phoenix,2026-03-24,234.85
6382,Bob,21,Female,San Diego,2026-03-24,96.04
6383,Paul,60,Female,Phoenix,2026-03-24,401.88
6384,Rachel,25,Male,Bordeaux,2026-03-25,93.79
6385,Sam,22,Female,Phoenix,2026-03-25,182.79
6386,Bob,37,Male,Bordeaux,2026-03-25,310.49
6387,Louis,54,Female,San Diego,2026-03-25,119.11
6388,Diana,61,Male,Philadelphia,2026-03-25,78.56
6389,Emma,22,Male,Nice,2026-03-25,787.19
6390,Liam,51,Male,San Antonio,2026-03-26,152.82
6391,Charlie,38,Female,Dallas,2026-03-26,735.87
6392,Sophie,45,Female,Nice,2026-03-26,237.77
6393,Frank,36,Female,San Antonio,2026-03-26,221.42
6394,Frank,23,Female,Lille,2026-03-27,44.73
6395,Kate,47,Male,Dallas,2026-03-27,699.0
6396,Charlie,24,Female,San Jose,2026-03-28,1591.27
6397,Charlie,41,Male,Bordeaux,2026-03-28,618.14
6398,Rachel,35,Male,Lyon,2026-03-28,43.91
6399,Liam,65,Male,San Jose,2026-03-29,91.66
6400,Frank,46,Female,Houston,2026-03-29,336.75
6401,Sophie,27,Male,Toulouse,2026-03-29,470.67
6402,Isabel,64,Male,Bordeaux,2026-03-30,278.54
6403,Hugo,34,Male,Marseille,2026-03-30,166.33
6404,Tina,46,Female,San Diego,2026-03-30,286.26
6405,Chloé,24,Female,Houston,2026-03-30,546.61
6406,Lucas,31,Male,Nantes,2026-03-30,112.54
6407,Grace,54,Female,Los Angeles,2026-03-30,99.72
6408,Henry,28,Female,San Antonio,2026-03-30,28.01
6409,Isabel,59,Female,Paris,2026-03-30,247.68
6410,Chloé,61,Male,Marseille,2026-03-30,520.98
6411,Eva,24,Male,Nantes,2026-03-31,253.39
6412,Louis,38,Male,San Jose,2026-03-31,783.09
6413,Louis,44,Female,Phoenix,2026-03-31,553.45
6414,Liam,60,Female,Nice,2026-04-01,438.84
6415,Tina,55,Male,Nice,2026-04-01,239.74
6416,Charlie,28,Female,New York,2026-04-01,622.51
6417,Eva,27,Male,Nice,2026-04-01,150.5
6418,Sophie,51,Male,Bordeaux,2026-04-01,233.74
6419,Hugo,62,Female,Philadelphia,2026-04-01,354.82
6420,Hugo,28,Female,San Antonio,2026-04-02,642.64
6421,Bob,30,Female,Marseille,2026-04-02,35.04
6422,Emma,48,Male,Phoenix,2026-04-02,470.04
6423,Lucas,56,Male,Nantes,2026-04-03,194.67
6424,Chloé,27,Female,Chicago,2026-04-03,48.47
6425,Henry,18,Male,Lille,2026-04-03,809.92
6426,Diana,35,Female,Philadelphia,2026-04-04,88.62
6427,Louis,58,Male,Philadelphia,2026-04-04,763.9
6428,Lucas,25,Female,Phoenix,2026-04-04,45.13
6429,Chloé,64,Male,Philadelphia,2026-04-05,384.97
6430,Antoine,49,Male,Nantes,2026-04-05,66.46
6431,Manon,58,Female,San Antonio,2026-04-05,261.55
6432,Kate,30,Female,Marseille,2026-04-06,77.33
6433,Bob,56,Female,Nantes,2026-04-06,52.9
6434,Grace,21,Female,Nantes,2026-04-06,39.09
6435,Liam,32,Male,Marseille,2026-04-06,211.6
6436,Isabel,65,Female,San Jose,2026-04-06,56.94
6437,Louis,29,Male,Paris,2026-04-06,134.29
6438,Bob,26,Male,Philadelphia,2026-04-07,678.03
6439,Sophie,30,Male,Dallas,2026-04-08,294.61
6440,Kate,31,Male,Toulouse,2026-04-08,308.45
6441,Isabel,33,Male,Chicago,2026-04-09,300.57
6442,Mia,40,Female,Toulouse,2026-04-09,122.41
6443,Rachel,62,Female,Nantes,2026-04-09,210.61
6444,Rachel,20,Male,Bordeaux,2026-04-10,656.19
6445,Eva,28,Male,San Jose,2026-04-10,250.56
6446,Eva,47,Male,Paris,2026-04-10,327.35
6447,Tina,65,Male,Nantes,2026-04-10,205.47
6448,Noah,41,Male,San Jose,2026-04-10,350.4
6449,Noah,50,Female,Bordeaux,2026-04-11,80.81
6450,Charlie,53,Female,Toulouse,2026-04-11,729.79
6451,Eva,48,Male,New York,2026-04-11,430.21
6452,Noah,46,Male,Nantes,2026-04-11,169.08
6453,Noah,59,Female,Houston,2026-04-12,67.33
6454,Diana,36,Female,Philadelphia,2026-04-13,35.06
6455,Mia,62,Female,Nantes,2026-04-13,694.86
6456,Tina,65,Female,San Jose,2026-04-13,49.42
6457,Gabriel,50,Male,Philadelphia,2026-04-14,382.46
6458,Emma,30,Female,Phoenix,2026-04-14,184.21
6459,Sam,24,Male,San Antonio,2026-04-14,83.35
6460,Olivia,30,Female,New York,2026-04-15,40.01
6461,Antoine,54,Female,Dallas,2026-04-15,357.82
6462,Rachel,34,Female,Phoenix,2026-04-16,301.18
6463,Antoine,25,Female,Bordeaux,2026-04-16,112.42
6464,Antoine,51,Female,Philadelphia,2026-04-16,365.06
6465,Sam,41,Female,Toulouse,2026-04-16,441.95
6466,Manon,61,Male,Lyon,2026-04-16,77.28
6467,Rachel,48,Male,San Antonio,2026-04-16,41.21
6468,Alice,48,Female,San Jose,2026-04-16,552.63
6469,Hugo,58,Female,San Diego,2026-04-17,45.51
6470,Sam,41,Male,Phoenix,2026-04-17,258.23
6471,Liam,62,Male,Lyon,2026-04-17,44.91
6472,Noah,18,Male,Paris,2026-04-18,76.47
6473,Sophie,59,Male,Nice,2026-04-18,48.57
6474,Gabriel,55,Female,Chicago,2026-04-18,660.08
6475,Sophie,27,Female,Paris,2026-04-18,359.85
6476,Bob,54,Male,Chicago,2026-04-18,34.03
6477,Frank,52,Female,Nantes,2026-04-19,84.91
6478,Olivia,65,Female,San Jose,2026-04-19,124.16
6479,Bob,33,Female,Chicago,2026-04-20,509.98
6480,Léa,54,Male,Nice,2026-04-20,1056.18
6481,Hugo,61,Male,Paris,2026-04-20,45.41
6482,Noah,52,Female,Los Angeles,2026-04-20,935.93
6483,Henry,24,Male,Los Angeles,2026-04-20,422.03
6484,Bob,53,Female,Chicago,2026-04-20,347.69
6485,Lucas,49,Male,Lille,2026-04-20,52.08
6486,Liam,24,Female,Paris,2026-04-20,437.17
6487,Isabel,51,Female,San Jose,2026-04-21,605.15
6488,Diana,59,Male,Lyon,2026-04-21,179.81
6489,Louis,50,Male,Toulouse,2026-04-21,301.1
6490,Mia,51,Male,San Jose,2026-04-22,290.35
6491,Olivia,41,Male,Nice,2026-04-22,487.43
6492,Chloé,55,Female,San Antonio,2026-04-22,320.12
6493,Paul,62,Male,Nantes,2026-04-22,97.82
6494,Sophie,46,Female,Phoenix,2026-04-23,106.06
6495,Eva,28,Male,Lille,2026-04-23,498.32
6496,Noah,36,Female,Philadelphia,2026-04-23,104.67
6497,Paul,43,Male,Phoenix,2026-04-24,233.13
6498,Jack,22,Male,Toulouse,2026-04-24,23.49
6499,Diana,25,Male,New York,2026-04-24,194.0
6500,Charlie,31,Female,Nice,2026-04-25,156.33
6501,Mia,27,Female,Marseille,2026-04-25,1051.85
6502,Olivia,30,Female,San Antonio,2026-04-26,119.54
6503,Olivia,61,Female,Houston,2026-04-26,169.06
6504,Kate,27,Female,San Diego,2026-04-26,198.78
6505,Sam,52,Male,Phoenix,2026-04-26,760.7
6506,Chloé,21,Male,Los Angeles,2026-04-26,307.21
6507,Grace,40,Male,San Diego,2026-04-27,47.14
6508,Jack,59,Female,Los Angeles,2026-04-28,216.43
6509,Mia,58,Male,Los Angeles,2026-04-28,349.81
6510,Lucas,33,Male,Bordeaux,2026-04-28,493.85
6511,Emma,48,Female,Philadelphia,2026-04-28,689.04
6512,Isabel,65,Female,Philadelphia,2026-04-28,493.15
6513,Bob,25,Male,New York,2026-04-29,230.62
6514,Tina,30,Female,New York,2026-04-29,1274.14
6515,Gabriel,36,Male,Dallas,2026-04-29,121.8
6516,Manon,52,Female,Los Angeles,2026-04-29,182.57
6517,Henry,18,Female,Dallas,2026-04-29,27.76
6518,Diana,54,Female,Lyon,2026-04-29,458.27
6519,Kate,27,Male,Paris,2026-04-30,452.73
6520,Lucas,47,Male,San Diego,2026-04-30,837.73
6521,Manon,33,Female,Lille,2026-04-30,163.5
6522,Mia,45,Male,Nantes,2026-05-01,571.24
6523,Mia,45,Female,Lyon,2026-05-01,46.38
6524,Isabel,24,Male,Nice,2026-05-01,436.51
6525,Grace,34,Female,Nantes,2026-05-02,21.27
6526,Quinn,64,Female,Nantes,2026-05-02,260.79
6527,Olivia,62,Male,Marseille,2026-05-03,220.35
6528,Frank,28,Male,San Antonio,2026-05-03,95.9
6529,Hugo,32,Female,Dallas,2026-05-03,289.22
6530,Grace,28,Male,Bordeaux,2026-05-03,225.49
6531,Olivia,55,Female,Philadelphia,2026-05-03,1262.74
6532,Frank,44,Female,Houston,2026-05-04,487.09
6533,Henry,22,Female,Nice,2026-05-04,99.77
6534,Isabel,64,Female,San Jose,2026-05-04,95.07
6535,Liam,30,Male,Nice,2026-05-04,250.47
6536,Quinn,59,Male,Los Angeles,2026-05-04,264.2
6537,Quinn,49,Male,Dallas,2026-05-05,108.38
6538,Alice,29,Male,Philadelphia,2026-05-06,50.56
6539,Eva,31,Female,San Antonio,2026-05-07,240.47
6540,Mia,25,Female,Toulouse,2026-05-07,98.43
6541,Mia,53,Male,Chicago,2026-05-08,336.79
6542,Bob,42,Male,Los Angeles,2026-05-08,473.38
6543,Lucas,54,Female,Nantes,2026-05-09,166.82
6544,Louis,45,Male,Nice,2026-05-09,153.19
6545,Jack,41,Female,New York,2026-05-09,540.11
6546,Eva,44,Female,Lyon,2026-05-09,517.92
6547,Sam,56,Female,Chicago,2026-05-09,112.65
6548,Quinn,46,Male,Nice,2026-05-09,552.16
6549,Emma,36,Male,Paris,2026-05-10,188.1
6550,Henry,52,Male,Nice,2026-05-10,361.94
6551,Tina,30,Male,Nantes,2026-05-10,221.51
6552,Noah,31,Female,Bordeaux,2026-05-11,602.35
6553,Lucas,61,Female,San Antonio,2026-05-11,398.7
6554,Grace,54,Male,Bordeaux,2026-05-12,331.19
6555,Sam,32,Male,Houston,2026-05-12,217.35
6556,Alice,31,Male,Phoenix,2026-05-12,364.91
6557,Diana,61,Male,San Antonio,2026-05-12,1079.61
6558,Tina,22,Female,Nantes,2026-05-12,1492.13
6559,Bob,65,Male,New York,2026-05-13,63.97
6560,Louis,26,Female,Lyon,2026-05-13,227.44
6561,Léa,19,Female,Dallas,2026-05-13,873.55
6562,Sophie,50,Male,Chicago,2026-05-14,65.85
6563,Charlie,47,Male,Lyon,2026-05-14,300.95
6564,Kate,60,Female,San Jose,2026-05-14,471.3
6565,Jack,23,Male,Phoenix,2026-05-14,449.62
6566,Noah,30,Female,Chicago,2026-05-15,367.16
6567,Paul,64,Male,Phoenix,2026-05-15,1095.95
6568,Hugo,29,Female,Lyon,2026-05-15,867.91
6569,Antoine,59,Female,San Diego,2026-05-15,69.61
6570,Diana,40,Male,Philadelphia,2026-05-15,241.17
6571,Sophie,20,Male,Nantes,2026-05-15,366.7
6572,Liam,43,Female,San Antonio,2026-05-15,378.55
6573,Léa,34,Male,Houston,2026-05-15,270.23
6574,Léa,43,Male,Paris,2026-05-16,518.43
6575,Liam,49,Male,Nice,2026-05-16,59.26
6576,Quinn,34,Female,Paris,2026-05-17,198.79
6577,Diana,44,Male,San Antonio,2026-05-17,618.79
6578,Lucas,55,Male,Dallas,2026-05-17,361.14
6579,Mia,43,Male,Lille,2026-05-18,137.0
6580,Mia,60,Female,Marseille,2026-05-18,500.68
6581,Charlie,52,Female,Lille,2026-05-18,74.89
6582,Rachel,52,Male,Phoenix,2026-05-18,113.08
6583,Paul,51,Female,Philadelphia,2026-05-19,389.04
6584,Olivia,56,Female,Nantes,2026-05-19,124.19
6585,Tina,24,Female,Philadelphia,2026-05-19,285.73
6586,Quinn,38,Male,San Jose,2026-05-19,236.24
6587,Liam,41,Male,Chicago,2026-05-19,458.56
6588,Louis,54,Female,Chicago,2026-05-20,158.94
6589,Rachel,19,Female,San Diego,2026-05-21,228.68
6590,Mia,59,Female,Nantes,2026-05-21,299.59
6591,Mia,45,Female,San Antonio,2026-05-21,361.14
6592,Isabel,38,Male,Nantes,2026-05-21,422.36
6593,Paul,56,Female,Phoenix,2026-05-22,2042.96
6594,Grace,41,Female,Nantes,2026-05-22,96.53
6595,Bob,55,Male,Lyon,2026-05-22,87.39
6596,Emma,51,Male,Los Angeles,2026-05-23,1444.14
6597,Mia,63,Female,San Antonio,2026-05-23,832.93
6598,Paul,35,Male,San Diego,2026-05-23,786.6
6599,Rachel,28,Female,Houston,2026-05-23,21.19
6600,Paul,43,Male,Lille,2026-05-24,313.36
6601,Tina,32,Male,Lille,2026-05-24,48.54
6602,Frank,18,Female,San Jose,2026-05-24,190.98
6603,Grace,53,Male,San Diego,2026-05-24,52.82
6604,Sophie,19,Male,Los Angeles,2026-05-25,880.18
6605,Kate,21,Male,Chicago,2026-05-25,124.69
6606,Olivia,61,Female,Marseille,2026-05-25,80.04
6607,Eva,52,Male,San Antonio,2026-05-26,634.81
6608,Mia,19,Male,Nice,2026-05-26,372.8
6609,Paul,24,Female,San Diego,2026-05-26,52.19
6610,Gabriel,31,Male,Houston,2026-05-26,186.11
6611,Frank,35,Male,Toulouse,2026-05-26,246.89
6612,Hugo,41,Female,San Jose,2026-05-26,118.55
6613,Emma,36,Female,New York,2026-05-26,123.06
6614,Jack,43,Female,Dallas,2026-05-28,689.88
6615,Diana,49,Male,New York,2026-05-28,325.9
6616,Noah,53,Male,Philadelphia,2026-05-28,1456.39
6617,Diana,54,Female,Toulouse,2026-05-28,151.91
6618,Manon,37,Male,Nice,2026-05-28,356.3
6619,Isabel,40,Female,Lille,2026-05-28,23.96
6620,Antoine,54,Male,Houston,2026-05-28,510.26
6621,Lucas,58,Female,Philadelphia,2026-05-28,868.95
6622,Kate,39,Female,Paris,2026-05-29,476.66
6623,Rachel,57,Female,San Antonio,2026-05-29,49.07
6624,Charlie,38,Male,Bordeaux,2026-05-29,674.16
6625,Diana,48,Female,San Jose,2026-05-30,740.67
6626,Paul,44,Female,Toulouse,2026-05-30,219.18
6627,Jack,37,Male,New York,2026-05-30,245.6
6628,Sophie,31,Female,Paris,2026-05-30,884.13
6629,Charlie,59,Male,Nantes,2026-05-30,462.14
6630,Grace,51,Female,Lille,2026-05-31,827.71
6631,Isabel,59,Female,San Jose,2026-05-31,151.18
6632,Alice,22,Female,Houston,2026-05-31,301.95
6633,Bob,54,Male,Chicago,2026-05-31,27.34
6634,Antoine,57,Female,Toulouse,2026-05-31,239.87
6635,Emma,40,Male,Los Angeles,2026-05-31,347.31
6636,Alice,47,Female,New York,2026-05-31,467.85
6637,Bob,42,Male,Toulouse,2026-05-31,230.04
6638,Liam,61,Male,Chicago,2026-05-31,111.12
6639,Gabriel,34,Male,Chicago,2026-05-31,186.88
6640,Jack,62,Female,Toulouse,2026-06-01,166.43
6641,Charlie,21,Male,San Diego,2026-06-01,848.59
6642,Olivia,39,Female,Los Angeles,2026-06-01,529.28
6643,Isabel,37,Female,Lyon,2026-06-02,416.01
6644,Hugo,26,Male,Lille,2026-06-02,155.85
6645,Isabel,35,Male,Lyon,2026-06-02,1181.63
6646,Tina,44,Female,Lyon,2026-06-02,52.28
6647,Charlie,24,Female,Bordeaux,2026-06-03,651.16
6648,Sam,23,Female,San Jose,2026-06-03,348.88
6649,Hugo,49,Male,Bordeaux,2026-06-03,61.4
6650,Liam,51,Male,Nice,2026-06-03,113.93
6651,Tina,36,Male,Phoenix,2026-06-03,95.12
6652,Antoine,47,Female,Paris,2026-06-03,298.56
6653,Hugo,58,Female,Los Angeles,2026-06-04,26.23
6654,Manon,37,Female,Los Angeles,2026-06-04,843.48
6655,Henry,34,Female,Houston,2026-06-04,408.58
6656,Olivia,24,Male,Phoenix,2026-06-04,137.04
6657,Noah,28,Female,San Jose,2026-06-04,140.95
6658,Manon,30,Male,Marseille,2026-06-05,352.86
6659,Olivia,42,Female,Phoenix,2026-06-05,1786.1
6660,Lucas,57,Female,New York,2026-06-05,2333.7
6661,Antoine,42,Male,Paris,2026-06-05,307.82
6662,Lucas,28,Female,Dallas,2026-06-05,561.93
6663,Gabriel,18,Male,San Jose,2026-06-06,132.72
6664,Antoine,29,Female,Los Angeles,2026-06-06,106.42
6665,Antoine,65,Male,Lille,2026-06-06,147.39
6666,Lucas,53,Female,Los Angeles,2026-06-06,38.7
6667,Gabriel,20,Male,Los Angeles,2026-06-06,1263.16
6668,Bob,55,Female,Marseille,2026-06-06,32.14
6669,Olivia,29,Female,Nantes,2026-06-06,892.84
6670,Liam,24,Male,Marseille,2026-06-06,65.7
6671,Kate,23,Male,San Jose,2026-06-06,443.58
6672,Kate,48,Male,Lille,2026-06-07,1119.41
6673,Sam,48,Male,Phoenix,2026-06-07,441.85
6674,Mia,39,Female,Paris,2026-06-08,370.86
6675,Manon,28,Female,Philadelphia,2026-06-08,166.49
6676,Henry,58,Male,Toulouse,2026-06-08,70.23
6677,Bob,25,Female,Phoenix,2026-06-08,559.34
6678,Diana,39,Male,San Antonio,2026-06-08,1965.96
6679,Mia,31,Female,Philadelphia,2026-06-09,233.47
6680,Noah,44,Female,San Diego,2026-06-09,1257.85
6681,Kate,64,Male,Phoenix,2026-06-10,428.06
6682,Frank,61,Female,New York,2026-06-10,233.37
6683,Paul,32,Male,Los Angeles,2026-06-10,456.78
6684,Charlie,21,Female,San Antonio,2026-06-10,152.69
6685,Antoine,29,Female,Lyon,2026-06-10,264.73
6686,Sophie,50,Male,Paris,2026-06-10,541.71
6687,Lucas,21,Male,New York,2026-06-10,322.33
6688,Kate,38,Male,San Jose,2026-06-10,665.84
6689,Mia,64,Female,Nantes,2026-06-10,345.23
6690,Sophie,31,Female,Nice,2026-06-11,706.96
6691,Alice,65,Male,Los Angeles,2026-06-11,312.79
6692,Tina,62,Female,San Jose,2026-06-11,311.38
6693,Léa,65,Male,San Antonio,2026-06-11,811.17
6694,Alice,55,Female,Lille,2026-06-12,262.25
6695,Mia,47,Female,Houston,2026-06-12,131.23
6696,Hugo,58,Male,New York,2026-06-12,602.66
6697,Kate,33,Female,Lille,2026-06-12,48.96
6698,Chloé,44,Female,Marseille,2026-06-13,927.0
6699,Sophie,26,Female,Bordeaux,2026-06-13,541.09
6700,Lucas,23,Male,Bordeaux,2026-06-14,779.51
6701,Rachel,35,Male,Lille,2026-06-14,701.67
6702,Henry,56,Male,Phoenix,2026-06-14,471.47
6703,Gabriel,22,Female,Paris,2026-06-14,146.97
6704,Tina,28,Female,Lille,2026-06-14,1200.69
6705,Lucas,58,Male,Bordeaux,2026-06-14,542.3
6706,Hugo,29,Male,Toulouse,2026-06-14,20.6
6707,Manon,49,Female,Phoenix,2026-06-14,162.14
6708,Léa,61,Male,Lille,2026-06-16,314.24
6709,Rachel,65,Male,Lille,2026-06-16,137.79
6710,Alice,42,Female,Nantes,2026-06-16,294.28
6711,Sam,23,Female,Marseille,2026-06-16,539.78
6712,Bob,53,Female,Los Angeles,2026-06-16,165.24
6713,Hugo,61,Female,Lille,2026-06-16,146.33
6714,Emma,51,Male,New York,2026-06-17,156.7
6715,Bob,25,Female,Nantes,2026-06-17,1029.79
6716,Diana,45,Female,Nantes,2026-06-18,368.21
6717,Mia,34,Male,Los Angeles,2026-06-18,515.93
6718,Lucas,37,Male,San Jose,2026-06-18,159.79
6719,Bob,40,Male,San Jose,2026-06-19,888.87
6720,Diana,49,Female,Philadelphia,2026-06-19,130.68
6721,Eva,43,Female,San Diego,2026-06-19,243.45
6722,Grace,55,Male,Houston,2026-06-19,127.18
6723,Paul,45,Male,Nice,2026-06-20,629.91
6724,Charlie,47,Female,Phoenix,2026-06-20,452.94
6725,Kate,48,Female,Houston,2026-06-20,429.17
6726,Manon,49,Female,San Jose,2026-06-21,215.81
6727,Liam,50,Male,Nantes,2026-06-21,721.83
6728,Mia,49,Female,Philadelphia,2026-06-21,75.7
6729,Antoine,20,Female,Lille,2026-06-23,474.12
6730,Léa,32,Male,New York,2026-06-23,436.32
6731,Jack,55,Male,Nantes,2026-06-24,125.14
6732,Louis,64,Male,Houston,2026-06-24,229.43
6733,Lucas,61,Male,Philadelphia,2026-06-24,481.46
6734,Sophie,44,Female,Paris,2026-06-24,190.83
6735,Hugo,32,Female,Los Angeles,2026-06-24,550.16
6736,Isabel,43,Female,San Diego,2026-06-24,228.63
6737,Emma,62,Male,Lyon,2026-06-25,172.18
6738,Isabel,60,Female,Dallas,2026-06-25,846.37
6739,Sophie,18,Male,New York,2026-06-25,259.96
6740,Hugo,19,Male,San Antonio,2026-06-25,584.52
6741,Quinn,23,Male,New York,2026-06-27,90.81
6742,Quinn,48,Female,Chicago,2026-06-27,122.05
6743,Liam,26,Female,Lyon,2026-06-27,37.85
6744,Eva,60,Male,Paris,2026-06-28,136.97
6745,Sophie,57,Male,Chicago,2026-06-28,509.82
6746,Hugo,21,Male,Marseille,2026-06-28,457.1
6747,Grace,33,Female,Lille,2026-06-28,358.93
6748,Sam,28,Female,Bordeaux,2026-06-28,294.68
6749,Sam,44,Female,Dallas,2026-06-29,126.25
6750,Isabel,18,Female,Bordeaux,2026-06-29,29.45
6751,Isabel,42,Female,Houston,2026-06-29,289.16
6752,Diana,43,Female,Bordeaux,2026-06-29,944.42
6753,Hugo,58,Female,Chicago,2026-06-29,396.67
6754,Paul,18,Female,Dallas,2026-06-30,69.77
6755,Mia,30,Male,Paris,2026-06-30,251.14
6756,Jack,40,Female,Bordeaux,2026-06-30,683.32
6757,Henry,63,Female,Dallas,2026-06-30,129.69
6758,Eva,34,Female,Chicago,2026-06-30,995.61
6759,Sam,41,Female,Toulouse,2026-07-01,122.34
6760,Chloé,33,Female,Nice,2026-07-01,53.92
6761,Diana,48,Female,Marseille,2026-07-01,347.9
6762,Charlie,33,Female,San Antonio,2026-07-01,175.44
6763,Grace,49,Female,Chicago,2026-07-01,554.6
6764,Grace,41,Female,Nantes,2026-07-02,189.89
6765,Henry,30,Female,Houston,2026-07-02,951.94
6766,Olivia,42,Female,Marseille,2026-07-02,490.69
6767,Paul,43,Female,Los Angeles,2026-07-03,30.94
6768,Rachel,39,Male,Philadelphia,2026-07-03,1781.5
6769,Tina,29,Male,Lille,2026-07-03,134.77
6770,Henry,34,Male,Paris,2026-07-03,312.67
6771,Henry,22,Female,San Jose,2026-07-03,20.88
6772,Frank,56,Female,Dallas,2026-07-04,224.24
6773,Gabriel,58,Female,Philadelphia,2026-07-04,94.44
6774,Grace,54,Male,Nantes,2026-07-04,106.41
6775,Emma,45,Male,Bordeaux,2026-07-05,766.83
6776,Bob,22,Male,San Jose,2026-07-05,508.94
6777,Frank,50,Female,Philadelphia,2026-07-06,24.85
6778,Alice,60,Male,Nantes,2026-07-06,132.87
6779,Liam,64,Female,Marseille,2026-07-06,803.35
6780,Sam,21,Male,Paris,2026-07-07,98.25
6781,Grace,35,Male,Houston,2026-07-07,25.09
6782,Bob,32,Female,Marseille,2026-07-07,332.65
6783,Frank,46,Male,Lille,2026-07-07,53.2
6784,Bob,24,Male,Bordeaux,2026-07-07,42.87
6785,Charlie,30,Female,Nice,2026-07-07,137.45
6786,Jack,25,Female,San Diego,2026-07-07,576.89
6787,Grace,22,Female,Toulouse,2026-07-08,507.4
6788,Frank,48,Male,Phoenix,2026-07-08,28.2
6789,Charlie,38,Male,Phoenix,2026-07-08,688.66
6790,Léa,20,Female,San Jose,2026-07-08,38.54
6791,Manon,41,Female,Chicago,2026-07-09,199.41
6792,Frank,31,Female,San Jose,2026-07-09,254.91
6793,Emma,22,Male,Dallas,2026-07-10,613.57
6794,Antoine,19,Female,Nantes,2026-07-10,150.14
6795,Jack,25,Female,Dallas,2026-07-11,768.32
6796,Chloé,35,Male,San Diego,2026-07-11,289.99
6797,Léa,54,Female,Lyon,2026-07-11,106.28
6798,Kate,52,Female,Paris,2026-07-11,582.74
6799,Alice,61,Female,Lyon,2026-07-11,580.32
6800,Bob,24,Female,Bordeaux,2026-07-11,221.5
6801,Manon,23,Male,Chicago,2026-07-12,784.93
6802,Paul,20,Male,San Antonio,2026-07-12,387.26
6803,Eva,20,Female,Marseille,2026-07-12,438.48
6804,Diana,31,Female,Chicago,2026-07-12,951.59
6805,Eva,46,Male,Phoenix,2026-07-13,67.76
6806,Lucas,37,Female,Los Angeles,2026-07-13,623.84
6807,Emma,60,Male,Philadelphia,2026-07-13,51.1
6808,Sam,38,Male,Los Angeles,2026-07-14,671.41
6809,Jack,24,Male,Toulouse,2026-07-14,103.47
6810,Manon,44,Female,New York,2026-07-15,536.78
6811,Emma,63,Female,Nantes,2026-07-15,208.01
6812,Chloé,62,Male,Los Angeles,2026-07-15,201.69
6813,Mia,59,Male,San Jose,2026-07-15,494.69
6814,Manon,30,Female,Dallas,2026-07-15,153.21
6815,Charlie,31,Female,Phoenix,2026-07-15,320.56
6816,Isabel,61,Male,Lyon,2026-07-15,108.69
6817,Lucas,41,Male,Nantes,2026-07-15,92.07
6818,Léa,43,Female,Paris,2026-07-16,240.61
6819,Antoine,53,Female,Paris,2026-07-16,285.53
6820,Henry,25,Female,Bordeaux,2026-07-16,86.54
6821,Emma,65,Male,Lyon,2026-07-17,150.77
6822,Chloé,63,Male,San Antonio,2026-07-17,22.21
6823,Henry,59,Male,Los Angeles,2026-07-18,58.13
6824,Gabriel,49,Male,Bordeaux,2026-07-18,970.8
6825,Olivia,41,Female,Nantes,2026-07-18,72.36
6826,Henry,60,Female,New York,2026-07-18,556.52
6827,Grace,33,Male,Lille,2026-07-18,144.96
6828,Charlie,59,Male,Nice,2026-07-18,80.07
6829,Diana,58,Male,Marseille,2026-07-19,309.21
6830,Liam,20,Male,Nice,2026-07-19,64.09
6831,Jack,47,Female,Nantes,2026-07-20,881.51
6832,Bob,19,Female,Nice,2026-07-20,215.67
6833,Paul,36,Female,San Antonio,2026-07-20,958.42
6834,Paul,21,Female,Bordeaux,2026-07-20,102.34
6835,Olivia,56,Male,Philadelphia,2026-07-20,527.74
6836,Grace,61,Female,San Antonio,2026-07-20,154.87
6837,Charlie,30,Female,Phoenix,2026-07-21,1071.21
6838,Diana,43,Male,New York,2026-07-21,201.06
6839,Bob,50,Female,Lyon,2026-07-21,250.28
6840,Louis,42,Male,Dallas,2026-07-22,679.99
6841,Manon,38,Male,Paris,2026-07-23,164.04
6842,Jack,44,Male,San Diego,2026-07-23,1073.79
6843,Noah,31,Female,San Antonio,2026-07-23,531.31
6844,Antoine,62,Male,Lille,2026-07-23,1048.7
6845,Gabriel,47,Male,Los Angeles,2026-07-24,995.08
6846,Eva,47,Female,Paris,2026-07-24,189.59
6847,Paul,56,Female,Philadelphia,2026-07-24,526.32
6848,Isabel,49,Female,Philadelphia,2026-07-24,228.44
6849,Quinn,42,Female,Chicago,2026-07-24,30.01
6850,Gabriel,58,Male,Bordeaux,2026-07-25,28.08
6851,Léa,58,Male,Nice,2026-07-25,526.14
6852,Jack,55,Female,Lyon,2026-07-25,476.93
6853,Louis,32,Female,Los Angeles,2026-07-26,150.38
6854,Paul,42,Female,Los Angeles,2026-07-26,439.02
6855,Gabriel,44,Male,Paris,2026-07-26,295.81
6856,Frank,34,Male,Nice,2026-07-26,380.15
6857,Lucas,65,Male,Los Angeles,2026-07-27,217.93
6858,Olivia,49,Male,New York,2026-07-27,34.34
6859,Noah,35,Male,Bordeaux,2026-07-27,753.09
6860,Chloé,42,Male,San Diego,2026-07-27,342.84
6861,Grace,50,Female,San Diego,2026-07-28,36.63
6862,Frank,53,Female,Nice,2026-07-28,46.52
6863,Mia,51,Female,Chicago,2026-07-28,408.71
6864,Charlie,22,Female,Bordeaux,2026-07-29,323.32
6865,Léa,64,Female,San Jose,2026-07-29,442.54
6866,Henry,25,Female,San Jose,2026-07-29,78.43
6867,Chloé,23,Male,Paris,2026-07-29,214.78
6868,Liam,29,Male,Lille,2026-07-29,84.11
6869,Rachel,38,Female,San Antonio,2026-07-30,526.69
6870,Jack,33,Male,Chicago,2026-07-30,1320.17
6871,Emma,61,Male,San Antonio,2026-07-30,271.26
6872,Sam,39,Male,Houston,2026-07-30,196.23
6873,Diana,37,Female,San Diego,2026-07-30,278.19
6874,Sophie,63,Male,San Jose,2026-07-30,125.71
6875,Chloé,36,Female,Philadelphia,2026-07-30,451.56
6876,Paul,36,Female,San Diego,2026-07-31,997.6
6877,Gabriel,41,Male,Toulouse,2026-07-31,31.22
6878,Henry,30,Female,Paris,2026-07-31,631.15
6879,Sophie,26,Female,New York,2026-08-01,342.29
6880,Quinn,44,Male,San Diego,2026-08-01,621.39
6881,Léa,23,Female,Philadelphia,2026-08-01,317.01
6882,Olivia,36,Female,Paris,2026-08-01,957.71
6883,Kate,30,Male,San Jose,2026-08-02,390.77
6884,Manon,52,Female,Paris,2026-08-02,110.23
6885,Quinn,63,Female,New York,2026-08-03,101.49
6886,Louis,18,Male,Toulouse,2026-08-03,404.21
6887,Paul,63,Male,Toulouse,2026-08-03,101.74
6888,Sophie,49,Female,Nice,2026-08-04,610.02
6889,Louis,52,Female,Houston,2026-08-04,897.55
6890,Léa,56,Female,Nantes,2026-08-04,585.67
6891,Rachel,65,Female,Chicago,2026-08-04,90.95
6892,Eva,50,Female,Nantes,2026-08-04,343.72
6893,Paul,45,Female,Marseille,2026-08-04,139.72
6894,Hugo,27,Female,Dallas,2026-08-04,255.43
6895,Mia,21,Female,Nantes,2026-08-05,2242.21
6896,Sam,27,Male,San Jose,2026-08-05,48.31
6897,Eva,46,Female,Philadelphia,2026-08-05,105.69
6898,Hugo,27,Female,Phoenix,2026-08-05,529.52
6899,Tina,29,Male,Phoenix,2026-08-05,414.25
6900,Gabriel,52,Male,Lyon,2026-08-05,36.21
6901,Isabel,50,Male,San Antonio,2026-08-05,40.13
6902,Antoine,45,Female,San Antonio,2026-08-06,501.83
6903,Tina,54,Female,Phoenix,2026-08-06,147.25
6904,Emma,23,Male,Nantes,2026-08-06,62.88
6905,Manon,19,Male,Philadelphia,2026-08-06,217.72
6906,Grace,50,Female,San Antonio,2026-08-07,378.64
6907,Frank,31,Female,San Jose,2026-08-07,160.68
6908,Isabel,55,Male,Lille,2026-08-08,241.26
6909,Henry,50,Male,Paris,2026-08-08,95.37
6910,Isabel,54,Male,Paris,2026-08-08,309.12
6911,Antoine,47,Female,Phoenix,2026-08-09,196.51
6912,Mia,39,Female,Lille,2026-08-09,540.37
6913,Olivia,52,Male,New York,2026-08-09,120.95
6914,Hugo,64,Male,Paris,2026-08-09,134.0
6915,Léa,48,Male,Phoenix,2026-08-10,1040.22
6916,Mia,25,Female,Lyon,2026-08-10,154.89
6917,Diana,59,Male,Philadelphia,2026-08-10,915.01
6918,Chloé,40,Female,Marseille,2026-08-10,354.35
6919,Bob,49,Male,San Diego,2026-08-11,24.22
6920,Bob,47,Female,Phoenix,2026-08-11,406.3
6921,Grace,24,Male,Nantes,2026-08-11,209.98
6922,Paul,43,Female,Bordeaux,2026-08-12,360.34
6923,Louis,51,Female,Bordeaux,2026-08-12,143.11
6924,Rachel,64,Female,Chicago,2026-08-12,965.84
6925,Jack,53,Male,Marseille,2026-08-12,115.68
6926,Charlie,33,Male,Philadelphia,2026-08-12,108.33
6927,Tina,62,Female,Chicago,2026-08-13,135.44
6928,Noah,62,Female,Los Angeles,2026-08-13,614.96
6929,Antoine,56,Female,Phoenix,2026-08-14,268.01
6930,Jack,27,Male,Houston,2026-08-14,364.98
6931,Henry,20,Male,Houston,2026-08-15,373.48
6932,Frank,45,Male,Houston,2026-08-16,241.83
6933,Hugo,38,Male,Nantes,2026-08-16,130.67
6934,Mia,45,Male,San Diego,2026-08-17,29.78
6935,Olivia,28,Female,Bordeaux,2026-08-17,185.98
6936,Manon,48,Female,San Diego,2026-08-17,105.25
6937,Henry,50,Male,Phoenix,2026-08-17,327.2
6938,Diana,56,Female,Lyon,2026-08-17,61.62
6939,Diana,26,Female,Marseille,2026-08-17,41.14
6940,Grace,33,Male,Los Angeles,2026-08-17,170.69
6941,Grace,61,Male,Los Angeles,2026-08-18,51.34
6942,Mia,32,Female,Dallas,2026-08-18,279.13
6943,Sophie,37,Female,Nice,2026-08-18,94.96
6944,Sophie,21,Female,Marseille,2026-08-18,82.68
6945,Lucas,32,Female,Philadelphia,2026-08-18,247.93
6946,Henry,37,Female,Phoenix,2026-08-18,286.66
6947,Liam,18,Female,Phoenix,2026-08-18,82.21
6948,Rachel,34,Male,Los Angeles,2026-08-19,306.95
6949,Tina,45,Male,Lille,2026-08-19,627.2
6950,Tina,60,Male,Bordeaux,2026-08-19,323.72
6951,Charlie,65,Female,Nantes,2026-08-19,66.56
6952,Manon,26,Female,Bordeaux,2026-08-19,619.01
6953,Kate,24,Female,Nantes,2026-08-19,462.16
6954,Gabriel,60,Female,San Diego,2026-08-19,497.83
6955,Tina,43,Female,Los Angeles,2026-08-19,265.19
6956,Isabel,30,Male,Philadelphia,2026-08-20,108.66
6957,Alice,39,Female,San Jose,2026-08-20,635.69
6958,Isabel,57,Male,Los Angeles,2026-08-20,546.92
6959,Olivia,63,Male,San Antonio,2026-08-20,217.5
6960,Charlie,29,Female,Nantes,2026-08-20,95.69
6961,Gabriel,28,Male,Nantes,2026-08-20,281.68
6962,Liam,41,Male,Paris,2026-08-20,559.41
6963,Alice,52,Female,San Jose,2026-08-21,214.64
6964,Bob,34,Male,Chicago,2026-08-21,535.92
6965,Lucas,33,Female,New York,2026-08-21,157.56
6966,Chloé,32,Female,Nantes,2026-08-22,449.13
6967,Noah,34,Female,Lille,2026-08-22,284.05
6968,Alice,65,Female,San Diego,2026-08-22,290.2
6969,Antoine,50,Male,San Jose,2026-08-24,177.75
6970,Léa,43,Female,Houston,2026-08-24,998.16
6971,Frank,42,Male,Los Angeles,2026-08-25,39.18
6972,Hugo,24,Female,San Antonio,2026-08-25,21.11
6973,Eva,29,Female,Dallas,2026-08-25,146.3
6974,Noah,21,Male,Nice,2026-08-25,64.01
6975,Noah,22,Female,Paris,2026-08-25,90.53
6976,Charlie,42,Female,Houston,2026-08-26,105.99
6977,Bob,20,Male,San Diego,2026-08-26,350.42
6978,Charlie,18,Male,Nice,2026-08-26,152.72
6979,Bob,32,Female,Los Angeles,2026-08-27,25.37
6980,Mia,44,Male,Lille,2026-08-27,1569.59
6981,Quinn,44,Male,Philadelphia,2026-08-28,387.92
6982,Gabriel,57,Male,Bordeaux,2026-08-28,146.69
6983,Gabriel,21,Female,Lille,2026-08-29,839.28
6984,Olivia,65,Female,Philadelphia,2026-08-29,546.69
6985,Noah,36,Male,Lyon,2026-08-29,1289.43
6986,Gabriel,42,Male,New York,2026-08-29,504.21
6987,Eva,61,Male,San Jose,2026-08-29,74.31
6988,Diana,38,Male,San Diego,2026-08-30,111.83
6989,Eva,28,Male,Nantes,2026-08-30,318.45
6990,Kate,55,Female,San Antonio,2026-08-30,1482.91
6991,Eva,58,Female,Houston,2026-08-30,118.6
6992,Henry,41,Male,Philadelphia,2026-08-30,1242.55
6993,Louis,45,Female,Lille,2026-08-30,1402.45
6994,Lucas,43,Female,San Antonio,2026-08-30,211.94
6995,Chloé,41,Male,Lyon,2026-08-31,204.86
6996,Jack,21,Male,Phoenix,2026-08-31,226.1
6997,Henry,55,Female,Bordeaux,2026-08-31,267.79
6998,Hugo,55,Female,Paris,2026-09-01,603.32
6999,Chloé,31,Female,Nice,2026-09-01,536.49
7000,Tina,53,Male,Dallas,2026-09-01,167.55
