Sale_ID,Product_ID,Customer_ID,Date,Quantity,Sale_Price,Channel
1,P029,2001,2023-06-18,1,76.4,Store
2,P047,2003,2025-04-06,1,56.07,Online
3,P022,2003,2025-12-01,1,119.9,Online
4,P010,2004,2024-02-04,2,179.98,Online
5,P020,2004,2024-09-22,1,110.59,Online
6,P089,2005,2024-06-19,2,439.8,Store
7,P069,2005,2025-05-14,2,162.4,Online
8,P037,2005,2026-02-14,1,139.8,Online
9,P036,2007,2023-05-07,1,112.45,Online
10,P085,2009,2024-11-17,2,149.0,Online
11,P072,2011,2023-10-16,3,217.05,Online
12,P004,2012,2023-02-12,2,191.64,Online
13,P008,2012,2023-08-21,3,146.25,Online
14,P091,2013,2024-01-21,1,49.9,Store
15,P075,2013,2024-09-17,1,102.4,Online
16,P020,2015,2023-09-10,1,110.59,Store
17,P096,2016,2024-08-27,2,77.8,Online
18,P084,2016,2026-04-05,3,509.4,Online
19,P068,2018,2025-09-16,1,58.95,Online
20,P085,2019,2023-07-29,2,149.0,Online
21,P010,2019,2024-04-09,1,89.99,Online
22,P019,2019,2025-01-10,3,288.45,Store
23,P090,2019,2025-10-06,1,179.5,Store
24,P073,2019,2026-06-13,3,268.5,Store
25,P009,2021,2024-09-11,1,72.4,Store
26,P003,2021,2025-11-16,2,227.64,Store
27,P058,2022,2023-03-16,4,419.6,Store
28,P012,2023,2024-08-17,1,42.8,Store
29,P076,2023,2025-12-18,1,159.9,Online
30,P092,2024,2024-04-24,3,206.25,Online
31,P050,2025,2023-04-20,1,54.32,Online
32,P014,2027,2024-07-11,1,124.5,Online
33,P086,2027,2025-03-31,1,88.95,Store
34,P046,2027,2026-01-15,2,79.52,Online
35,P008,2029,2023-11-06,3,146.25,Store
36,P078,2029,2024-05-05,1,134.75,Online
37,P024,2029,2024-10-09,3,407.25,Online
38,P052,2029,2025-03-26,1,68.45,Online
39,P022,2029,2025-09-11,3,359.7,Online
40,P075,2029,2026-02-14,1,102.4,Store
41,P046,2029,2026-08-20,2,79.52,Store
42,P076,2031,2024-08-05,2,319.8,Online
43,P097,2031,2025-04-17,2,145.2,Online
44,P055,2031,2025-12-27,3,136.8,Store
45,P100,2032,2023-12-06,2,189.5,Online
46,P093,2032,2024-09-08,1,79.95,Store
47,P076,2032,2025-07-06,1,159.9,Store
48,P015,2032,2026-05-19,2,182.5,Online
49,P067,2033,2024-12-14,1,32.5,Online
50,P025,2033,2026-02-04,1,99.99,Online
51,P087,2034,2024-04-27,2,183.4,Online
52,P100,2034,2024-12-18,3,284.25,Store
53,P040,2034,2025-08-16,1,82.3,Online
54,P034,2034,2026-04-15,5,218.35,Store
55,P099,2035,2024-08-07,1,59.9,Online
56,P007,2035,2025-04-22,3,158.7,Store
57,P080,2035,2026-01-27,3,298.5,Store
58,P011,2038,2025-01-17,3,184.05,Store
59,P029,2038,2026-02-19,2,152.8,Store
60,P084,2039,2023-12-02,1,169.8,Store
61,P080,2039,2025-05-06,4,398.0,Online
62,P063,2040,2024-12-23,2,89.0,Online
63,P004,2040,2026-02-21,2,191.64,Online
64,P088,2041,2023-11-28,2,211.7,Store
65,P037,2041,2024-08-09,2,279.6,Online
66,P068,2041,2025-04-15,2,117.9,Online
67,P017,2041,2026-01-19,1,22.84,Online
68,P025,2044,2024-05-04,5,499.95,Online
69,P044,2044,2024-09-24,1,149.99,Online
70,P025,2044,2025-02-27,4,399.96,Store
71,P059,2044,2025-07-23,1,34.75,Online
72,P032,2044,2025-12-16,2,291.88,Store
73,P089,2044,2026-05-23,1,219.9,Store
74,P082,2045,2024-11-08,2,71.2,Online
75,P006,2046,2024-10-22,1,78.45,Online
76,P015,2046,2025-07-27,1,91.25,Online
77,P035,2047,2024-09-28,1,39.55,Online
78,P029,2047,2026-03-26,1,76.4,Online
79,P014,2048,2023-09-19,2,249.0,Store
80,P076,2049,2023-09-03,1,159.9,Online
81,P087,2050,2023-05-28,1,91.7,Online
82,P048,2051,2024-01-05,1,85.84,Store
83,P082,2051,2024-08-22,3,106.8,Store
84,P034,2051,2025-04-23,2,87.34,Online
85,P005,2051,2025-11-21,3,108.18,Online
86,P011,2051,2026-07-21,3,184.05,Online
87,P080,2052,2025-09-04,2,199.0,Store
88,P027,2053,2023-02-25,1,105.3,Store
89,P093,2055,2024-08-03,1,79.95,Store
90,P095,2055,2026-01-07,1,45.5,Store
91,P072,2056,2024-10-06,1,72.35,Store
92,P059,2057,2024-01-29,2,69.5,Store
93,P063,2057,2024-12-04,1,44.5,Store
94,P094,2057,2025-10-10,2,109.6,Online
95,P064,2057,2026-08-25,2,197.5,Store
96,P072,2058,2023-07-01,1,72.35,Online
97,P080,2058,2023-12-05,1,99.5,Store
98,P047,2058,2024-05-01,4,224.28,Online
99,P008,2058,2024-10-22,2,97.5,Online
100,P058,2058,2025-04-08,1,104.9,Store
101,P083,2058,2025-09-23,3,437.7,Online
102,P048,2058,2026-03-01,2,171.68,Store
103,P096,2058,2026-08-21,1,38.9,Online
104,P098,2059,2024-03-17,1,63.45,Online
105,P032,2059,2025-08-05,1,145.94,Online
106,P020,2061,2024-11-04,2,221.18,Online
107,P068,2063,2024-10-24,1,58.95,Online
108,P093,2063,2026-06-15,1,79.95,Store
109,P020,2064,2023-11-23,1,110.59,Store
110,P077,2064,2024-05-12,1,189.5,Store
111,P076,2064,2024-10-27,1,159.9,Store
112,P026,2064,2025-04-16,3,194.4,Online
113,P002,2064,2025-09-14,2,286.7,Store
114,P025,2064,2026-03-21,1,99.99,Online
115,P026,2065,2023-09-20,3,194.4,Online
116,P034,2065,2025-03-05,1,43.67,Store
117,P087,2065,2026-07-31,3,275.1,Store
118,P083,2066,2024-01-22,1,145.9,Store
119,P048,2066,2025-04-20,2,171.68,Online
120,P016,2066,2026-08-14,1,36.06,Online
121,P084,2067,2024-10-11,2,339.6,Store
122,P057,2067,2026-04-09,5,257.0,Online
123,P090,2068,2025-05-18,1,179.5,Store
124,P066,2068,2026-07-24,1,36.9,Store
125,P007,2069,2024-03-11,2,105.8,Store
126,P028,2070,2023-11-10,2,257.3,Store
127,P031,2070,2024-09-30,2,35.56,Online
128,P030,2070,2025-07-24,1,31.9,Online
129,P094,2070,2026-04-24,1,54.8,Online
130,P021,2071,2023-05-04,1,87.45,Store
131,P096,2072,2023-03-01,2,77.8,Store
132,P004,2073,2024-03-27,4,383.28,Online
133,P091,2073,2025-04-26,2,99.8,Online
134,P021,2073,2026-07-21,1,87.45,Store
135,P032,2074,2023-02-01,1,145.94,Online
136,P091,2075,2023-09-03,1,49.9,Online
137,P074,2075,2024-05-25,3,203.25,Online
138,P096,2075,2025-02-06,2,77.8,Online
139,P013,2075,2025-10-19,1,83.6,Online
140,P090,2075,2026-07-26,2,359.0,Store
141,P093,2076,2024-09-28,1,79.95,Online
142,P051,2077,2023-12-18,1,129.9,Online
143,P087,2077,2024-08-28,2,183.4,Online
144,P042,2078,2023-04-22,1,73.55,Store
145,P082,2078,2023-09-29,1,35.6,Online
146,P049,2078,2024-02-22,2,146.62,Online
147,P098,2078,2024-07-15,1,63.45,Store
148,P034,2078,2024-12-10,1,43.67,Online
149,P006,2078,2025-05-20,2,156.9,Online
150,P089,2078,2025-10-05,1,219.9,Store
151,P051,2078,2026-03-15,1,129.9,Store
152,P025,2078,2026-08-06,2,199.98,Online
153,P093,2080,2023-12-07,1,79.95,Online
154,P043,2080,2025-06-18,1,108.4,Store
155,P056,2083,2023-12-31,1,92.75,Store
156,P043,2085,2024-03-22,1,108.4,Store
157,P042,2085,2024-11-23,3,220.65,Online
158,P031,2085,2025-07-15,2,35.56,Store
159,P061,2085,2026-04-10,1,69.95,Online
160,P009,2087,2024-02-08,1,72.4,Online
161,P008,2087,2024-12-09,1,48.75,Store
162,P063,2087,2025-08-27,1,44.5,Online
163,P074,2087,2026-06-13,2,135.5,Store
164,P081,2088,2024-05-21,3,128.4,Online
165,P019,2089,2024-09-04,1,96.15,Store
166,P042,2090,2024-10-04,2,147.1,Online
167,P008,2090,2026-04-07,2,97.5,Online
168,P083,2091,2025-06-10,1,145.9,Store
169,P003,2093,2023-11-23,2,227.64,Store
170,P030,2093,2025-05-30,3,95.7,Online
171,P020,2096,2023-09-17,3,331.77,Store
172,P078,2096,2024-02-03,1,134.75,Online
173,P029,2096,2024-06-14,3,229.2,Online
174,P055,2096,2024-10-29,1,45.6,Online
175,P006,2096,2025-03-26,2,156.9,Online
176,P011,2096,2025-08-15,1,61.35,Online
177,P096,2096,2026-01-05,2,77.8,Store
178,P017,2096,2026-05-27,2,45.68,Store
179,P030,2097,2023-11-04,2,63.8,Online
180,P029,2097,2024-08-13,1,76.4,Store
181,P025,2099,2024-06-15,2,199.98,Store
182,P097,2099,2025-04-12,2,145.2,Store
183,P009,2099,2026-01-12,1,72.4,Online
184,P009,2100,2024-03-10,4,289.6,Online
185,P066,2100,2025-04-22,1,36.9,Store
186,P001,2100,2026-06-18,3,196.68,Online
187,P056,2103,2024-05-31,1,92.75,Store
188,P031,2103,2025-11-09,1,17.78,Store
189,P050,2104,2023-02-07,2,108.64,Store
190,P083,2104,2023-08-14,1,145.9,Online
191,P055,2106,2024-12-12,2,91.2,Store
192,P043,2106,2025-11-13,3,325.2,Online
193,P040,2107,2025-04-19,1,82.3,Online
194,P010,2107,2026-01-08,1,89.99,Online
195,P019,2108,2024-10-25,1,96.15,Store
196,P056,2108,2025-08-03,4,371.0,Online
197,P001,2108,2026-06-08,2,131.12,Store
198,P039,2109,2024-05-03,2,313.5,Online
199,P082,2110,2024-06-20,2,71.2,Store
200,P073,2110,2024-11-17,1,89.5,Online
201,P014,2110,2025-04-08,2,249.0,Store
202,P055,2110,2025-09-03,3,136.8,Online
203,P006,2110,2026-02-01,1,78.45,Store
204,P078,2110,2026-06-21,1,134.75,Online
205,P062,2111,2024-08-23,2,79.8,Online
206,P061,2111,2025-03-08,1,69.95,Online
207,P066,2112,2024-10-08,3,110.7,Online
208,P025,2112,2026-03-13,2,199.98,Online
209,P030,2113,2025-10-29,1,31.9,Online
210,P043,2118,2023-07-15,2,216.8,Online
211,P081,2119,2023-06-25,2,85.6,Online
212,P084,2119,2024-10-20,3,509.4,Store
213,P018,2119,2026-03-08,2,263.86,Store
214,P047,2120,2023-10-26,2,112.14,Store
215,P086,2120,2024-11-23,5,444.75,Online
216,P014,2120,2026-05-21,1,124.5,Online
217,P084,2123,2024-12-20,2,339.6,Online
218,P086,2123,2025-08-10,1,88.95,Online
219,P078,2123,2026-04-22,1,134.75,Online
220,P034,2125,2023-07-28,3,131.01,Online
221,P044,2125,2023-11-20,1,149.99,Online
222,P050,2125,2024-03-24,1,54.32,Online
223,P044,2125,2024-07-20,2,299.98,Store
224,P096,2125,2024-11-23,2,77.8,Online
225,P091,2125,2025-04-01,1,49.9,Online
226,P040,2125,2025-07-25,1,82.3,Store
227,P054,2125,2025-11-21,1,77.25,Online
228,P008,2125,2026-03-19,2,97.5,Online
229,P031,2125,2026-07-28,1,17.78,Online
230,P014,2126,2024-11-12,2,249.0,Online
231,P093,2126,2026-04-16,1,79.95,Online
232,P001,2127,2024-03-23,1,65.56,Store
233,P055,2127,2025-12-04,1,45.6,Online
234,P056,2128,2023-07-02,2,185.5,Online
235,P063,2129,2023-07-01,1,44.5,Store
236,P055,2129,2023-11-16,3,136.8,Online
237,P086,2129,2024-04-06,3,266.85,Online
238,P003,2129,2024-08-10,2,227.64,Store
239,P100,2129,2024-12-23,3,284.25,Online
240,P080,2129,2025-04-26,3,298.5,Online
241,P094,2129,2025-08-30,2,109.6,Online
242,P027,2129,2026-01-04,3,315.9,Store
243,P026,2129,2026-05-14,1,64.8,Online
244,P068,2130,2024-12-15,1,58.95,Online
245,P032,2131,2023-08-08,3,437.82,Online
246,P039,2131,2025-03-26,1,156.75,Store
247,P041,2133,2024-04-20,2,237.8,Online
248,P073,2133,2025-07-02,3,268.5,Online
249,P067,2134,2025-01-26,1,32.5,Store
250,P040,2135,2024-02-15,2,164.6,Store
251,P058,2135,2025-07-18,1,104.9,Online
252,P054,2136,2024-02-03,2,154.5,Store
253,P039,2136,2024-10-21,1,156.75,Store
254,P025,2137,2024-02-12,1,99.99,Store
255,P021,2138,2023-03-02,1,87.45,Store
256,P026,2138,2023-08-25,3,194.4,Store
257,P079,2138,2024-03-02,1,79.9,Online
258,P007,2138,2024-08-22,2,105.8,Online
259,P052,2138,2025-02-18,1,68.45,Store
260,P006,2138,2025-08-04,1,78.45,Online
261,P003,2138,2026-01-20,5,569.1,Online
262,P052,2138,2026-07-12,1,68.45,Online
263,P066,2139,2024-11-10,1,36.9,Online
264,P026,2139,2025-06-28,2,129.6,Online
265,P025,2139,2026-02-11,2,199.98,Online
266,P027,2140,2023-06-09,1,105.3,Online
267,P061,2140,2024-01-10,1,69.95,Online
268,P067,2141,2025-06-14,1,32.5,Store
269,P069,2142,2024-06-06,4,324.8,Store
270,P089,2142,2024-10-21,3,659.7,Online
271,P020,2142,2025-03-16,2,221.18,Online
272,P004,2142,2025-08-09,4,383.28,Online
273,P026,2142,2025-12-22,1,64.8,Online
274,P033,2142,2026-05-19,2,254.76,Online
275,P085,2143,2024-07-06,3,223.5,Store
276,P095,2144,2024-08-17,2,91.0,Online
277,P012,2144,2025-09-20,1,42.8,Online
278,P044,2145,2023-10-17,2,299.98,Online
279,P056,2145,2024-03-13,1,92.75,Online
280,P098,2145,2024-08-01,1,63.45,Store
281,P030,2145,2025-01-02,3,95.7,Online
282,P049,2145,2025-06-14,2,146.62,Online
283,P070,2145,2025-11-12,1,115.6,Store
284,P015,2145,2026-03-28,2,182.5,Store
285,P035,2145,2026-08-25,1,39.55,Store
286,P084,2146,2024-11-25,5,849.0,Online
287,P044,2147,2024-05-01,3,449.97,Store
288,P072,2147,2025-01-26,1,72.35,Online
289,P074,2147,2025-12-22,3,203.25,Online
290,P013,2150,2025-03-30,3,250.8,Online
291,P013,2150,2025-10-01,2,167.2,Store
292,P070,2151,2024-12-15,1,115.6,Online
293,P038,2151,2025-04-19,3,283.8,Online
294,P011,2151,2025-08-23,2,122.7,Online
295,P069,2151,2026-01-09,3,243.6,Online
296,P037,2151,2026-05-17,2,279.6,Online
297,P023,2153,2023-10-27,1,25.5,Online
298,P061,2153,2024-04-08,2,139.9,Store
299,P100,2153,2024-09-18,2,189.5,Store
300,P083,2153,2025-03-22,1,145.9,Store
301,P031,2153,2025-08-31,3,53.34,Online
302,P047,2153,2026-01-30,2,112.14,Store
303,P029,2153,2026-07-07,1,76.4,Online
304,P041,2155,2025-01-10,3,356.7,Store
305,P039,2155,2025-08-04,2,313.5,Store
306,P031,2156,2024-03-06,3,53.34,Store
307,P085,2156,2024-11-29,2,149.0,Online
308,P088,2156,2025-09-30,1,105.85,Online
309,P037,2156,2026-07-01,1,139.8,Online
310,P051,2157,2025-09-09,3,389.7,Online
311,P089,2159,2024-08-21,1,219.9,Store
312,P091,2160,2024-06-17,4,199.6,Store
313,P050,2160,2024-12-10,2,108.64,Online
314,P044,2160,2025-06-06,2,299.98,Online
315,P070,2160,2025-11-08,1,115.6,Online
316,P036,2160,2026-04-15,2,224.9,Store
317,P082,2161,2024-12-05,1,35.6,Online
318,P036,2161,2025-04-29,2,224.9,Online
319,P011,2161,2025-10-01,1,61.35,Online
320,P077,2161,2026-03-12,5,947.5,Online
321,P063,2161,2026-08-19,1,44.5,Online
322,P026,2162,2025-06-13,1,64.8,Online
323,P068,2164,2023-09-03,2,117.9,Store
324,P002,2164,2024-03-02,1,143.35,Store
325,P061,2164,2024-09-07,1,69.95,Online
326,P050,2164,2025-02-28,1,54.32,Online
327,P045,2164,2025-08-31,2,135.7,Store
328,P069,2164,2026-02-12,1,81.2,Online
329,P038,2164,2026-07-31,2,189.2,Online
330,P100,2165,2024-01-01,1,94.75,Store
331,P069,2165,2024-06-17,1,81.2,Store
332,P078,2165,2024-12-02,2,269.5,Online
333,P043,2165,2025-05-28,2,216.8,Online
334,P053,2165,2025-11-07,2,119.6,Store
335,P025,2165,2026-05-07,2,199.98,Online
336,P002,2166,2024-12-19,2,286.7,Store
337,P050,2166,2025-09-16,1,54.32,Online
338,P020,2166,2026-06-01,1,110.59,Store
339,P028,2167,2024-08-30,1,128.65,Online
340,P006,2168,2023-08-02,2,156.9,Online
341,P006,2171,2024-05-12,3,235.35,Online
342,P096,2172,2023-07-28,1,38.9,Online
343,P010,2172,2024-04-15,3,269.97,Store
344,P033,2172,2025-02-25,4,509.52,Online
345,P037,2172,2025-12-10,4,559.2,Store
346,P017,2174,2025-02-25,1,22.84,Online
347,P036,2175,2023-08-18,2,224.9,Online
348,P001,2176,2024-11-25,3,196.68,Online
349,P093,2176,2025-05-12,1,79.95,Store
350,P089,2176,2025-10-22,2,439.8,Online
351,P099,2176,2026-04-02,2,119.8,Store
352,P030,2177,2024-04-07,3,95.7,Online
353,P021,2177,2025-07-04,1,87.45,Store
354,P026,2178,2024-12-01,2,129.6,Online
355,P012,2180,2023-05-26,3,128.4,Store
356,P094,2180,2024-03-20,5,274.0,Online
357,P071,2180,2025-01-17,2,129.8,Store
358,P087,2180,2025-11-21,2,183.4,Online
359,P075,2180,2026-08-08,1,102.4,Store
360,P054,2181,2023-09-05,1,77.25,Store
361,P054,2181,2025-02-01,1,77.25,Store
362,P056,2181,2026-07-08,2,185.5,Online
363,P030,2182,2025-08-19,1,31.9,Online
364,P074,2183,2023-08-25,3,203.25,Online
365,P032,2183,2024-06-09,2,291.88,Online
366,P008,2183,2025-02-25,1,48.75,Store
367,P088,2183,2025-11-20,1,105.85,Online
368,P063,2183,2026-08-21,3,133.5,Online
369,P007,2185,2023-04-15,1,52.9,Store
370,P022,2185,2023-11-25,3,359.7,Online
371,P026,2187,2023-05-13,1,64.8,Store
372,P080,2187,2024-12-15,1,99.5,Online
373,P077,2187,2026-07-15,1,189.5,Store
374,P038,2188,2024-05-13,1,94.6,Store
375,P083,2188,2024-09-26,1,145.9,Store
376,P099,2188,2025-02-14,4,239.6,Store
377,P020,2188,2025-07-08,2,221.18,Online
378,P030,2188,2025-11-24,2,63.8,Online
379,P057,2188,2026-04-05,1,51.4,Store
380,P028,2188,2026-08-14,2,257.3,Store
381,P094,2189,2024-04-02,3,164.4,Store
382,P024,2189,2024-11-15,1,135.75,Online
383,P086,2189,2025-05-24,1,88.95,Store
384,P027,2189,2026-01-10,1,105.3,Store
385,P005,2190,2023-09-26,1,36.06,Online
386,P079,2190,2024-12-24,2,159.8,Online
387,P099,2190,2026-03-17,2,119.8,Online
388,P048,2192,2024-05-30,3,257.52,Online
389,P033,2193,2024-05-25,2,254.76,Online
390,P038,2193,2025-03-02,3,283.8,Store
391,P052,2195,2024-07-18,1,68.45,Store
392,P010,2195,2025-03-06,2,179.98,Online
393,P053,2196,2024-07-07,2,119.6,Online
394,P043,2196,2025-01-05,1,108.4,Online
395,P035,2196,2025-07-02,3,118.65,Online
396,P064,2196,2026-01-05,2,197.5,Online
397,P021,2196,2026-07-10,1,87.45,Store
398,P060,2198,2024-09-11,1,47.9,Store
399,P072,2199,2024-07-17,5,361.75,Online
400,P072,2200,2025-02-12,1,72.35,Store
401,P073,2200,2025-07-28,2,179.0,Store
402,P025,2200,2026-01-01,2,199.98,Online
403,P078,2200,2026-06-07,1,134.75,Store
404,P033,2201,2024-08-14,1,127.38,Store
405,P046,2201,2025-04-14,1,39.76,Online
406,P014,2201,2026-02-08,3,373.5,Online
407,P043,2202,2024-08-02,2,216.8,Store
408,P077,2202,2025-12-28,2,379.0,Online
409,P046,2203,2025-04-29,3,119.28,Store
410,P019,2204,2023-07-26,1,96.15,Online
411,P072,2205,2024-07-18,1,72.35,Online
412,P096,2205,2025-04-03,4,155.6,Online
413,P074,2205,2025-12-11,1,67.75,Online
414,P095,2205,2026-07-31,3,136.5,Online
415,P025,2207,2023-11-24,2,199.98,Online
416,P048,2207,2024-10-13,1,85.84,Online
417,P039,2207,2025-08-23,1,156.75,Store
418,P100,2207,2026-08-11,2,189.5,Online
419,P044,2208,2024-03-05,2,299.98,Online
420,P078,2208,2024-12-10,1,134.75,Online
421,P071,2208,2025-09-07,2,129.8,Store
422,P087,2208,2026-05-26,1,91.7,Online
423,P048,2210,2023-12-20,1,85.84,Store
424,P060,2212,2025-01-04,1,47.9,Online
425,P052,2212,2025-07-17,1,68.45,Online
426,P012,2213,2024-04-24,2,85.6,Store
427,P035,2214,2023-07-09,1,39.55,Online
428,P087,2216,2024-06-05,2,183.4,Store
429,P010,2217,2023-12-20,1,89.99,Store
430,P083,2220,2024-11-04,1,145.9,Store
431,P075,2220,2025-12-29,1,102.4,Online
432,P017,2221,2024-01-29,2,45.68,Online
433,P091,2222,2025-11-01,2,99.8,Store
434,P040,2223,2024-03-16,2,164.6,Online
435,P029,2223,2024-11-17,2,152.8,Online
436,P010,2225,2023-02-21,1,89.99,Online
437,P029,2227,2023-06-11,1,76.4,Store
438,P056,2227,2024-03-17,2,185.5,Store
439,P085,2227,2024-12-17,3,223.5,Online
440,P034,2227,2025-09-18,2,87.34,Store
441,P062,2227,2026-05-31,1,39.9,Online
442,P084,2228,2024-02-29,1,169.8,Store
443,P045,2228,2025-01-10,2,135.7,Online
444,P041,2228,2025-10-21,2,237.8,Store
445,P063,2228,2026-07-26,4,178.0,Store
446,P078,2230,2023-06-19,1,134.75,Store
447,P032,2230,2024-11-05,2,291.88,Online
448,P021,2230,2026-03-28,2,174.9,Online
449,P076,2231,2023-12-21,1,159.9,Online
450,P006,2231,2024-09-10,2,156.9,Store
451,P003,2231,2025-06-15,3,341.46,Store
452,P006,2231,2026-03-01,1,78.45,Store
453,P069,2234,2024-09-25,2,162.4,Online
454,P004,2234,2026-02-01,1,95.82,Online
455,P029,2235,2024-02-13,4,305.6,Store
456,P083,2235,2025-08-31,2,291.8,Online
457,P058,2236,2023-07-30,1,104.9,Store
458,P045,2237,2024-05-06,5,339.25,Store
459,P005,2237,2024-09-26,1,36.06,Store
460,P087,2237,2025-02-17,2,183.4,Store
461,P054,2237,2025-07-13,5,386.25,Online
462,P012,2237,2025-12-08,2,85.6,Online
463,P100,2237,2026-04-27,1,94.75,Online
464,P051,2238,2023-12-12,1,129.9,Online
465,P090,2238,2024-08-11,1,179.5,Online
466,P030,2240,2023-06-23,2,63.8,Store
467,P058,2240,2024-09-01,2,209.8,Online
468,P020,2240,2025-11-12,2,221.18,Online
469,P090,2241,2025-02-15,1,179.5,Store
470,P060,2242,2024-01-29,2,95.8,Online
471,P064,2243,2024-09-09,4,395.0,Online
472,P016,2243,2025-11-17,2,72.12,Online
473,P044,2244,2023-07-21,2,299.98,Store
474,P071,2244,2024-01-19,1,64.9,Store
475,P049,2245,2024-01-28,2,146.62,Online
476,P100,2245,2025-05-27,3,284.25,Online
477,P095,2246,2025-05-09,2,91.0,Online
478,P085,2246,2026-08-16,2,149.0,Store
479,P080,2248,2023-04-25,1,99.5,Store
480,P024,2249,2024-03-02,3,407.25,Store
481,P092,2250,2023-09-06,2,137.5,Store
482,P083,2250,2024-04-09,2,291.8,Online
483,P044,2250,2024-11-17,2,299.98,Online
484,P032,2250,2025-06-18,2,291.88,Online
485,P001,2250,2026-01-17,1,65.56,Store
486,P094,2250,2026-08-25,1,54.8,Online
487,P099,2251,2024-07-28,4,239.6,Online
488,P005,2251,2025-02-21,4,144.24,Online
489,P047,2252,2024-02-16,3,168.21,Online
490,P009,2252,2024-09-19,3,217.2,Online
491,P071,2252,2025-04-26,1,64.9,Store
492,P063,2252,2025-11-23,1,44.5,Online
493,P047,2252,2026-07-02,1,56.07,Online
494,P028,2254,2023-11-16,1,128.65,Store
495,P089,2254,2024-10-06,1,219.9,Online
496,P083,2254,2025-08-23,1,145.9,Online
497,P040,2254,2026-07-08,2,164.6,Online
498,P036,2255,2023-10-30,2,224.9,Store
499,P081,2255,2024-03-03,2,85.6,Store
500,P050,2255,2024-07-17,1,54.32,Online
501,P027,2255,2024-12-01,4,421.2,Store
502,P049,2255,2025-04-09,3,219.93,Store
503,P090,2255,2025-08-18,1,179.5,Store
504,P008,2255,2025-12-24,2,97.5,Online
505,P017,2255,2026-04-25,4,91.36,Store
506,P088,2257,2024-12-29,1,105.85,Online
507,P014,2257,2026-02-28,1,124.5,Store
508,P067,2258,2024-03-26,1,32.5,Online
509,P017,2258,2024-12-21,2,45.68,Store
510,P077,2260,2023-11-29,3,568.5,Online
511,P039,2260,2024-04-27,2,313.5,Store
512,P055,2260,2024-10-13,1,45.6,Store
513,P084,2260,2025-03-07,1,169.8,Online
514,P009,2260,2025-07-29,1,72.4,Online
515,P049,2260,2025-12-16,2,146.62,Online
516,P084,2260,2026-04-28,4,679.2,Online
517,P001,2261,2023-09-28,1,65.56,Store
518,P055,2261,2025-04-02,2,91.2,Online
519,P039,2261,2026-07-22,2,313.5,Online
520,P038,2262,2024-11-23,1,94.6,Online
521,P010,2262,2026-03-01,3,269.97,Online
522,P010,2263,2024-02-19,1,89.99,Store
523,P032,2263,2024-12-02,2,291.88,Store
524,P034,2263,2025-10-17,1,43.67,Store
525,P029,2263,2026-08-14,2,152.8,Online
526,P059,2264,2024-08-21,4,139.0,Store
527,P037,2264,2025-11-21,4,559.2,Online
528,P088,2267,2023-11-30,1,105.85,Online
529,P060,2269,2024-08-14,3,143.7,Store
530,P064,2271,2023-01-20,2,197.5,Store
531,P052,2272,2023-09-30,3,205.35,Online
532,P065,2272,2024-11-01,2,149.6,Online
533,P054,2272,2025-11-12,4,309.0,Store
534,P068,2273,2024-08-27,2,117.9,Store
535,P057,2273,2024-12-28,4,205.6,Store
536,P001,2273,2025-05-08,4,262.24,Store
537,P006,2273,2025-09-23,1,78.45,Store
538,P039,2273,2026-01-24,1,156.75,Online
539,P093,2273,2026-06-04,2,159.9,Store
540,P080,2274,2023-10-07,3,298.5,Store
541,P099,2275,2025-02-24,3,179.7,Store
542,P037,2275,2025-10-25,1,139.8,Store
543,P002,2275,2026-07-01,1,143.35,Online
544,P100,2276,2023-04-17,2,189.5,Online
545,P044,2277,2024-06-30,3,449.97,Online
546,P034,2278,2025-01-12,1,43.67,Online
547,P054,2278,2026-03-21,5,386.25,Online
548,P002,2279,2024-08-16,1,143.35,Store
549,P098,2281,2024-05-07,1,63.45,Online
550,P017,2281,2025-01-02,5,114.2,Online
551,P037,2281,2025-09-19,1,139.8,Store
552,P087,2281,2026-05-20,3,275.1,Online
553,P003,2282,2024-06-14,1,113.82,Online
554,P072,2282,2025-03-17,1,72.35,Online
555,P054,2282,2026-01-12,3,231.75,Online
556,P059,2283,2023-10-01,1,34.75,Online
557,P027,2284,2024-08-23,1,105.3,Online
558,P029,2284,2025-05-11,2,152.8,Store
559,P037,2287,2025-03-27,1,139.8,Online
560,P040,2287,2026-02-02,2,164.6,Store
561,P055,2288,2025-04-01,3,136.8,Store
562,P065,2288,2026-07-28,1,74.8,Online
563,P100,2289,2024-03-31,2,189.5,Store
564,P057,2291,2024-09-30,2,102.8,Store
565,P015,2293,2024-11-01,5,456.25,Online
566,P027,2293,2025-06-26,1,105.3,Store
567,P011,2293,2026-03-08,1,61.35,Online
568,P005,2294,2024-11-24,4,144.24,Online
569,P003,2294,2026-03-03,1,113.82,Online
570,P063,2295,2024-05-07,2,89.0,Online
571,P033,2295,2025-08-09,2,254.76,Store
572,P075,2296,2023-04-28,1,102.4,Store
573,P100,2297,2023-04-18,1,94.75,Online
574,P084,2299,2024-02-07,1,169.8,Store
575,P055,2299,2025-08-06,2,91.2,Store
576,P093,2300,2023-04-22,1,79.95,Online
577,P093,2300,2023-09-10,1,79.95,Store
578,P057,2300,2024-01-19,3,154.2,Store
579,P042,2300,2024-06-12,1,73.55,Online
580,P078,2300,2024-11-06,2,269.5,Store
581,P034,2300,2025-03-31,1,43.67,Store
582,P070,2300,2025-08-20,1,115.6,Store
583,P048,2300,2026-01-09,1,85.84,Store
584,P066,2300,2026-05-04,2,73.8,Online
585,P087,2301,2024-07-07,1,91.7,Online
586,P062,2301,2025-04-25,2,79.8,Online
587,P075,2301,2026-02-01,2,204.8,Store
588,P010,2302,2024-02-05,3,269.97,Store
589,P035,2302,2024-10-27,1,39.55,Store
590,P085,2302,2025-07-13,2,149.0,Store
591,P025,2302,2026-03-27,4,399.96,Store
592,P020,2303,2024-02-01,2,221.18,Online
593,P087,2303,2024-07-07,1,91.7,Online
594,P022,2303,2024-12-19,1,119.9,Online
595,P046,2303,2025-05-16,1,39.76,Store
596,P048,2303,2025-10-10,2,171.68,Online
597,P058,2303,2026-03-13,1,104.9,Online
598,P033,2303,2026-08-05,2,254.76,Online
599,P068,2304,2023-12-11,1,58.95,Online
600,P025,2305,2024-05-30,1,99.99,Online
601,P097,2305,2025-08-28,1,72.6,Store
602,P011,2306,2024-02-23,2,122.7,Store
603,P049,2307,2025-02-13,1,73.31,Store
604,P066,2307,2025-09-30,1,36.9,Online
605,P004,2307,2026-05-05,1,95.82,Online
606,P098,2308,2024-11-28,2,126.9,Online
607,P004,2308,2025-08-16,2,191.64,Online
608,P040,2308,2026-04-15,1,82.3,Store
609,P025,2309,2023-10-04,1,99.99,Online
610,P008,2309,2024-07-10,3,146.25,Online
611,P060,2309,2025-04-17,2,95.8,Store
612,P047,2309,2026-01-22,2,112.14,Online
613,P047,2310,2023-11-30,4,224.28,Online
614,P079,2310,2024-09-10,1,79.9,Online
615,P067,2311,2023-03-29,1,32.5,Online
616,P076,2311,2024-02-20,1,159.9,Online
617,P027,2311,2025-01-30,1,105.3,Store
618,P070,2311,2025-12-25,1,115.6,Store
619,P099,2312,2024-08-28,2,119.8,Store
620,P009,2314,2023-10-07,1,72.4,Online
621,P091,2315,2024-09-09,1,49.9,Online
622,P037,2315,2026-04-08,3,419.4,Online
623,P073,2316,2024-02-15,2,179.0,Store
624,P008,2316,2024-12-12,1,48.75,Online
625,P084,2317,2024-02-13,2,339.6,Online
626,P016,2317,2024-10-22,1,36.06,Online
627,P051,2317,2025-07-12,1,129.9,Online
628,P082,2317,2026-03-19,2,71.2,Online
629,P070,2318,2024-02-14,1,115.6,Store
630,P006,2318,2025-08-04,1,78.45,Store
631,P023,2319,2025-02-04,5,127.5,Online
632,P076,2319,2026-06-01,3,479.7,Online
633,P014,2320,2024-06-12,1,124.5,Online
634,P099,2320,2025-03-15,2,119.8,Online
635,P092,2320,2026-01-08,2,137.5,Online
636,P002,2321,2024-09-04,2,286.7,Online
637,P011,2321,2025-04-05,2,122.7,Online
638,P046,2321,2025-12-02,2,79.52,Online
639,P053,2321,2026-07-24,4,239.2,Store
640,P051,2322,2024-01-19,1,129.9,Online
641,P022,2323,2023-09-25,1,119.9,Online
642,P007,2323,2024-05-18,1,52.9,Online
643,P002,2323,2025-01-17,3,430.05,Online
644,P005,2323,2025-09-22,2,72.12,Online
645,P065,2323,2026-04-29,2,149.6,Online
646,P003,2324,2023-06-15,1,113.82,Store
647,P080,2324,2023-11-22,2,199.0,Online
648,P018,2324,2024-05-08,2,263.86,Store
649,P050,2324,2024-10-21,2,108.64,Store
650,P005,2324,2025-04-11,1,36.06,Online
651,P058,2324,2025-10-04,1,104.9,Online
652,P045,2324,2026-03-21,2,135.7,Store
653,P067,2325,2023-07-08,1,32.5,Online
654,P062,2326,2023-10-11,1,39.9,Store
655,P019,2327,2025-01-24,2,192.3,Online
656,P050,2327,2026-07-13,2,108.64,Online
657,P026,2329,2023-07-02,1,64.8,Online
658,P028,2329,2024-11-07,1,128.65,Store
659,P043,2329,2026-02-06,1,108.4,Online
660,P010,2330,2024-01-03,3,269.97,Online
661,P019,2331,2023-06-09,3,288.45,Online
662,P040,2332,2024-03-22,1,82.3,Online
663,P045,2332,2025-07-17,1,67.85,Store
664,P011,2334,2024-09-24,3,184.05,Online
665,P011,2334,2026-01-15,2,122.7,Online
666,P038,2336,2024-04-08,1,94.6,Store
667,P049,2336,2025-05-21,2,146.62,Online
668,P005,2336,2026-07-16,3,108.18,Online
669,P100,2337,2024-12-26,2,189.5,Online
670,P054,2337,2025-09-18,1,77.25,Online
671,P057,2337,2026-07-07,1,51.4,Store
672,P016,2338,2024-03-13,1,36.06,Store
673,P041,2338,2024-11-28,1,118.9,Store
674,P043,2338,2025-09-18,2,216.8,Online
675,P003,2338,2026-05-17,2,227.64,Store
676,P044,2339,2023-12-07,2,299.98,Online
677,P013,2345,2024-10-31,1,83.6,Online
678,P021,2345,2025-06-24,3,262.35,Store
679,P087,2345,2026-03-31,1,91.7,Online
680,P026,2346,2023-11-19,5,324.0,Store
681,P083,2346,2025-01-28,3,437.7,Online
682,P099,2346,2026-05-01,1,59.9,Online
683,P092,2347,2024-09-20,1,68.75,Online
684,P078,2347,2025-02-09,3,404.25,Online
685,P036,2347,2025-06-12,2,224.9,Online
686,P040,2347,2025-10-24,3,246.9,Store
687,P065,2347,2026-03-08,3,224.4,Online
688,P095,2347,2026-07-26,1,45.5,Online
689,P015,2348,2023-12-24,3,273.75,Online
690,P029,2348,2024-11-01,1,76.4,Online
691,P026,2348,2025-08-29,2,129.6,Online
692,P069,2348,2026-07-02,2,162.4,Online
693,P025,2349,2023-11-16,1,99.99,Online
694,P053,2349,2025-03-11,1,59.8,Online
695,P024,2349,2026-08-02,1,135.75,Online
696,P089,2350,2024-07-06,2,439.8,Store
697,P009,2351,2023-11-11,1,72.4,Store
698,P055,2352,2024-05-19,1,45.6,Online
699,P055,2352,2025-10-07,3,136.8,Store
700,P014,2353,2023-10-17,1,124.5,Store
701,P015,2353,2025-01-28,1,91.25,Store
702,P005,2353,2026-04-12,1,36.06,Online
703,P061,2354,2024-10-04,1,69.95,Online
704,P026,2354,2026-01-12,1,64.8,Store
705,P007,2356,2024-06-09,3,158.7,Store
706,P035,2356,2025-01-17,1,39.55,Online
707,P044,2356,2025-08-11,1,149.99,Online
708,P041,2356,2026-03-22,4,475.6,Online
709,P098,2357,2024-04-07,1,63.45,Store
710,P084,2360,2024-05-02,1,169.8,Online
711,P075,2361,2023-12-12,2,204.8,Online
712,P011,2361,2024-09-15,3,184.05,Online
713,P070,2362,2024-11-03,1,115.6,Store
714,P013,2362,2026-04-14,4,334.4,Store
715,P099,2363,2025-03-22,1,59.9,Online
716,P034,2364,2025-03-27,3,131.01,Online
717,P028,2365,2024-11-21,2,257.3,Online
718,P049,2365,2025-04-02,2,146.62,Store
719,P016,2365,2025-08-23,1,36.06,Store
720,P088,2365,2026-01-09,4,423.4,Online
721,P039,2365,2026-06-06,3,470.25,Store
722,P046,2366,2023-06-25,1,39.76,Store
723,P024,2366,2023-11-24,1,135.75,Store
724,P054,2366,2024-04-21,3,231.75,Store
725,P067,2366,2024-09-04,3,97.5,Online
726,P065,2366,2025-02-17,2,149.6,Online
727,P036,2366,2025-07-20,3,337.35,Store
728,P034,2366,2026-01-15,1,43.67,Store
729,P031,2366,2026-06-24,2,35.56,Online
730,P028,2367,2023-06-08,1,128.65,Online
731,P090,2367,2023-10-15,2,359.0,Store
732,P074,2367,2024-02-28,1,67.75,Online
733,P096,2367,2024-06-26,2,77.8,Online
734,P004,2367,2024-11-01,1,95.82,Online
735,P094,2367,2025-02-20,1,54.8,Online
736,P047,2367,2025-06-08,1,56.07,Store
737,P018,2367,2025-10-13,2,263.86,Online
738,P037,2367,2026-02-12,1,139.8,Online
739,P033,2367,2026-06-16,3,382.14,Online
740,P089,2368,2024-03-28,3,659.7,Online
741,P029,2368,2025-07-07,5,382.0,Online
742,P083,2369,2023-04-15,2,291.8,Online
743,P078,2369,2023-08-25,1,134.75,Store
744,P007,2369,2024-02-02,1,52.9,Online
745,P031,2369,2024-07-05,2,35.56,Store
746,P024,2369,2024-12-08,1,135.75,Online
747,P057,2369,2025-05-19,1,51.4,Online
748,P035,2369,2025-10-15,1,39.55,Online
749,P039,2369,2026-03-13,1,156.75,Online
750,P099,2369,2026-08-17,1,59.9,Online
751,P082,2370,2024-01-25,1,35.6,Online
752,P050,2370,2024-09-16,4,217.28,Online
753,P094,2370,2025-06-04,2,109.6,Online
754,P025,2370,2026-02-10,1,99.99,Online
755,P002,2371,2023-01-29,1,143.35,Online
756,P046,2376,2025-03-29,5,198.8,Online
757,P077,2376,2026-08-06,1,189.5,Online
758,P077,2377,2023-10-09,4,758.0,Online
759,P093,2377,2024-03-19,5,399.75,Store
760,P091,2377,2024-08-13,2,99.8,Online
761,P080,2377,2025-01-13,1,99.5,Store
762,P093,2377,2025-06-09,3,239.85,Store
763,P056,2377,2025-11-03,2,185.5,Online
764,P045,2377,2026-04-05,1,67.85,Online
765,P008,2378,2023-12-19,1,48.75,Store
766,P083,2378,2025-05-27,3,437.7,Online
767,P068,2380,2024-04-26,1,58.95,Store
768,P030,2381,2023-09-01,1,31.9,Store
769,P095,2381,2024-06-05,1,45.5,Online
770,P096,2382,2023-01-18,1,38.9,Online
771,P027,2383,2024-07-06,1,105.3,Online
772,P040,2383,2024-11-12,2,164.6,Store
773,P088,2383,2025-04-14,3,317.55,Online
774,P064,2383,2025-08-31,1,98.75,Store
775,P074,2383,2026-02-02,1,67.75,Store
776,P076,2383,2026-06-27,1,159.9,Store
777,P081,2389,2025-03-15,1,42.8,Online
778,P016,2389,2025-12-10,3,108.18,Store
779,P020,2390,2025-03-20,1,110.59,Store
780,P068,2393,2024-01-23,5,294.75,Online
781,P068,2393,2024-10-08,1,58.95,Online
782,P100,2393,2025-05-01,5,473.75,Store
783,P053,2393,2025-12-25,2,119.6,Online
784,P024,2394,2024-05-18,1,135.75,Online
785,P074,2394,2025-11-03,1,67.75,Online
786,P007,2396,2024-12-07,2,105.8,Online
787,P010,2396,2026-04-05,2,179.98,Online
788,P076,2397,2024-04-03,1,159.9,Online
789,P054,2400,2024-11-09,3,231.75,Store
790,P058,2400,2025-07-27,2,209.8,Online
791,P002,2400,2026-04-08,2,286.7,Store
792,P033,2402,2023-08-16,4,509.52,Online
793,P070,2402,2024-01-03,3,346.8,Online
794,P011,2402,2024-06-08,1,61.35,Store
795,P067,2402,2024-11-10,2,65.0,Online
796,P026,2402,2025-04-26,2,129.6,Online
797,P086,2402,2025-10-13,1,88.95,Store
798,P053,2402,2026-03-15,3,179.4,Online
799,P022,2403,2024-04-11,1,119.9,Store
800,P043,2404,2023-12-23,3,325.2,Online
801,P066,2404,2024-10-11,5,184.5,Online
802,P002,2404,2025-08-15,3,430.05,Online
803,P005,2404,2026-05-22,1,36.06,Online
804,P009,2405,2024-04-26,1,72.4,Store
805,P018,2405,2025-08-21,1,131.93,Online
806,P094,2406,2024-02-15,1,54.8,Online
807,P030,2406,2025-04-25,3,95.7,Store
808,P069,2406,2026-07-05,3,243.6,Store
809,P043,2407,2024-06-15,2,216.8,Online
810,P035,2409,2023-04-27,1,39.55,Store
811,P045,2409,2023-09-21,1,67.85,Store
812,P034,2409,2024-02-17,1,43.67,Online
813,P043,2409,2024-07-10,1,108.4,Store
814,P094,2409,2024-12-07,1,54.8,Online
815,P054,2409,2025-05-08,1,77.25,Online
816,P048,2409,2025-09-14,1,85.84,Online
817,P084,2409,2026-01-28,1,169.8,Store
818,P026,2409,2026-06-09,3,194.4,Store
819,P041,2411,2025-02-10,4,475.6,Online
820,P032,2411,2025-10-28,1,145.94,Online
821,P076,2411,2026-08-04,3,479.7,Store
822,P059,2412,2024-03-05,1,34.75,Online
823,P085,2414,2023-07-22,1,74.5,Store
824,P070,2414,2023-11-13,1,115.6,Online
825,P073,2414,2024-03-13,2,179.0,Store
826,P087,2414,2024-07-13,1,91.7,Online
827,P099,2414,2024-11-08,1,59.9,Online
828,P008,2414,2025-03-09,1,48.75,Store
829,P099,2414,2025-06-22,1,59.9,Store
830,P064,2414,2025-10-30,3,296.25,Online
831,P049,2414,2026-02-19,3,219.93,Online
832,P089,2414,2026-06-03,1,219.9,Store
833,P085,2416,2023-07-15,2,149.0,Store
834,P063,2417,2023-06-18,1,44.5,Online
835,P004,2418,2024-04-22,1,95.82,Online
836,P082,2418,2024-11-11,2,71.2,Online
837,P074,2419,2024-06-05,1,67.75,Online
838,P016,2419,2025-12-10,1,36.06,Store
839,P009,2424,2025-02-28,1,72.4,Online
840,P085,2424,2026-01-05,4,298.0,Online
841,P003,2425,2023-03-24,4,455.28,Store
842,P072,2426,2025-01-30,1,72.35,Online
843,P026,2426,2025-10-12,2,129.6,Online
844,P038,2426,2026-05-27,3,283.8,Store
845,P075,2427,2023-11-04,1,102.4,Online
846,P089,2428,2023-05-17,1,219.9,Online
847,P024,2428,2023-09-25,2,271.5,Online
848,P053,2428,2024-02-12,3,179.4,Store
849,P053,2428,2024-07-03,2,119.6,Online
850,P056,2428,2024-11-08,1,92.75,Online
851,P044,2428,2025-03-26,1,149.99,Online
852,P014,2428,2025-08-10,3,373.5,Online
853,P096,2428,2025-12-20,3,116.7,Online
854,P086,2428,2026-05-10,5,444.75,Store
855,P021,2429,2024-08-20,2,174.9,Online
856,P095,2430,2024-06-18,1,45.5,Online
857,P044,2430,2025-01-19,1,149.99,Store
858,P068,2430,2025-08-22,2,117.9,Online
859,P020,2430,2026-04-11,1,110.59,Online
860,P085,2431,2024-11-08,3,223.5,Online
861,P080,2432,2024-02-25,1,99.5,Online
862,P080,2432,2024-08-11,1,99.5,Store
863,P087,2432,2025-01-30,2,183.4,Online
864,P047,2432,2025-07-15,1,56.07,Online
865,P094,2432,2025-12-25,4,219.2,Store
866,P040,2432,2026-06-01,1,82.3,Online
867,P020,2433,2024-03-16,2,221.18,Online
868,P066,2433,2025-04-30,3,110.7,Online
869,P003,2433,2026-06-30,2,227.64,Store
870,P082,2435,2023-03-05,2,71.2,Store
871,P034,2436,2023-03-01,2,87.34,Online
872,P095,2436,2023-07-05,3,136.5,Online
873,P075,2436,2023-11-04,3,307.2,Online
874,P048,2436,2024-03-05,1,85.84,Online
875,P028,2436,2024-07-22,2,257.3,Store
876,P053,2436,2024-12-06,1,59.8,Online
877,P079,2436,2025-04-24,1,79.9,Online
878,P052,2436,2025-08-19,2,136.9,Online
879,P015,2436,2025-12-17,2,182.5,Online
880,P007,2436,2026-04-28,2,105.8,Online
881,P099,2436,2026-08-22,3,179.7,Online
882,P031,2437,2024-09-20,1,17.78,Online
883,P069,2437,2025-11-09,1,81.2,Online
884,P024,2438,2024-09-19,1,135.75,Store
885,P077,2439,2025-01-09,4,758.0,Online
886,P048,2440,2024-10-12,1,85.84,Online
887,P019,2440,2025-08-29,5,480.75,Online
888,P017,2440,2026-06-09,1,22.84,Online
889,P081,2441,2023-06-29,1,42.8,Store
890,P015,2442,2024-01-17,1,91.25,Online
891,P086,2442,2025-06-23,2,177.9,Store
892,P050,2443,2024-03-23,4,217.28,Online
893,P098,2444,2023-10-30,1,63.45,Online
894,P047,2445,2023-10-01,2,112.14,Online
895,P100,2445,2024-06-04,5,473.75,Online
896,P012,2445,2025-02-02,3,128.4,Store
897,P046,2445,2025-10-06,2,79.52,Online
898,P099,2445,2026-06-02,1,59.9,Online
899,P030,2448,2026-02-18,1,31.9,Online
900,P022,2449,2024-02-28,2,239.8,Online
901,P073,2449,2024-12-08,1,89.5,Online
902,P083,2449,2025-09-21,1,145.9,Store
903,P083,2449,2026-07-15,1,145.9,Store
904,P074,2450,2024-01-05,1,67.75,Online
905,P039,2453,2024-06-21,5,783.75,Online
906,P077,2453,2025-04-08,2,379.0,Online
907,P060,2453,2026-02-17,1,47.9,Store
908,P073,2454,2023-06-19,1,89.5,Online
909,P047,2454,2023-12-11,1,56.07,Store
910,P053,2454,2024-05-29,1,59.8,Store
911,P046,2454,2024-11-12,1,39.76,Online
912,P003,2454,2025-04-29,3,341.46,Online
913,P072,2454,2025-11-05,1,72.35,Online
914,P066,2454,2026-04-20,3,110.7,Online
915,P096,2455,2023-10-31,2,77.8,Online
916,P077,2455,2024-04-24,2,379.0,Online
917,P001,2456,2023-08-02,2,131.12,Online
918,P049,2456,2023-12-23,2,146.62,Online
919,P069,2456,2024-05-16,2,162.4,Store
920,P100,2456,2024-10-04,2,189.5,Online
921,P074,2456,2025-02-19,1,67.75,Store
922,P020,2456,2025-07-14,2,221.18,Online
923,P041,2456,2025-11-29,2,237.8,Online
924,P029,2456,2026-04-20,4,305.6,Online
925,P003,2457,2024-08-22,1,113.82,Online
926,P002,2457,2026-03-01,1,143.35,Online
927,P012,2458,2024-08-15,1,42.8,Store
928,P043,2460,2023-10-04,4,433.6,Online
929,P035,2460,2024-08-07,2,79.1,Online
930,P009,2460,2025-05-28,1,72.4,Store
931,P005,2460,2026-03-20,2,72.12,Store
932,P030,2461,2023-04-03,1,31.9,Store
933,P002,2463,2024-10-27,3,430.05,Store
934,P063,2463,2025-04-13,1,44.5,Online
935,P074,2464,2023-10-01,1,67.75,Store
936,P072,2465,2023-06-04,3,217.05,Store
937,P035,2465,2023-09-29,1,39.55,Online
938,P039,2465,2024-01-30,5,783.75,Store
939,P048,2465,2024-05-29,1,85.84,Online
940,P007,2465,2024-09-25,1,52.9,Online
941,P020,2465,2025-01-16,2,221.18,Store
942,P019,2465,2025-05-07,2,192.3,Store
943,P087,2465,2025-08-31,1,91.7,Online
944,P068,2465,2026-01-02,1,58.95,Online
945,P030,2465,2026-05-19,1,31.9,Online
946,P078,2466,2024-04-17,4,539.0,Online
947,P051,2466,2024-08-26,1,129.9,Online
948,P087,2466,2024-12-31,1,91.7,Store
949,P007,2466,2025-05-02,2,105.8,Store
950,P044,2466,2025-09-29,1,149.99,Store
951,P056,2466,2026-02-14,1,92.75,Online
952,P074,2466,2026-07-02,2,135.5,Store
953,P044,2467,2024-08-17,2,299.98,Online
954,P018,2468,2024-07-13,2,263.86,Online
955,P065,2468,2025-04-11,1,74.8,Store
956,P028,2468,2026-02-20,2,257.3,Store
957,P092,2469,2023-10-16,1,68.75,Online
958,P011,2469,2024-08-06,1,61.35,Online
959,P045,2469,2025-05-06,3,203.55,Online
960,P003,2469,2026-02-25,2,227.64,Online
961,P008,2470,2024-03-02,4,195.0,Online
962,P064,2471,2025-08-31,2,197.5,Online
963,P002,2475,2024-07-08,2,286.7,Online
964,P066,2476,2023-07-02,2,73.8,Online
965,P012,2477,2024-12-15,1,42.8,Store
966,P077,2477,2025-07-25,1,189.5,Online
967,P078,2477,2026-03-24,2,269.5,Online
968,P081,2478,2025-03-07,1,42.8,Store
969,P025,2479,2023-07-27,1,99.99,Online
970,P010,2479,2023-12-31,2,179.98,Online
971,P071,2479,2024-07-07,3,194.7,Store
972,P087,2479,2024-12-31,1,91.7,Online
973,P055,2479,2025-06-16,2,91.2,Online
974,P084,2479,2025-12-09,1,169.8,Online
975,P062,2479,2026-05-28,2,79.8,Online
976,P045,2481,2024-08-27,1,67.85,Online
977,P087,2481,2026-01-03,4,366.8,Store
978,P048,2482,2023-06-04,1,85.84,Store
979,P035,2482,2024-02-14,2,79.1,Store
980,P023,2482,2024-09-27,1,25.5,Store
981,P014,2482,2025-05-13,2,249.0,Online
982,P041,2482,2026-01-27,1,118.9,Online
983,P099,2483,2025-03-27,1,59.9,Store
984,P021,2484,2024-08-31,1,87.45,Online
985,P039,2485,2023-11-07,1,156.75,Online
986,P018,2485,2025-07-14,2,263.86,Online
987,P048,2486,2024-09-01,3,257.52,Online
988,P042,2486,2025-06-04,2,147.1,Store
989,P045,2486,2026-04-21,3,203.55,Online
990,P070,2488,2024-04-09,1,115.6,Online
991,P053,2488,2024-10-21,2,119.6,Store
992,P018,2489,2024-11-16,1,131.93,Online
993,P094,2489,2025-03-26,2,109.6,Online
994,P026,2489,2025-08-08,1,64.8,Online
995,P053,2489,2026-01-03,2,119.6,Online
996,P014,2489,2026-05-17,1,124.5,Online
997,P071,2490,2023-10-30,1,64.9,Online
998,P018,2490,2025-04-30,1,131.93,Online
999,P087,2490,2026-08-02,1,91.7,Store
1000,P041,2492,2023-12-14,2,237.8,Store
1001,P051,2493,2024-10-11,3,389.7,Online
1002,P055,2493,2025-07-11,1,45.6,Store
1003,P086,2493,2026-04-27,2,177.9,Online
1004,P065,2494,2024-08-31,3,224.4,Online
1005,P018,2494,2025-04-23,3,395.79,Online
1006,P061,2495,2024-08-14,3,209.85,Online
1007,P054,2495,2026-01-03,1,77.25,Store
1008,P076,2496,2023-06-05,2,319.8,Online
1009,P094,2497,2023-10-26,1,54.8,Online
1010,P074,2497,2025-04-30,2,135.5,Online
1011,P077,2498,2024-12-18,2,379.0,Online
1012,P049,2498,2025-09-07,2,146.62,Store
1013,P039,2498,2026-05-08,3,470.25,Online
1014,P065,2499,2024-02-22,1,74.8,Online
1015,P034,2499,2024-07-31,1,43.67,Online
1016,P021,2499,2025-01-12,1,87.45,Store
1017,P024,2499,2025-06-19,2,271.5,Store
1018,P089,2499,2025-12-12,1,219.9,Store
1019,P099,2499,2026-05-12,3,179.7,Online
1020,P079,2500,2023-12-17,1,79.9,Online
1021,P077,2501,2023-10-24,1,189.5,Store
1022,P081,2502,2024-10-13,1,42.8,Online
1023,P006,2502,2025-07-20,5,392.25,Store
1024,P073,2502,2026-05-10,1,89.5,Online
1025,P087,2504,2024-05-04,2,183.4,Online
1026,P062,2504,2025-01-15,2,79.8,Store
1027,P030,2504,2025-10-21,3,95.7,Store
1028,P012,2504,2026-07-31,1,42.8,Store
1029,P064,2505,2024-01-14,5,493.75,Online
1030,P067,2505,2024-09-27,4,130.0,Online
1031,P044,2506,2024-11-13,5,749.95,Online
1032,P089,2506,2026-02-11,1,219.9,Store
1033,P081,2507,2024-03-19,2,85.6,Store
1034,P079,2507,2024-11-21,4,319.6,Store
1035,P005,2507,2025-09-05,5,180.3,Online
1036,P022,2507,2026-06-06,2,239.8,Online
1037,P015,2508,2024-02-20,2,182.5,Online
1038,P008,2508,2024-12-09,2,97.5,Store
1039,P082,2509,2024-12-03,3,106.8,Online
1040,P056,2510,2025-02-14,4,371.0,Online
1041,P097,2510,2025-10-26,4,290.4,Online
1042,P092,2511,2025-03-09,2,137.5,Online
1043,P050,2511,2025-10-14,2,108.64,Store
1044,P038,2511,2026-06-18,1,94.6,Online
1045,P027,2514,2024-12-27,3,315.9,Online
1046,P090,2514,2026-05-09,4,718.0,Online
1047,P011,2515,2024-02-21,4,245.4,Online
1048,P096,2516,2025-06-09,1,38.9,Online
1049,P095,2518,2025-12-30,4,182.0,Store
1050,P095,2521,2023-03-29,3,136.5,Online
1051,P055,2521,2024-09-29,4,182.4,Online
1052,P031,2521,2026-04-09,1,17.78,Online
1053,P038,2524,2025-06-13,2,189.2,Online
1054,P086,2525,2024-12-23,2,177.9,Online
1055,P059,2525,2025-07-31,2,69.5,Store
1056,P005,2526,2023-05-08,2,72.12,Store
1057,P052,2527,2024-06-25,2,136.9,Online
1058,P027,2527,2025-12-25,1,105.3,Store
1059,P073,2528,2023-03-12,3,268.5,Store
1060,P018,2529,2025-04-30,2,263.86,Store
1061,P004,2529,2026-01-21,2,191.64,Online
1062,P014,2530,2024-08-05,2,249.0,Online
1063,P045,2530,2024-11-30,3,203.55,Store
1064,P033,2530,2025-03-26,3,382.14,Online
1065,P076,2530,2025-07-29,1,159.9,Store
1066,P092,2530,2025-11-24,2,137.5,Online
1067,P012,2530,2026-03-29,1,42.8,Online
1068,P010,2530,2026-07-29,3,269.97,Online
1069,P071,2531,2024-05-19,2,129.8,Store
1070,P023,2532,2023-12-04,3,76.5,Store
1071,P092,2532,2024-09-28,2,137.5,Online
1072,P052,2532,2025-06-21,1,68.45,Store
1073,P041,2532,2026-04-25,4,475.6,Online
1074,P084,2533,2024-06-07,3,509.4,Online
1075,P056,2534,2024-03-22,2,185.5,Online
1076,P035,2534,2024-10-05,2,79.1,Store
1077,P063,2536,2024-06-22,1,44.5,Online
1078,P088,2537,2025-06-14,2,211.7,Store
1079,P029,2537,2026-03-14,1,76.4,Store
1080,P013,2538,2023-10-12,1,83.6,Online
1081,P015,2540,2024-02-24,1,91.25,Online
1082,P082,2540,2024-07-24,1,35.6,Online
1083,P036,2540,2024-12-25,1,112.45,Store
1084,P042,2540,2025-06-11,3,220.65,Online
1085,P047,2540,2025-11-07,1,56.07,Store
1086,P010,2540,2026-04-23,3,269.97,Online
1087,P031,2542,2023-12-28,5,88.9,Online
1088,P098,2542,2024-05-20,1,63.45,Online
1089,P005,2542,2024-10-12,4,144.24,Store
1090,P100,2542,2025-03-09,3,284.25,Online
1091,P074,2542,2025-07-25,2,135.5,Online
1092,P055,2542,2025-12-14,2,91.2,Online
1093,P022,2542,2026-05-08,5,599.5,Online
1094,P032,2543,2023-12-16,2,291.88,Online
1095,P028,2543,2024-11-14,2,257.3,Online
1096,P028,2543,2025-10-06,3,385.95,Online
1097,P059,2543,2026-07-15,5,173.75,Online
1098,P015,2544,2023-12-14,4,365.0,Online
1099,P010,2544,2024-05-10,2,179.98,Online
1100,P070,2544,2024-09-30,2,231.2,Store
1101,P079,2544,2025-01-30,2,159.8,Online
1102,P011,2544,2025-06-22,3,184.05,Online
1103,P078,2544,2025-11-03,4,539.0,Store
1104,P034,2544,2026-03-15,1,43.67,Store
1105,P094,2544,2026-07-21,3,164.4,Store
1106,P077,2545,2024-01-26,1,189.5,Online
1107,P006,2545,2024-08-15,1,78.45,Online
1108,P089,2546,2023-05-11,1,219.9,Online
1109,P081,2546,2023-09-19,1,42.8,Online
1110,P085,2546,2024-01-13,1,74.5,Online
1111,P024,2546,2024-05-08,2,271.5,Store
1112,P063,2546,2024-09-19,3,133.5,Store
1113,P097,2546,2025-01-24,2,145.2,Store
1114,P068,2546,2025-06-02,2,117.9,Store
1115,P099,2546,2025-10-08,2,119.8,Online
1116,P018,2546,2026-02-22,1,131.93,Store
1117,P085,2546,2026-06-19,2,149.0,Online
1118,P067,2547,2025-02-15,1,32.5,Store
1119,P098,2548,2024-07-13,2,126.9,Online
1120,P051,2548,2026-02-13,1,129.9,Online
1121,P085,2549,2023-10-27,2,149.0,Store
1122,P031,2549,2024-12-08,1,17.78,Online
1123,P023,2549,2026-02-21,3,76.5,Store
1124,P032,2550,2024-02-19,1,145.94,Store
1125,P003,2550,2024-11-30,2,227.64,Store
1126,P020,2550,2025-09-23,3,331.77,Online
1127,P066,2550,2026-06-21,1,36.9,Online
1128,P077,2551,2023-11-14,2,379.0,Store
1129,P001,2551,2024-07-29,2,131.12,Online
1130,P022,2551,2025-05-03,2,239.8,Store
1131,P095,2551,2026-02-02,1,45.5,Store
1132,P043,2552,2024-06-26,1,108.4,Online
1133,P013,2553,2024-01-21,2,167.2,Online
1134,P075,2553,2024-09-22,1,102.4,Online
1135,P050,2553,2025-05-16,2,108.64,Store
1136,P006,2553,2026-02-04,1,78.45,Store
1137,P051,2554,2023-07-27,2,259.8,Store
1138,P032,2554,2024-05-22,5,729.7,Store
1139,P052,2554,2025-03-15,2,136.9,Store
1140,P031,2554,2026-01-03,3,53.34,Store
1141,P079,2555,2025-05-17,1,79.9,Online
1142,P027,2556,2023-11-18,3,315.9,Store
1143,P098,2556,2024-09-23,1,63.45,Online
1144,P080,2556,2025-07-07,1,99.5,Online
1145,P088,2556,2026-04-18,1,105.85,Online
1146,P054,2557,2024-01-28,1,77.25,Online
1147,P056,2557,2024-11-02,2,185.5,Store
1148,P095,2557,2025-08-07,1,45.5,Store
1149,P032,2557,2026-04-24,1,145.94,Online
1150,P093,2558,2023-08-05,1,79.95,Online
1151,P046,2558,2024-06-17,2,79.52,Store
1152,P093,2558,2025-04-09,4,319.8,Online
1153,P078,2558,2026-01-30,3,404.25,Online
1154,P045,2559,2025-02-13,1,67.85,Online
1155,P092,2559,2025-10-23,4,275.0,Store
1156,P009,2560,2024-11-06,1,72.4,Online
1157,P037,2560,2026-04-15,2,279.6,Store
1158,P088,2561,2024-02-09,1,105.85,Store
1159,P093,2562,2023-04-17,4,319.8,Online
1160,P081,2563,2024-05-27,2,85.6,Store
1161,P006,2564,2023-10-04,5,392.25,Store
1162,P061,2565,2024-04-07,3,209.85,Online
1163,P088,2566,2025-04-13,2,211.7,Online
1164,P015,2566,2026-06-24,1,91.25,Store
1165,P059,2567,2024-06-13,1,34.75,Store
1166,P086,2568,2023-08-02,1,88.95,Online
1167,P012,2568,2023-12-09,2,85.6,Store
1168,P074,2568,2024-04-14,2,135.5,Online
1169,P064,2568,2024-08-31,2,197.5,Online
1170,P039,2568,2025-01-01,3,470.25,Store
1171,P080,2568,2025-05-19,1,99.5,Online
1172,P092,2568,2025-09-27,4,275.0,Store
1173,P099,2568,2026-02-08,3,179.7,Online
1174,P065,2568,2026-06-26,2,149.6,Online
1175,P047,2569,2024-08-15,2,112.14,Store
1176,P020,2570,2023-10-22,2,221.18,Online
1177,P009,2570,2024-06-19,1,72.4,Online
1178,P094,2570,2025-01-07,1,54.8,Store
1179,P087,2570,2025-08-06,1,91.7,Online
1180,P068,2570,2026-03-09,1,58.95,Store
1181,P087,2571,2025-07-24,1,91.7,Store
1182,P090,2572,2023-12-06,1,179.5,Online
1183,P049,2572,2024-03-22,2,146.62,Online
1184,P070,2572,2024-07-19,2,231.2,Store
1185,P083,2572,2024-11-19,2,291.8,Online
1186,P080,2572,2025-03-19,1,99.5,Online
1187,P071,2572,2025-07-09,2,129.8,Online
1188,P048,2572,2025-11-13,2,171.68,Store
1189,P013,2572,2026-03-04,1,83.6,Online
1190,P014,2572,2026-07-06,2,249.0,Online
1191,P067,2573,2024-07-08,1,32.5,Store
1192,P010,2574,2025-01-05,1,89.99,Store
1193,P068,2575,2025-02-18,2,117.9,Online
1194,P097,2575,2026-07-25,4,290.4,Online
1195,P089,2577,2024-12-16,3,659.7,Online
1196,P086,2577,2025-05-18,1,88.95,Online
1197,P092,2577,2025-10-18,4,275.0,Online
1198,P028,2577,2026-03-25,2,257.3,Online
1199,P025,2577,2026-08-17,1,99.99,Online
1200,P039,2578,2024-11-20,2,313.5,Online
1201,P081,2579,2023-03-23,5,214.0,Store
1202,P043,2581,2024-07-10,5,542.0,Online
1203,P040,2581,2024-12-25,1,82.3,Store
1204,P079,2581,2025-05-31,1,79.9,Online
1205,P088,2581,2025-11-04,2,211.7,Online
1206,P067,2581,2026-03-26,3,97.5,Store
1207,P032,2582,2024-11-18,2,291.88,Store
1208,P095,2582,2025-06-07,2,91.0,Online
1209,P050,2582,2026-01-23,2,108.64,Online
1210,P058,2584,2024-08-07,1,104.9,Store
1211,P076,2584,2024-12-30,4,639.6,Online
1212,P051,2584,2025-05-04,3,389.7,Online
1213,P043,2584,2025-10-11,2,216.8,Online
1214,P086,2584,2026-03-10,2,177.9,Online
1215,P069,2584,2026-08-07,1,81.2,Online
1216,P055,2585,2023-10-10,1,45.6,Online
1217,P037,2586,2024-06-15,1,139.8,Online
1218,P063,2586,2025-02-04,2,89.0,Online
1219,P028,2586,2025-10-20,2,257.3,Online
1220,P090,2586,2026-06-23,5,897.5,Store
1221,P033,2588,2024-11-26,2,254.76,Store
1222,P017,2588,2025-08-11,1,22.84,Online
1223,P053,2588,2026-04-16,2,119.6,Online
1224,P004,2589,2023-12-08,2,191.64,Online
1225,P068,2589,2025-03-28,2,117.9,Store
1226,P005,2589,2026-07-16,2,72.12,Store
1227,P061,2591,2024-04-04,2,139.9,Online
1228,P028,2591,2025-01-07,2,257.3,Online
1229,P041,2592,2025-07-25,2,237.8,Online
1230,P076,2593,2023-08-07,1,159.9,Online
1231,P082,2593,2024-03-27,1,35.6,Online
1232,P043,2594,2024-06-05,1,108.4,Store
1233,P086,2594,2026-03-08,2,177.9,Online
1234,P077,2595,2024-11-21,1,189.5,Online
1235,P071,2595,2026-01-05,5,324.5,Store
1236,P091,2596,2023-05-27,3,149.7,Store
1237,P009,2596,2024-11-27,1,72.4,Online
1238,P040,2597,2023-05-18,2,164.6,Store
1239,P016,2597,2024-08-27,1,36.06,Online
1240,P056,2597,2025-10-26,2,185.5,Online
1241,P071,2598,2023-11-05,4,259.6,Online
1242,P008,2598,2024-07-21,3,146.25,Online
1243,P010,2599,2024-07-11,3,269.97,Online
1244,P091,2599,2026-01-14,1,49.9,Online
1245,P082,2600,2024-12-01,2,71.2,Online
1246,P051,2600,2026-02-16,2,259.8,Store
1247,P083,2601,2024-02-14,1,145.9,Online
1248,P086,2601,2024-08-12,4,355.8,Store
1249,P031,2601,2025-02-04,1,17.78,Online
1250,P055,2601,2025-07-31,1,45.6,Store
1251,P003,2601,2026-01-23,3,341.46,Store
1252,P049,2601,2026-08-04,2,146.62,Online
1253,P039,2604,2025-06-14,2,313.5,Online
1254,P036,2604,2026-03-11,1,112.45,Online
1255,P095,2606,2024-05-04,4,182.0,Store
1256,P019,2606,2024-09-25,1,96.15,Store
1257,P022,2606,2025-02-27,2,239.8,Store
1258,P096,2606,2025-07-15,3,116.7,Store
1259,P053,2606,2025-12-08,1,59.8,Online
1260,P079,2606,2026-04-20,1,79.9,Online
1261,P067,2607,2023-03-02,1,32.5,Online
1262,P004,2607,2023-10-21,1,95.82,Store
1263,P048,2608,2024-01-09,1,85.84,Store
1264,P073,2609,2023-07-06,2,179.0,Online
1265,P041,2609,2023-12-26,1,118.9,Online
1266,P027,2609,2024-06-09,3,315.9,Store
1267,P052,2609,2024-11-18,3,205.35,Online
1268,P080,2609,2025-05-18,1,99.5,Store
1269,P068,2609,2025-11-23,2,117.9,Online
1270,P019,2609,2026-05-09,2,192.3,Store
1271,P096,2610,2025-02-17,2,77.8,Online
1272,P090,2610,2025-11-01,4,718.0,Store
1273,P010,2610,2026-08-12,1,89.99,Store
1274,P039,2611,2023-12-29,1,156.75,Online
1275,P063,2611,2024-09-28,4,178.0,Online
1276,P019,2611,2025-05-24,3,288.45,Online
1277,P040,2611,2025-12-11,1,82.3,Online
1278,P043,2611,2026-07-28,1,108.4,Store
1279,P040,2615,2024-04-15,1,82.3,Store
1280,P028,2616,2023-08-19,2,257.3,Store
1281,P043,2616,2024-04-23,3,325.2,Online
1282,P032,2617,2024-03-09,1,145.94,Online
1283,P032,2617,2025-08-09,1,145.94,Online
1284,P010,2618,2024-07-29,3,269.97,Online
1285,P076,2619,2023-09-25,3,479.7,Online
1286,P021,2619,2024-06-17,1,87.45,Online
1287,P002,2621,2024-01-26,1,143.35,Online
1288,P082,2622,2024-07-31,2,71.2,Online
1289,P034,2622,2025-04-26,2,87.34,Store
1290,P049,2622,2026-01-29,2,146.62,Online
1291,P054,2623,2023-01-23,1,77.25,Online
1292,P025,2624,2023-09-25,4,399.96,Online
1293,P064,2626,2024-05-28,1,98.75,Online
1294,P065,2626,2024-10-16,4,299.2,Online
1295,P046,2626,2025-03-06,2,79.52,Online
1296,P015,2626,2025-07-09,3,273.75,Store
1297,P070,2626,2025-12-08,2,231.2,Online
1298,P026,2626,2026-04-25,1,64.8,Store
1299,P021,2627,2023-03-03,1,87.45,Store
1300,P053,2628,2023-10-10,2,119.6,Online
1301,P063,2628,2024-06-22,4,178.0,Online
1302,P075,2628,2025-02-02,1,102.4,Online
1303,P020,2628,2025-10-18,1,110.59,Online
1304,P050,2628,2026-07-15,1,54.32,Store
1305,P021,2629,2023-12-31,4,349.8,Online
1306,P021,2630,2023-08-20,3,262.35,Online
1307,P054,2630,2024-04-09,1,77.25,Online
1308,P028,2631,2024-05-08,5,643.25,Store
1309,P062,2631,2025-01-27,3,119.7,Online
1310,P086,2631,2025-09-12,1,88.95,Store
1311,P076,2631,2026-05-14,1,159.9,Store
1312,P065,2635,2023-11-27,1,74.8,Store
1313,P040,2635,2025-08-14,3,246.9,Online
1314,P100,2637,2025-03-18,2,189.5,Online
1315,P063,2637,2026-07-25,2,89.0,Store
1316,P042,2638,2025-03-27,1,73.55,Store
1317,P090,2638,2025-12-28,4,718.0,Store
1318,P088,2639,2024-03-02,4,423.4,Store
1319,P040,2639,2025-09-13,1,82.3,Store
1320,P089,2640,2023-02-01,2,439.8,Online
1321,P006,2643,2024-03-06,1,78.45,Online
1322,P078,2644,2024-06-28,1,134.75,Online
1323,P053,2645,2024-10-12,1,59.8,Store
1324,P032,2645,2026-01-24,3,437.82,Online
1325,P093,2646,2025-06-11,2,159.9,Store
1326,P052,2649,2025-08-21,5,342.25,Store
1327,P067,2650,2024-04-30,1,32.5,Online
1328,P018,2651,2023-03-27,2,263.86,Online
1329,P084,2651,2024-01-21,1,169.8,Online
1330,P038,2651,2024-10-04,2,189.2,Online
1331,P088,2651,2025-07-08,2,211.7,Online
1332,P017,2651,2026-03-06,3,68.52,Online
1333,P060,2654,2025-11-08,3,143.7,Online
1334,P076,2655,2023-04-29,1,159.9,Store
1335,P094,2657,2023-08-06,1,54.8,Online
1336,P083,2657,2024-05-22,3,437.7,Store
1337,P033,2657,2025-03-15,1,127.38,Store
1338,P011,2657,2026-01-16,1,61.35,Online
1339,P065,2659,2024-03-26,2,149.6,Online
1340,P097,2659,2024-09-24,1,72.6,Store
1341,P085,2660,2023-08-24,5,372.5,Online
1342,P007,2661,2024-12-24,1,52.9,Online
1343,P049,2662,2024-04-13,1,73.31,Store
1344,P015,2662,2025-11-11,1,91.25,Store
1345,P012,2663,2024-04-03,3,128.4,Online
1346,P099,2663,2025-08-14,1,59.9,Store
1347,P088,2664,2024-08-15,1,105.85,Online
1348,P057,2664,2025-12-30,2,102.8,Online
1349,P039,2667,2024-05-02,1,156.75,Store
1350,P007,2668,2023-05-16,3,158.7,Store
1351,P083,2668,2024-09-17,3,437.7,Store
1352,P089,2668,2026-01-28,1,219.9,Store
1353,P032,2669,2024-01-25,2,291.88,Online
1354,P055,2669,2024-12-06,2,91.2,Online
1355,P050,2669,2025-10-16,4,217.28,Online
1356,P060,2670,2023-08-20,1,47.9,Online
1357,P040,2670,2024-07-18,1,82.3,Online
1358,P051,2670,2025-06-09,1,129.9,Store
1359,P021,2670,2026-03-30,1,87.45,Online
1360,P079,2671,2023-07-10,1,79.9,Online
1361,P014,2672,2024-08-21,4,498.0,Store
1362,P049,2672,2025-05-27,4,293.24,Online
1363,P010,2672,2026-02-15,2,179.98,Store
1364,P075,2673,2024-05-28,3,307.2,Store
1365,P006,2673,2024-11-02,1,78.45,Online
1366,P071,2673,2025-04-26,1,64.9,Online
1367,P088,2673,2025-10-14,1,105.85,Online
1368,P082,2673,2026-04-22,3,106.8,Online
1369,P056,2674,2024-02-25,2,185.5,Store
1370,P090,2674,2024-08-11,1,179.5,Store
1371,P018,2674,2025-01-29,2,263.86,Online
1372,P098,2674,2025-07-13,5,317.25,Store
1373,P062,2674,2025-12-26,5,199.5,Online
1374,P022,2674,2026-06-09,1,119.9,Online
1375,P050,2675,2025-05-06,1,54.32,Online
1376,P057,2675,2026-07-18,2,102.8,Online
1377,P010,2676,2023-01-25,1,89.99,Online
1378,P003,2677,2024-03-05,4,455.28,Online
1379,P032,2677,2024-11-04,2,291.88,Online
1380,P086,2679,2024-09-24,2,177.9,Online
1381,P038,2680,2024-06-22,3,283.8,Online
1382,P027,2680,2025-06-11,1,105.3,Online
1383,P024,2680,2026-05-24,1,135.75,Store
1384,P008,2681,2023-07-04,2,97.5,Online
1385,P074,2681,2024-11-25,2,135.5,Online
1386,P071,2681,2026-04-30,2,129.8,Store
1387,P042,2682,2024-06-08,1,73.55,Online
1388,P009,2682,2025-09-17,1,72.4,Online
1389,P012,2683,2024-06-13,4,171.2,Store
1390,P032,2683,2024-11-11,1,145.94,Store
1391,P086,2683,2025-05-11,1,88.95,Store
1392,P044,2683,2025-10-31,3,449.97,Online
1393,P036,2683,2026-04-09,2,224.9,Online
1394,P013,2684,2024-03-27,2,167.2,Store
1395,P004,2684,2024-09-28,4,383.28,Store
1396,P006,2685,2024-05-15,1,78.45,Online
1397,P010,2686,2025-03-18,3,269.97,Store
1398,P048,2686,2026-05-07,2,171.68,Store
1399,P020,2687,2024-04-13,1,110.59,Store
1400,P018,2687,2024-12-24,1,131.93,Store
1401,P098,2687,2025-09-11,4,253.8,Store
1402,P022,2687,2026-06-12,3,359.7,Online
1403,P089,2688,2024-04-15,3,659.7,Online
1404,P070,2688,2025-01-19,2,231.2,Store
1405,P054,2688,2025-10-06,2,154.5,Store
1406,P060,2688,2026-07-12,1,47.9,Online
1407,P079,2690,2024-05-07,1,79.9,Online
1408,P020,2690,2025-10-29,1,110.59,Online
1409,P045,2691,2023-07-19,1,67.85,Online
1410,P027,2694,2025-02-05,1,105.3,Online
1411,P092,2694,2025-07-20,1,68.75,Online
1412,P056,2694,2025-12-10,2,185.5,Store
1413,P090,2694,2026-05-28,3,538.5,Online
1414,P046,2695,2023-08-30,5,198.8,Online
1415,P021,2697,2023-06-28,3,262.35,Online
1416,P008,2699,2024-04-26,1,48.75,Online
1417,P080,2699,2025-06-23,4,398.0,Online
1418,P027,2699,2026-08-05,3,315.9,Online
1419,P081,2701,2025-03-02,1,42.8,Online
1420,P062,2701,2025-11-26,5,199.5,Online
1421,P077,2701,2026-08-20,1,189.5,Online
1422,P080,2702,2023-09-30,1,99.5,Online
1423,P087,2702,2024-02-16,3,275.1,Store
1424,P070,2702,2024-06-22,2,231.2,Store
1425,P100,2702,2024-10-24,2,189.5,Online
1426,P077,2702,2025-03-07,2,379.0,Store
1427,P041,2702,2025-07-29,3,356.7,Store
1428,P049,2702,2025-12-19,2,146.62,Online
1429,P054,2702,2026-05-06,4,309.0,Online
1430,P046,2702,2026-08-25,1,39.76,Online
1431,P049,2705,2024-07-15,2,146.62,Online
1432,P011,2705,2024-11-10,3,184.05,Store
1433,P073,2705,2025-03-17,2,179.0,Store
1434,P089,2705,2025-07-22,1,219.9,Store
1435,P051,2705,2025-12-05,2,259.8,Store
1436,P058,2705,2026-04-02,1,104.9,Online
1437,P012,2705,2026-08-19,4,171.2,Online
1438,P064,2706,2024-12-15,1,98.75,Online
1439,P063,2706,2025-10-30,3,133.5,Store
1440,P095,2706,2026-08-28,1,45.5,Store
1441,P091,2707,2025-03-27,1,49.9,Online
1442,P032,2707,2026-02-01,1,145.94,Online
1443,P035,2708,2025-04-09,1,39.55,Online
1444,P090,2708,2025-12-29,1,179.5,Online
1445,P069,2709,2024-02-23,2,162.4,Store
1446,P013,2710,2023-11-11,1,83.6,Online
1447,P002,2710,2024-07-25,2,286.7,Online
1448,P004,2711,2025-01-23,2,191.64,Store
1449,P049,2711,2026-01-27,1,73.31,Store
1450,P057,2713,2024-10-03,1,51.4,Store
1451,P010,2713,2025-08-02,3,269.97,Online
1452,P071,2713,2026-06-07,1,64.9,Store
1453,P027,2714,2023-10-08,1,105.3,Store
1454,P048,2714,2024-06-10,2,171.68,Store
1455,P058,2714,2024-12-23,3,314.7,Store
1456,P079,2714,2025-09-01,2,159.8,Store
1457,P002,2714,2026-04-15,3,430.05,Store
1458,P074,2715,2024-09-09,1,67.75,Store
1459,P015,2715,2025-05-27,1,91.25,Store
1460,P077,2717,2024-03-09,4,758.0,Store
1461,P051,2718,2024-08-01,5,649.5,Online
1462,P086,2718,2025-02-28,1,88.95,Online
1463,P055,2718,2025-10-07,2,91.2,Store
1464,P011,2718,2026-05-19,1,61.35,Store
1465,P068,2719,2023-11-10,1,58.95,Online
1466,P030,2720,2023-07-06,2,63.8,Store
1467,P064,2720,2023-11-29,3,296.25,Online
1468,P057,2720,2024-04-23,1,51.4,Online
1469,P086,2720,2024-09-10,2,177.9,Online
1470,P057,2720,2025-01-28,1,51.4,Online
1471,P064,2720,2025-06-25,2,197.5,Store
1472,P086,2720,2025-11-15,2,177.9,Online
1473,P030,2720,2026-03-27,3,95.7,Online
1474,P038,2720,2026-08-15,1,94.6,Online
1475,P037,2721,2025-04-04,2,279.6,Store
1476,P010,2724,2023-05-14,2,179.98,Online
1477,P012,2724,2023-10-05,3,128.4,Online
1478,P082,2724,2024-02-22,1,35.6,Store
1479,P082,2724,2024-07-10,1,35.6,Online
1480,P023,2724,2024-11-30,1,25.5,Online
1481,P011,2724,2025-04-04,3,184.05,Online
1482,P009,2724,2025-08-26,3,217.2,Online
1483,P081,2724,2026-01-16,1,42.8,Store
1484,P082,2724,2026-05-25,2,71.2,Online
1485,P024,2725,2024-01-30,2,271.5,Online
1486,P035,2725,2024-08-13,1,39.55,Online
1487,P062,2726,2024-08-30,2,79.8,Online
1488,P020,2726,2026-04-10,4,442.36,Online
1489,P099,2727,2024-12-20,2,119.8,Online
1490,P059,2727,2026-06-13,1,34.75,Online
1491,P004,2728,2024-03-20,2,191.64,Online
1492,P057,2729,2023-11-04,4,205.6,Online
1493,P035,2729,2025-03-15,2,79.1,Online
1494,P037,2729,2026-06-27,3,419.4,Online
1495,P062,2730,2024-08-23,3,119.7,Online
1496,P071,2731,2024-05-20,1,64.9,Store
1497,P064,2731,2025-10-25,1,98.75,Online
1498,P050,2732,2023-12-21,1,54.32,Store
1499,P070,2732,2025-06-17,2,231.2,Online
1500,P039,2733,2024-07-28,1,156.75,Online
1501,P037,2733,2025-11-18,2,279.6,Store
1502,P009,2734,2023-11-19,1,72.4,Online
1503,P090,2734,2024-03-15,1,179.5,Online
1504,P006,2734,2024-07-21,4,313.8,Online
1505,P097,2734,2024-12-03,1,72.6,Online
1506,P023,2734,2025-03-20,1,25.5,Online
1507,P010,2734,2025-07-22,1,89.99,Store
1508,P072,2734,2025-11-18,4,289.4,Store
1509,P010,2734,2026-03-07,3,269.97,Online
1510,P018,2734,2026-07-06,4,527.72,Online
1511,P061,2735,2024-06-17,3,209.85,Online
1512,P016,2736,2024-08-08,1,36.06,Online
1513,P024,2736,2025-10-19,1,135.75,Store
1514,P086,2737,2025-02-24,2,177.9,Store
1515,P054,2737,2026-04-28,5,386.25,Store
1516,P002,2738,2023-03-20,1,143.35,Online
1517,P036,2738,2024-01-18,4,449.8,Store
1518,P003,2738,2024-11-08,3,341.46,Online
1519,P067,2738,2025-09-08,3,97.5,Online
1520,P094,2738,2026-06-20,1,54.8,Store
1521,P042,2739,2024-09-13,2,147.1,Store
1522,P028,2739,2025-04-10,5,643.25,Online
1523,P050,2740,2023-08-16,2,108.64,Store
1524,P013,2740,2024-01-16,1,83.6,Store
1525,P092,2740,2024-06-29,1,68.75,Store
1526,P067,2740,2024-11-25,2,65.0,Store
1527,P034,2740,2025-04-29,1,43.67,Store
1528,P016,2740,2025-09-17,2,72.12,Online
1529,P005,2740,2026-02-16,2,72.12,Online
1530,P042,2740,2026-07-30,3,220.65,Online
1531,P002,2742,2025-01-01,1,143.35,Store
1532,P037,2742,2025-09-04,3,419.4,Store
1533,P058,2742,2026-04-28,1,104.9,Online
1534,P014,2745,2023-02-23,1,124.5,Online
1535,P034,2748,2024-04-02,1,43.67,Store
1536,P072,2749,2025-01-15,2,144.7,Online
1537,P047,2750,2024-09-04,2,112.14,Online
1538,P083,2750,2026-03-11,2,291.8,Store
1539,P091,2751,2024-04-16,1,49.9,Online
1540,P099,2752,2024-06-23,1,59.9,Online
1541,P044,2752,2026-02-02,4,599.96,Online
1542,P031,2753,2023-07-04,5,88.9,Online
1543,P003,2754,2024-08-05,1,113.82,Online
1544,P012,2756,2024-02-06,1,42.8,Store
1545,P069,2756,2024-11-13,2,162.4,Online
1546,P066,2756,2025-08-16,2,73.8,Online
1547,P071,2756,2026-05-11,2,129.8,Online
1548,P090,2757,2023-04-22,2,359.0,Online
1549,P023,2760,2023-12-30,3,76.5,Online
1550,P023,2760,2024-08-24,2,51.0,Store
1551,P086,2760,2025-04-09,2,177.9,Store
1552,P085,2760,2025-11-21,2,149.0,Online
1553,P082,2760,2026-07-24,1,35.6,Online
1554,P079,2761,2025-04-12,2,159.8,Store
1555,P018,2761,2026-01-27,2,263.86,Online
1556,P015,2763,2024-04-14,2,182.5,Online
1557,P018,2763,2024-11-26,2,263.86,Online
1558,P057,2763,2025-07-04,2,102.8,Online
1559,P039,2763,2026-03-04,1,156.75,Online
1560,P056,2765,2023-10-16,3,278.25,Online
1561,P057,2766,2024-03-28,2,102.8,Store
1562,P100,2766,2025-01-22,4,379.0,Online
1563,P007,2766,2025-10-22,2,105.8,Online
1564,P034,2766,2026-07-27,1,43.67,Online
1565,P073,2767,2025-05-14,5,447.5,Online
1566,P088,2768,2023-11-07,4,423.4,Store
1567,P042,2769,2023-10-20,1,73.55,Store
1568,P043,2769,2024-03-20,1,108.4,Online
1569,P010,2769,2024-08-26,3,269.97,Online
1570,P049,2769,2025-01-19,5,366.55,Online
1571,P060,2769,2025-06-20,1,47.9,Store
1572,P035,2769,2025-11-28,1,39.55,Store
1573,P068,2769,2026-05-01,4,235.8,Online
1574,P053,2771,2023-09-21,3,179.4,Store
1575,P020,2771,2024-05-03,1,110.59,Online
1576,P094,2771,2025-01-03,3,164.4,Store
1577,P072,2771,2025-08-21,1,72.35,Store
1578,P025,2771,2026-03-29,3,299.97,Store
1579,P012,2772,2023-05-16,3,128.4,Store
1580,P072,2772,2023-12-25,2,144.7,Online
1581,P022,2772,2024-08-08,2,239.8,Store
1582,P002,2772,2025-04-05,3,430.05,Store
1583,P009,2772,2025-11-13,2,144.8,Online
1584,P060,2772,2026-06-26,1,47.9,Store
1585,P012,2773,2023-03-23,1,42.8,Online
1586,P014,2773,2023-09-08,1,124.5,Store
1587,P005,2775,2024-04-13,2,72.12,Online
1588,P066,2776,2023-04-10,1,36.9,Online
1589,P002,2778,2025-02-21,2,286.7,Online
1590,P095,2778,2025-11-22,1,45.5,Online
1591,P039,2778,2026-08-20,2,313.5,Store
1592,P068,2779,2025-01-29,1,58.95,Online
1593,P078,2779,2025-12-16,2,269.5,Online
1594,P025,2780,2024-10-03,2,199.98,Online
1595,P047,2781,2024-06-15,4,224.28,Store
1596,P050,2781,2026-01-01,1,54.32,Online
1597,P068,2782,2025-03-21,4,235.8,Online
1598,P009,2782,2025-12-30,3,217.2,Online
1599,P098,2783,2024-06-28,1,63.45,Online
1600,P039,2784,2023-07-29,2,313.5,Store
1601,P052,2784,2024-01-17,3,205.35,Online
1602,P062,2784,2024-06-25,3,119.7,Store
1603,P033,2784,2024-11-23,1,127.38,Store
1604,P017,2784,2025-05-20,1,22.84,Online
1605,P087,2784,2025-11-02,3,275.1,Online
1606,P043,2784,2026-04-17,2,216.8,Online
1607,P065,2785,2024-08-07,1,74.8,Online
1608,P091,2787,2023-04-21,4,199.6,Online
1609,P086,2787,2024-01-19,3,266.85,Online
1610,P002,2787,2024-10-26,1,143.35,Store
1611,P050,2787,2025-08-21,5,271.6,Store
1612,P051,2787,2026-07-09,3,389.7,Online
1613,P075,2788,2023-08-11,1,102.4,Online
1614,P015,2790,2024-05-25,1,91.25,Store
1615,P050,2790,2026-01-15,1,54.32,Store
1616,P069,2792,2024-03-10,2,162.4,Store
1617,P061,2795,2024-12-04,1,69.95,Store
1618,P018,2795,2026-01-29,1,131.93,Store
1619,P074,2796,2024-11-10,3,203.25,Store
1620,P051,2796,2026-05-30,1,129.9,Online
1621,P001,2799,2023-05-05,1,65.56,Online
1622,P088,2800,2023-04-22,1,105.85,Store
1623,P042,2800,2023-09-07,2,147.1,Online
1624,P067,2800,2024-01-18,4,130.0,Store
1625,P028,2800,2024-05-25,2,257.3,Store
1626,P012,2800,2024-10-08,1,42.8,Online
1627,P092,2800,2025-03-03,5,343.75,Store
1628,P004,2800,2025-07-14,1,95.82,Store
1629,P089,2800,2025-11-18,1,219.9,Store
1630,P073,2800,2026-04-02,2,179.0,Online
1631,P092,2800,2026-08-02,2,137.5,Online
1632,P064,2802,2023-10-23,2,197.5,Online
1633,P078,2802,2024-08-19,1,134.75,Online
1634,P091,2802,2025-06-15,3,149.7,Store
1635,P071,2802,2026-04-02,2,129.8,Store
1636,P099,2803,2025-10-08,1,59.9,Online
1637,P081,2804,2023-05-25,2,85.6,Online
1638,P068,2804,2023-12-26,3,176.85,Online
1639,P085,2804,2024-08-05,1,74.5,Store
1640,P098,2804,2025-03-10,1,63.45,Online
1641,P070,2804,2025-09-26,1,115.6,Online
1642,P032,2804,2026-05-16,2,291.88,Online
1643,P025,2807,2023-08-29,2,199.98,Online
1644,P023,2807,2024-01-06,1,25.5,Store
1645,P078,2807,2024-05-09,2,269.5,Online
1646,P063,2807,2024-09-25,2,89.0,Store
1647,P037,2807,2025-02-13,1,139.8,Online
1648,P038,2807,2025-07-03,3,283.8,Online
1649,P014,2807,2025-11-04,1,124.5,Online
1650,P076,2807,2026-03-12,1,159.9,Online
1651,P003,2807,2026-07-13,2,227.64,Store
1652,P042,2808,2024-07-13,3,220.65,Store
1653,P030,2809,2023-02-03,4,127.6,Online
1654,P060,2811,2023-05-04,1,47.9,Online
1655,P090,2812,2024-05-13,3,538.5,Online
1656,P099,2812,2025-05-01,1,59.9,Online
1657,P087,2812,2026-06-04,5,458.5,Online
1658,P017,2815,2023-10-20,3,68.52,Online
1659,P098,2815,2024-08-19,3,190.35,Online
1660,P014,2815,2025-06-11,2,249.0,Online
1661,P040,2815,2026-04-05,1,82.3,Online
1662,P099,2816,2024-09-07,3,179.7,Store
1663,P012,2817,2023-04-14,1,42.8,Online
1664,P026,2817,2023-10-02,1,64.8,Online
1665,P078,2818,2023-07-02,2,269.5,Online
1666,P077,2820,2023-07-12,3,568.5,Store
1667,P007,2820,2023-12-08,1,52.9,Online
1668,P081,2820,2024-05-10,2,85.6,Online
1669,P069,2820,2024-09-30,1,81.2,Store
1670,P081,2820,2025-02-28,1,42.8,Store
1671,P091,2820,2025-07-31,5,249.5,Online
1672,P080,2820,2025-12-28,3,298.5,Online
1673,P100,2820,2026-05-29,1,94.75,Store
1674,P047,2821,2024-04-22,2,112.14,Online
1675,P067,2821,2024-08-26,2,65.0,Store
1676,P033,2821,2025-01-09,3,382.14,Online
1677,P090,2821,2025-06-04,3,538.5,Store
1678,P063,2821,2025-10-05,4,178.0,Online
1679,P049,2821,2026-02-16,1,73.31,Online
1680,P003,2821,2026-06-27,1,113.82,Online
1681,P088,2823,2024-08-19,3,317.55,Online
1682,P020,2823,2025-01-15,3,331.77,Store
1683,P085,2823,2025-06-20,1,74.5,Store
1684,P035,2823,2025-11-06,3,118.65,Online
1685,P032,2823,2026-04-30,3,437.82,Store
1686,P072,2824,2023-05-31,1,72.35,Online
1687,P088,2824,2024-02-29,2,211.7,Store
1688,P003,2825,2023-07-04,2,227.64,Online
1689,P087,2827,2024-02-28,1,91.7,Store
1690,P022,2828,2025-08-18,2,239.8,Online
1691,P053,2829,2023-03-27,2,119.6,Store
1692,P016,2830,2025-04-06,3,108.18,Online
1693,P061,2831,2023-10-02,1,69.95,Store
1694,P071,2832,2025-06-08,1,64.9,Online
1695,P078,2833,2024-12-27,1,134.75,Online
1696,P021,2833,2025-08-01,1,87.45,Online
1697,P066,2833,2026-02-21,1,36.9,Online
1698,P017,2834,2023-07-25,2,45.68,Online
1699,P079,2834,2024-03-12,3,239.7,Online
1700,P096,2834,2024-11-03,1,38.9,Store
1701,P007,2834,2025-06-08,2,105.8,Online
1702,P100,2834,2026-02-04,1,94.75,Online
1703,P010,2835,2024-07-01,3,269.97,Online
1704,P100,2835,2025-06-02,1,94.75,Store
1705,P043,2835,2026-04-19,2,216.8,Online
1706,P035,2837,2023-04-16,1,39.55,Online
1707,P093,2838,2024-05-23,1,79.95,Store
1708,P039,2838,2025-07-18,3,470.25,Online
1709,P013,2839,2023-06-09,1,83.6,Store
1710,P005,2840,2024-05-07,1,36.06,Online
1711,P051,2840,2024-12-16,2,259.8,Online
1712,P087,2841,2023-10-15,1,91.7,Store
1713,P098,2841,2025-01-22,1,63.45,Online
1714,P066,2841,2026-04-11,1,36.9,Store
1715,P004,2842,2025-03-27,1,95.82,Store
1716,P094,2842,2026-07-27,2,109.6,Online
1717,P022,2843,2024-08-28,4,479.6,Online
1718,P057,2843,2025-12-03,3,154.2,Online
1719,P054,2845,2025-01-23,2,154.5,Online
1720,P013,2845,2025-10-01,1,83.6,Store
1721,P094,2845,2026-07-03,1,54.8,Online
1722,P008,2846,2024-03-11,3,146.25,Online
1723,P091,2847,2024-09-06,1,49.9,Online
1724,P050,2847,2026-03-26,1,54.32,Online
1725,P084,2848,2024-09-02,3,509.4,Online
1726,P030,2849,2023-07-28,1,31.9,Online
1727,P069,2850,2023-07-14,3,243.6,Online
1728,P047,2852,2023-05-26,2,112.14,Store
1729,P039,2852,2024-01-19,2,313.5,Online
1730,P026,2852,2024-09-19,2,129.6,Store
1731,P028,2852,2025-06-01,3,385.95,Online
1732,P092,2852,2026-01-08,1,68.75,Online
1733,P046,2852,2026-08-23,1,39.76,Online
1734,P072,2853,2024-10-05,2,144.7,Online
1735,P034,2853,2025-09-03,1,43.67,Store
1736,P043,2853,2026-07-25,2,216.8,Store
1737,P039,2854,2024-09-06,3,470.25,Online
1738,P063,2854,2025-10-30,2,89.0,Online
1739,P078,2855,2024-12-02,1,134.75,Store
1740,P068,2858,2024-05-10,1,58.95,Store
1741,P022,2858,2024-10-14,3,359.7,Online
1742,P075,2858,2025-03-07,3,307.2,Store
1743,P072,2858,2025-08-03,2,144.7,Online
1744,P041,2858,2026-01-10,3,356.7,Online
1745,P012,2858,2026-06-01,2,85.6,Online
1746,P002,2860,2024-04-10,1,143.35,Online
1747,P032,2860,2025-10-25,2,291.88,Store
1748,P064,2861,2023-04-04,2,197.5,Online
1749,P020,2862,2023-12-16,1,110.59,Online
1750,P067,2862,2024-09-28,3,97.5,Online
1751,P026,2862,2025-07-16,3,194.4,Online
1752,P037,2862,2026-04-19,3,419.4,Store
1753,P083,2863,2023-09-15,3,437.7,Store
1754,P070,2863,2024-06-01,1,115.6,Store
1755,P055,2863,2025-02-13,3,136.8,Online
1756,P030,2863,2025-10-22,1,31.9,Store
1757,P027,2863,2026-05-30,1,105.3,Online
1758,P091,2865,2023-08-08,1,49.9,Store
1759,P070,2865,2024-01-31,1,115.6,Online
1760,P047,2866,2024-06-12,1,56.07,Store
1761,P029,2866,2026-02-11,1,76.4,Online
1762,P077,2868,2023-06-28,4,758.0,Online
1763,P088,2868,2024-03-27,3,317.55,Store
1764,P019,2869,2024-06-09,1,96.15,Store
1765,P031,2869,2025-08-31,1,17.78,Online
1766,P039,2870,2023-06-04,3,470.25,Online
1767,P097,2870,2024-03-30,4,290.4,Store
1768,P096,2870,2025-01-31,1,38.9,Store
1769,P041,2870,2025-10-21,2,237.8,Store
1770,P081,2870,2026-08-04,1,42.8,Store
1771,P029,2871,2023-07-08,2,152.8,Online
1772,P014,2872,2023-07-23,1,124.5,Store
1773,P001,2872,2023-12-04,1,65.56,Store
1774,P069,2872,2024-04-19,3,243.6,Online
1775,P062,2872,2024-09-08,2,79.8,Store
1776,P016,2872,2025-01-22,1,36.06,Online
1777,P018,2872,2025-06-03,2,263.86,Online
1778,P051,2872,2025-10-09,5,649.5,Online
1779,P036,2872,2026-02-21,2,224.9,Online
1780,P056,2872,2026-07-07,1,92.75,Store
1781,P070,2873,2024-06-06,1,115.6,Store
1782,P052,2873,2025-04-04,1,68.45,Online
1783,P055,2873,2026-01-04,2,91.2,Store
1784,P078,2874,2023-11-15,1,134.75,Online
1785,P049,2874,2024-06-30,3,219.93,Online
1786,P016,2875,2023-09-11,2,72.12,Store
1787,P060,2875,2024-11-18,2,95.8,Store
1788,P003,2875,2026-03-27,1,113.82,Online
1789,P070,2876,2023-09-23,1,115.6,Online
1790,P018,2877,2024-05-21,3,395.79,Online
1791,P081,2877,2025-02-12,2,85.6,Online
1792,P033,2877,2025-10-13,1,127.38,Store
1793,P058,2877,2026-07-03,2,209.8,Online
1794,P019,2879,2024-09-14,2,192.3,Online
1795,P063,2880,2024-09-12,2,89.0,Online
1796,P057,2881,2023-11-10,2,102.8,Online
1797,P058,2881,2025-06-25,3,314.7,Online
1798,P053,2882,2024-09-24,1,59.8,Online
1799,P083,2884,2024-01-04,3,437.7,Online
1800,P058,2884,2025-07-27,2,209.8,Online
1801,P051,2886,2024-03-30,4,519.6,Store
1802,P054,2886,2024-09-23,1,77.25,Online
1803,P088,2887,2025-05-26,1,105.85,Online
1804,P023,2888,2023-07-21,2,51.0,Store
1805,P073,2888,2025-01-20,1,89.5,Store
1806,P083,2888,2026-04-25,3,437.7,Store
1807,P089,2889,2024-07-31,2,439.8,Online
1808,P088,2890,2024-07-14,4,423.4,Online
1809,P011,2890,2025-03-19,2,122.7,Store
1810,P001,2890,2025-11-21,2,131.12,Online
1811,P024,2890,2026-08-24,4,543.0,Online
1812,P034,2891,2023-05-17,4,174.68,Online
1813,P033,2891,2023-12-26,1,127.38,Online
1814,P079,2892,2023-10-03,3,239.7,Online
1815,P077,2892,2024-11-18,2,379.0,Online
1816,P069,2892,2026-04-07,3,243.6,Store
1817,P046,2894,2024-10-11,1,39.76,Online
1818,P002,2894,2025-01-28,1,143.35,Online
1819,P023,2894,2025-06-16,1,25.5,Store
1820,P069,2894,2025-10-31,1,81.2,Online
1821,P027,2894,2026-03-08,1,105.3,Store
1822,P050,2894,2026-07-29,3,162.96,Online
1823,P041,2895,2025-04-10,1,118.9,Store
1824,P091,2895,2026-01-01,2,99.8,Online
1825,P072,2896,2024-03-23,1,72.35,Online
1826,P002,2896,2025-02-09,1,143.35,Store
1827,P006,2896,2026-01-10,5,392.25,Online
1828,P092,2897,2024-03-21,1,68.75,Online
1829,P070,2897,2025-01-02,2,231.2,Online
1830,P079,2897,2025-10-10,2,159.8,Online
1831,P037,2897,2026-08-09,2,279.6,Online
1832,P048,2898,2024-06-04,2,171.68,Online
1833,P009,2899,2023-10-21,1,72.4,Online
1834,P033,2900,2024-08-02,3,382.14,Online
1835,P021,2900,2025-03-13,1,87.45,Store
1836,P058,2900,2025-10-13,2,209.8,Store
1837,P066,2900,2026-05-11,3,110.7,Online
1838,P051,2901,2025-08-01,1,129.9,Online
1839,P056,2902,2024-08-13,1,92.75,Online
1840,P075,2903,2024-07-19,1,102.4,Online
1841,P068,2904,2023-04-22,3,176.85,Online
1842,P023,2904,2023-10-26,3,76.5,Online
1843,P064,2907,2024-04-23,1,98.75,Store
1844,P006,2907,2025-08-14,1,78.45,Online
1845,P049,2908,2024-09-24,1,73.31,Online
1846,P014,2908,2025-05-01,2,249.0,Online
1847,P075,2909,2024-07-02,4,409.6,Online
1848,P078,2909,2025-04-24,2,269.5,Online
1849,P020,2909,2026-02-12,1,110.59,Store
1850,P021,2910,2025-06-06,1,87.45,Store
1851,P063,2912,2024-06-23,2,89.0,Store
1852,P032,2912,2025-07-29,1,145.94,Store
1853,P076,2913,2024-11-09,2,319.8,Online
1854,P019,2913,2026-06-30,4,384.6,Online
1855,P029,2914,2024-08-26,2,152.8,Online
1856,P001,2914,2025-05-08,1,65.56,Online
1857,P075,2914,2026-02-09,1,102.4,Store
1858,P081,2915,2024-04-07,1,42.8,Online
1859,P042,2915,2024-12-09,2,147.1,Online
1860,P073,2915,2025-08-15,3,268.5,Store
1861,P080,2915,2026-04-16,3,298.5,Online
1862,P039,2916,2024-09-08,1,156.75,Online
1863,P071,2919,2023-07-19,4,259.6,Store
1864,P033,2919,2024-02-28,2,254.76,Online
1865,P044,2919,2024-10-17,2,299.98,Online
1866,P037,2919,2025-06-01,3,419.4,Store
1867,P097,2919,2026-01-03,3,217.8,Store
1868,P072,2920,2025-03-05,2,144.7,Store
1869,P012,2920,2025-12-26,3,128.4,Online
1870,P088,2921,2024-12-26,1,105.85,Store
1871,P030,2922,2023-08-15,4,127.6,Store
1872,P064,2922,2024-01-04,1,98.75,Online
1873,P055,2922,2024-05-19,1,45.6,Store
1874,P075,2922,2024-09-19,1,102.4,Online
1875,P012,2922,2025-01-11,2,85.6,Online
1876,P054,2922,2025-05-22,2,154.5,Online
1877,P030,2922,2025-10-12,2,63.8,Online
1878,P082,2922,2026-02-24,1,35.6,Store
1879,P081,2922,2026-07-11,2,85.6,Store
1880,P026,2923,2024-05-29,1,64.8,Online
1881,P039,2924,2025-01-12,3,470.25,Store
1882,P076,2924,2026-02-21,5,799.5,Online
1883,P010,2926,2023-11-13,3,269.97,Online
1884,P095,2926,2024-08-14,1,45.5,Online
1885,P055,2926,2025-05-29,3,136.8,Online
1886,P010,2926,2026-02-27,3,269.97,Store
1887,P065,2927,2025-01-31,1,74.8,Online
1888,P057,2927,2026-06-10,1,51.4,Store
1889,P022,2928,2024-10-14,3,359.7,Online
1890,P074,2928,2026-01-23,1,67.75,Online
1891,P045,2929,2024-12-31,5,339.25,Online
1892,P041,2929,2025-07-23,2,237.8,Online
1893,P083,2930,2024-03-08,2,291.8,Online
1894,P025,2930,2025-05-08,1,99.99,Store
1895,P037,2930,2026-06-27,3,419.4,Online
1896,P100,2931,2024-11-05,1,94.75,Online
1897,P091,2931,2026-03-17,1,49.9,Online
1898,P016,2932,2023-11-14,2,72.12,Online
1899,P054,2933,2024-04-13,3,231.75,Online
1900,P031,2934,2024-01-22,5,88.9,Store
1901,P052,2934,2024-06-10,1,68.45,Online
1902,P014,2934,2024-10-21,4,498.0,Online
1903,P044,2934,2025-03-01,1,149.99,Store
1904,P076,2934,2025-07-11,2,319.8,Online
1905,P075,2934,2025-11-16,1,102.4,Online
1906,P077,2934,2026-03-17,3,568.5,Online
1907,P020,2934,2026-08-08,2,221.18,Online
1908,P074,2935,2024-10-05,2,135.5,Store
1909,P080,2935,2025-07-20,2,199.0,Online
1910,P095,2935,2026-04-18,1,45.5,Store
1911,P095,2936,2023-08-30,1,45.5,Online
1912,P091,2936,2024-05-15,1,49.9,Store
1913,P096,2936,2025-01-16,3,116.7,Online
1914,P090,2936,2025-10-16,1,179.5,Store
1915,P057,2936,2026-07-18,2,102.8,Online
1916,P052,2937,2024-01-03,3,205.35,Store
1917,P019,2937,2024-09-14,5,480.75,Online
1918,P094,2938,2023-10-28,3,164.4,Store
1919,P045,2938,2024-06-22,3,203.55,Online
1920,P065,2938,2025-02-23,2,149.6,Online
1921,P058,2938,2025-10-09,1,104.9,Store
1922,P045,2938,2026-05-29,1,67.85,Store
1923,P085,2939,2024-02-09,1,74.5,Online
1924,P082,2939,2025-01-03,3,106.8,Online
1925,P018,2939,2025-10-29,3,395.79,Online
1926,P052,2940,2023-07-26,3,205.35,Store
1927,P082,2941,2024-11-22,1,35.6,Online
1928,P031,2941,2026-03-08,1,17.78,Store
1929,P063,2942,2024-02-03,1,44.5,Online
1930,P009,2942,2024-06-14,2,144.8,Store
1931,P004,2942,2024-10-06,2,191.64,Online
1932,P004,2942,2025-01-23,1,95.82,Store
1933,P006,2942,2025-05-15,1,78.45,Online
1934,P073,2942,2025-09-07,2,179.0,Store
1935,P001,2942,2026-01-05,2,131.12,Online
1936,P084,2942,2026-05-07,4,679.2,Online
1937,P081,2942,2026-08-23,2,85.6,Online
1938,P004,2945,2025-09-14,3,287.46,Store
1939,P010,2946,2023-01-23,1,89.99,Online
1940,P076,2946,2023-07-15,1,159.9,Online
1941,P050,2946,2023-12-18,1,54.32,Store
1942,P009,2946,2024-06-15,2,144.8,Online
1943,P029,2946,2024-11-07,2,152.8,Online
1944,P066,2946,2025-05-20,1,36.9,Online
1945,P011,2946,2025-10-21,1,61.35,Online
1946,P061,2946,2026-04-13,1,69.95,Online
1947,P049,2947,2023-09-16,1,73.31,Online
1948,P021,2947,2024-06-21,2,174.9,Store
1949,P021,2947,2025-04-27,1,87.45,Store
1950,P014,2947,2026-02-09,2,249.0,Store
1951,P046,2948,2024-08-28,2,79.52,Store
1952,P084,2949,2023-08-18,4,679.2,Online
1953,P014,2950,2023-09-27,2,249.0,Store
1954,P061,2951,2023-07-25,2,139.9,Online
1955,P046,2952,2023-12-25,1,39.76,Store
1956,P028,2952,2024-09-14,4,514.6,Online
1957,P037,2952,2025-05-14,1,139.8,Store
1958,P078,2952,2026-02-21,4,539.0,Online
1959,P073,2953,2024-03-24,1,89.5,Store
1960,P053,2954,2024-08-10,3,179.4,Online
1961,P079,2954,2025-01-31,1,79.9,Online
1962,P048,2954,2025-08-01,1,85.84,Online
1963,P072,2954,2026-02-07,1,72.35,Online
1964,P027,2954,2026-08-01,2,210.6,Online
1965,P012,2955,2023-03-21,3,128.4,Online
1966,P091,2957,2023-12-03,2,99.8,Online
1967,P031,2957,2024-07-30,1,17.78,Online
1968,P030,2957,2025-03-21,1,31.9,Online
1969,P033,2957,2025-11-24,1,127.38,Online
1970,P086,2957,2026-07-25,3,266.85,Online
1971,P091,2958,2023-01-07,1,49.9,Online
1972,P092,2958,2024-05-02,1,68.75,Online
1973,P050,2958,2025-09-29,1,54.32,Online
1974,P015,2959,2024-06-22,1,91.25,Online
1975,P085,2959,2024-10-31,1,74.5,Online
1976,P057,2959,2025-03-10,3,154.2,Store
1977,P094,2959,2025-07-26,1,54.8,Online
1978,P003,2959,2025-12-10,2,227.64,Online
1979,P092,2959,2026-05-08,3,206.25,Online
1980,P007,2960,2023-06-17,2,105.8,Store
1981,P090,2961,2024-03-19,1,179.5,Store
1982,P054,2961,2024-11-04,1,77.25,Store
1983,P025,2962,2023-08-30,4,399.96,Online
1984,P055,2962,2024-04-14,1,45.6,Online
1985,P059,2963,2023-11-28,5,173.75,Online
1986,P041,2963,2025-06-07,1,118.9,Store
1987,P088,2964,2024-01-19,1,105.85,Store
1988,P054,2966,2024-09-11,2,154.5,Store
1989,P082,2966,2025-02-26,5,178.0,Online
1990,P026,2966,2025-08-30,3,194.4,Online
1991,P095,2966,2026-02-17,1,45.5,Store
1992,P040,2966,2026-07-31,1,82.3,Online
1993,P055,2969,2024-09-16,4,182.4,Store
1994,P091,2969,2026-02-21,1,49.9,Store
1995,P076,2970,2023-08-19,1,159.9,Online
1996,P098,2971,2023-09-01,2,126.9,Online
1997,P054,2975,2025-06-14,3,231.75,Online
1998,P035,2976,2024-02-02,1,39.55,Store
1999,P024,2976,2025-08-22,1,135.75,Store
2000,P061,2979,2025-01-12,1,69.95,Store
2001,P085,2979,2026-06-13,1,74.5,Online
2002,P049,2980,2023-08-30,2,146.62,Online
2003,P069,2980,2024-06-21,1,81.2,Store
2004,P076,2980,2025-05-02,2,319.8,Online
2005,P067,2980,2026-02-24,5,162.5,Store
2006,P009,2981,2025-02-27,2,144.8,Store
2007,P025,2981,2025-11-28,2,199.98,Store
2008,P040,2981,2026-08-25,1,82.3,Online
2009,P100,2982,2024-04-17,1,94.75,Online
2010,P091,2984,2024-03-01,2,99.8,Online
2011,P075,2985,2024-07-23,2,204.8,Online
2012,P090,2985,2026-03-16,1,179.5,Online
2013,P070,2986,2024-09-02,3,346.8,Online
2014,P012,2986,2025-02-08,1,42.8,Online
2015,P038,2986,2025-07-21,1,94.6,Store
2016,P067,2986,2026-01-22,5,162.5,Store
2017,P077,2986,2026-07-06,1,189.5,Store
2018,P075,2987,2024-09-20,1,102.4,Store
2019,P006,2987,2026-01-01,1,78.45,Online
2020,P100,2989,2024-07-25,1,94.75,Online
2021,P054,2990,2024-05-30,2,154.5,Store
2022,P079,2990,2025-10-17,1,79.9,Store
2023,P044,2991,2023-07-01,3,449.97,Online
2024,P097,2993,2025-12-04,1,72.6,Online
2025,P030,2994,2024-12-23,1,31.9,Online
2026,P053,2994,2026-04-27,1,59.8,Online
2027,P056,2995,2023-12-28,2,185.5,Store
2028,P072,2997,2023-12-29,2,144.7,Store
2029,P050,2998,2024-02-26,2,108.64,Online
2030,P036,2998,2024-08-13,2,224.9,Store
2031,P021,2998,2025-01-19,1,87.45,Store
2032,P049,2998,2025-06-20,5,366.55,Online
2033,P026,2998,2025-12-07,2,129.6,Online
2034,P035,2998,2026-05-20,1,39.55,Online
2035,P042,3000,2024-01-20,2,147.1,Online
2036,P073,3000,2024-08-31,1,89.5,Store
2037,P092,3001,2023-09-28,1,68.75,Store
2038,P096,3001,2024-08-02,1,38.9,Online
2039,P095,3001,2025-07-04,2,91.0,Online
2040,P083,3001,2026-04-23,1,145.9,Store
2041,P007,3002,2023-12-13,3,158.7,Store
2042,P049,3002,2024-07-02,2,146.62,Online
2043,P026,3003,2024-04-19,1,64.8,Online
2044,P076,3003,2025-01-04,2,319.8,Online
2045,P032,3003,2025-10-10,1,145.94,Online
2046,P047,3003,2026-06-07,2,112.14,Online
2047,P089,3004,2023-05-12,2,439.8,Online
2048,P035,3006,2025-03-31,1,39.55,Store
2049,P100,3006,2025-12-04,1,94.75,Store
2050,P079,3007,2024-12-16,1,79.9,Online
2051,P037,3010,2024-11-07,3,419.4,Store
2052,P069,3010,2025-05-17,3,243.6,Store
2053,P024,3013,2024-03-29,4,543.0,Online
2054,P059,3013,2025-12-04,1,34.75,Online
2055,P022,3014,2024-07-08,2,239.8,Online
2056,P067,3017,2024-07-17,3,97.5,Online
2057,P054,3019,2023-09-24,1,77.25,Online
2058,P071,3019,2024-04-09,2,129.8,Online
2059,P079,3020,2024-03-10,3,239.7,Online
2060,P002,3021,2023-04-07,1,143.35,Online
2061,P070,3023,2023-04-13,2,231.2,Online
2062,P089,3023,2023-12-22,3,659.7,Online
2063,P098,3023,2024-08-25,1,63.45,Online
2064,P077,3023,2025-05-24,4,758.0,Online
2065,P081,3023,2026-02-22,1,42.8,Store
2066,P019,3024,2024-09-12,1,96.15,Online
2067,P047,3024,2025-12-07,3,168.21,Store
2068,P051,3025,2024-06-23,2,259.8,Online
2069,P022,3026,2023-09-17,1,119.9,Online
2070,P006,3027,2023-07-12,1,78.45,Online
2071,P028,3028,2023-12-31,2,257.3,Online
2072,P044,3028,2024-11-16,3,449.97,Online
2073,P048,3028,2025-09-18,1,85.84,Online
2074,P016,3028,2026-06-08,3,108.18,Store
2075,P057,3029,2024-07-04,4,205.6,Store
2076,P029,3029,2025-03-16,3,229.2,Online
2077,P011,3029,2025-12-02,1,61.35,Store
2078,P011,3029,2026-07-31,1,61.35,Online
2079,P031,3030,2023-06-02,1,17.78,Online
2080,P100,3030,2024-07-26,1,94.75,Online
2081,P011,3030,2025-10-17,2,122.7,Store
2082,P100,3031,2023-10-05,1,94.75,Online
2083,P067,3033,2024-05-12,2,65.0,Online
2084,P035,3034,2023-08-29,2,79.1,Store
2085,P036,3034,2024-02-21,3,337.35,Online
2086,P055,3034,2024-08-09,1,45.6,Online
2087,P068,3034,2025-02-03,2,117.9,Online
2088,P084,3034,2025-08-08,1,169.8,Online
2089,P034,3034,2026-02-07,1,43.67,Online
2090,P034,3034,2026-07-28,2,87.34,Online
2091,P017,3035,2023-07-05,1,22.84,Online
2092,P075,3037,2024-09-08,1,102.4,Online
2093,P065,3037,2025-07-18,2,149.6,Store
2094,P017,3037,2026-05-29,1,22.84,Online
2095,P072,3038,2024-09-11,1,72.35,Online
2096,P072,3039,2025-07-04,2,144.7,Online
2097,P091,3040,2024-10-29,1,49.9,Store
2098,P035,3040,2025-05-31,3,118.65,Online
2099,P041,3041,2024-04-10,2,237.8,Store
2100,P005,3041,2025-09-13,1,36.06,Store
2101,P098,3042,2023-08-05,1,63.45,Online
2102,P041,3042,2024-03-03,3,356.7,Online
2103,P062,3044,2024-03-05,1,39.9,Online
2104,P042,3044,2025-08-10,3,220.65,Online
2105,P041,3045,2023-05-12,2,237.8,Store
2106,P056,3046,2023-10-08,1,92.75,Store
2107,P004,3046,2024-04-27,1,95.82,Store
2108,P036,3046,2024-12-05,2,224.9,Online
2109,P015,3046,2025-07-17,2,182.5,Online
2110,P085,3046,2026-02-15,1,74.5,Store
2111,P057,3047,2023-07-07,1,51.4,Online
2112,P060,3047,2023-10-31,2,95.8,Online
2113,P052,3047,2024-02-29,2,136.9,Online
2114,P092,3047,2024-06-29,1,68.75,Online
2115,P092,3047,2024-11-11,1,68.75,Online
2116,P061,3047,2025-03-17,1,69.95,Online
2117,P012,3047,2025-07-14,2,85.6,Store
2118,P094,3047,2025-11-18,4,219.2,Online
2119,P079,3047,2026-03-16,2,159.8,Store
2120,P094,3047,2026-07-23,2,109.6,Store
2121,P026,3048,2024-07-21,2,129.6,Online
2122,P089,3048,2024-12-06,2,439.8,Store
2123,P028,3048,2025-04-14,3,385.95,Online
2124,P068,3048,2025-08-17,1,58.95,Store
2125,P037,3048,2026-01-01,3,419.4,Store
2126,P017,3048,2026-05-04,3,68.52,Store
2127,P043,3049,2025-05-20,2,216.8,Online
2128,P066,3049,2026-03-11,1,36.9,Store
2129,P095,3050,2023-06-16,1,45.5,Online
2130,P060,3050,2024-07-23,1,47.9,Online
2131,P009,3050,2025-08-23,1,72.4,Online
2132,P071,3051,2024-08-23,1,64.9,Online
2133,P035,3051,2025-11-18,2,79.1,Online
2134,P038,3053,2024-04-27,2,189.2,Online
2135,P070,3053,2024-11-23,1,115.6,Store
2136,P064,3054,2025-04-19,2,197.5,Online
2137,P094,3054,2025-12-10,2,109.6,Online
2138,P004,3054,2026-08-29,3,287.46,Online
2139,P014,3055,2024-04-25,2,249.0,Online
2140,P051,3055,2025-03-10,3,389.7,Store
2141,P084,3055,2026-01-08,3,509.4,Online
2142,P022,3056,2024-03-18,3,359.7,Store
2143,P039,3057,2023-07-02,2,313.5,Store
2144,P070,3057,2025-03-06,1,115.6,Online
2145,P033,3058,2024-04-29,2,254.76,Store
2146,P071,3059,2025-04-28,3,194.7,Online
2147,P074,3059,2026-02-13,5,338.75,Online
2148,P011,3060,2023-01-31,2,122.7,Online
2149,P058,3061,2024-08-08,1,104.9,Online
2150,P049,3061,2025-01-03,3,219.93,Store
2151,P070,3061,2025-07-26,1,115.6,Online
2152,P075,3061,2026-01-23,5,512.0,Online
2153,P020,3061,2026-07-24,1,110.59,Store
2154,P004,3062,2023-12-18,4,383.28,Online
2155,P086,3062,2024-05-18,1,88.95,Store
2156,P040,3062,2024-10-12,2,164.6,Store
2157,P008,3062,2025-03-02,3,146.25,Store
2158,P028,3062,2025-07-27,1,128.65,Online
2159,P094,3062,2025-12-17,1,54.8,Online
2160,P084,3062,2026-05-17,1,169.8,Online
2161,P086,3063,2024-02-21,3,266.85,Store
2162,P090,3063,2024-10-11,1,179.5,Store
2163,P012,3063,2025-08-04,2,85.6,Online
2164,P078,3063,2026-06-05,2,269.5,Online
2165,P019,3064,2023-10-20,3,288.45,Online
2166,P050,3065,2023-03-03,1,54.32,Online
2167,P010,3065,2023-11-11,2,179.98,Store
2168,P098,3065,2024-07-12,2,126.9,Store
2169,P064,3065,2025-02-21,1,98.75,Online
2170,P054,3065,2025-10-03,2,154.5,Online
2171,P055,3065,2026-06-05,5,228.0,Online
2172,P053,3066,2023-11-26,3,179.4,Online
2173,P061,3068,2023-11-13,2,139.9,Store
2174,P090,3069,2023-09-20,4,718.0,Online
2175,P093,3071,2024-02-12,4,319.8,Online
2176,P037,3072,2023-10-18,2,279.6,Store
2177,P069,3072,2024-06-19,2,162.4,Online
2178,P034,3073,2023-03-11,2,87.34,Store
2179,P006,3073,2023-11-13,2,156.9,Online
2180,P020,3073,2024-07-14,1,110.59,Online
2181,P065,3073,2025-02-06,1,74.8,Store
2182,P083,3073,2025-09-08,5,729.5,Store
2183,P035,3073,2026-05-05,2,79.1,Online
2184,P082,3074,2023-10-24,3,106.8,Online
2185,P031,3074,2024-06-02,1,17.78,Online
2186,P085,3074,2025-01-24,2,149.0,Online
2187,P076,3074,2025-10-07,2,319.8,Online
2188,P025,3074,2026-06-25,3,299.97,Online
2189,P097,3075,2024-05-27,1,72.6,Online
2190,P063,3075,2025-02-10,3,133.5,Online
2191,P041,3075,2025-11-14,1,118.9,Online
2192,P095,3075,2026-08-08,1,45.5,Store
2193,P037,3076,2024-02-10,2,279.6,Store
2194,P087,3077,2023-10-21,2,183.4,Online
2195,P077,3077,2025-01-13,2,379.0,Online
2196,P086,3077,2026-02-15,1,88.95,Online
2197,P007,3078,2024-05-28,1,52.9,Online
2198,P051,3078,2024-11-29,3,389.7,Store
2199,P081,3079,2023-02-17,3,128.4,Store
2200,P022,3080,2024-09-08,4,479.6,Online
2201,P068,3080,2026-05-30,2,117.9,Online
2202,P065,3081,2024-03-30,3,224.4,Online
2203,P022,3081,2025-06-03,1,119.9,Online
2204,P050,3082,2025-02-14,1,54.32,Online
2205,P001,3082,2025-11-16,1,65.56,Online
2206,P021,3084,2024-01-03,1,87.45,Online
2207,P013,3085,2023-04-29,1,83.6,Store
2208,P002,3087,2023-05-20,1,143.35,Store
2209,P024,3088,2023-09-04,4,543.0,Online
2210,P047,3090,2024-03-31,1,56.07,Online
2211,P085,3090,2025-04-24,1,74.5,Online
2212,P063,3090,2026-06-03,2,89.0,Store
2213,P088,3091,2023-07-06,1,105.85,Online
2214,P065,3094,2024-03-31,1,74.8,Online
2215,P059,3095,2024-08-06,2,69.5,Online
2216,P060,3095,2024-12-26,1,47.9,Online
2217,P040,3095,2025-05-08,3,246.9,Online
2218,P063,3095,2025-10-16,3,133.5,Online
2219,P095,3095,2026-03-23,3,136.5,Online
2220,P063,3095,2026-08-05,2,89.0,Store
2221,P059,3096,2024-10-03,5,173.75,Online
2222,P099,3096,2026-02-08,3,179.7,Store
2223,P020,3098,2024-05-09,2,221.18,Online
2224,P061,3098,2025-02-14,3,209.85,Online
2225,P041,3099,2025-04-11,3,356.7,Online
2226,P040,3099,2025-12-28,1,82.3,Online
2227,P042,3100,2024-01-13,3,220.65,Store
2228,P026,3101,2024-05-29,1,64.8,Store
2229,P061,3101,2025-10-28,2,139.9,Store
2230,P050,3102,2024-04-14,1,54.32,Online
2231,P073,3102,2024-09-15,2,179.0,Store
2232,P051,3102,2025-02-13,5,649.5,Store
2233,P062,3102,2025-07-11,2,79.8,Online
2234,P078,3102,2025-12-04,3,404.25,Store
2235,P062,3102,2026-05-02,3,119.7,Store
2236,P037,3103,2023-07-28,1,139.8,Online
2237,P010,3103,2024-03-28,4,359.96,Store
2238,P086,3104,2024-02-19,1,88.95,Store
2239,P054,3104,2024-11-23,2,154.5,Store
2240,P074,3104,2025-08-28,1,67.75,Online
2241,P077,3104,2026-05-13,2,379.0,Store
2242,P070,3106,2025-10-26,1,115.6,Online
2243,P001,3107,2024-11-10,4,262.24,Online
2244,P088,3107,2025-05-06,3,317.55,Online
2245,P090,3107,2025-10-14,1,179.5,Store
2246,P003,3107,2026-04-01,1,113.82,Online
2247,P029,3108,2023-08-16,3,229.2,Online
2248,P040,3108,2025-04-24,3,246.9,Store
2249,P021,3111,2024-07-20,2,174.9,Store
2250,P075,3111,2025-01-05,2,204.8,Online
2251,P099,3111,2025-07-11,1,59.9,Online
2252,P028,3111,2026-01-11,1,128.65,Online
2253,P027,3111,2026-07-09,4,421.2,Online
2254,P049,3112,2025-01-23,3,219.93,Online
2255,P097,3112,2025-09-25,2,145.2,Online
2256,P079,3112,2026-05-10,1,79.9,Online
2257,P013,3113,2024-11-28,3,250.8,Store
2258,P013,3113,2026-03-15,1,83.6,Online
2259,P081,3114,2025-03-26,1,42.8,Online
2260,P036,3114,2026-06-27,1,112.45,Online
2261,P013,3115,2024-09-13,1,83.6,Online
2262,P066,3115,2025-06-06,1,36.9,Online
2263,P012,3115,2025-12-27,2,85.6,Online
2264,P073,3116,2024-11-29,5,447.5,Store
2265,P045,3116,2025-07-29,5,339.25,Online
2266,P092,3117,2024-03-18,2,137.5,Online
2267,P070,3117,2025-07-05,1,115.6,Store
2268,P014,3119,2023-06-21,2,249.0,Online
2269,P015,3119,2024-03-21,2,182.5,Store
2270,P082,3119,2024-12-31,1,35.6,Online
2271,P083,3119,2025-09-16,2,291.8,Online
2272,P045,3119,2026-06-17,2,135.7,Online
2273,P059,3121,2023-07-01,1,34.75,Online
2274,P005,3121,2023-12-03,1,36.06,Store
2275,P030,3121,2024-04-29,3,95.7,Online
2276,P092,3121,2024-09-19,2,137.5,Online
2277,P010,3121,2025-02-04,3,269.97,Online
2278,P087,3121,2025-06-19,1,91.7,Online
2279,P099,3121,2025-10-30,1,59.9,Online
2280,P054,3121,2026-04-04,4,309.0,Store
2281,P019,3121,2026-08-14,2,192.3,Online
2282,P079,3122,2024-12-18,3,239.7,Online
2283,P004,3123,2024-12-08,5,479.1,Online
2284,P013,3123,2026-05-25,2,167.2,Online
2285,P034,3124,2023-12-30,1,43.67,Store
2286,P032,3124,2024-07-04,1,145.94,Online
2287,P017,3125,2024-07-15,3,68.52,Store
2288,P033,3125,2025-02-21,3,382.14,Store
2289,P078,3125,2025-10-11,3,404.25,Store
2290,P054,3125,2026-06-04,2,154.5,Store
2291,P037,3126,2023-05-01,1,139.8,Store
2292,P088,3128,2024-01-25,1,105.85,Store
2293,P040,3128,2025-09-26,1,82.3,Online
2294,P069,3130,2025-04-05,1,81.2,Online
2295,P069,3131,2024-03-23,1,81.2,Store
2296,P014,3133,2024-03-27,3,373.5,Online
2297,P043,3135,2024-08-13,2,216.8,Online
2298,P074,3135,2025-04-18,4,271.0,Online
2299,P067,3135,2025-12-15,5,162.5,Online
2300,P064,3135,2026-08-27,2,197.5,Online
2301,P006,3136,2024-10-10,1,78.45,Store
2302,P093,3137,2023-07-25,2,159.9,Online
2303,P082,3138,2023-04-26,2,71.2,Online
2304,P084,3139,2024-10-29,1,169.8,Online
2305,P072,3139,2026-05-01,1,72.35,Store
2306,P023,3140,2024-08-30,1,25.5,Store
2307,P093,3141,2024-07-11,3,239.85,Online
2308,P099,3141,2025-02-15,2,119.8,Store
2309,P072,3142,2024-05-04,2,144.7,Store
2310,P020,3143,2024-11-16,1,110.59,Store
2311,P030,3146,2025-03-16,2,63.8,Store
2312,P051,3146,2026-06-24,2,259.8,Online
2313,P079,3149,2023-07-11,1,79.9,Store
2314,P033,3150,2024-03-26,1,127.38,Online
2315,P012,3151,2023-12-01,2,85.6,Online
2316,P088,3151,2024-05-01,2,211.7,Online
2317,P084,3151,2024-10-11,3,509.4,Online
2318,P041,3151,2025-03-07,1,118.9,Store
2319,P039,3151,2025-08-07,1,156.75,Store
2320,P030,3151,2026-01-02,1,31.9,Online
2321,P086,3151,2026-06-08,1,88.95,Online
2322,P038,3153,2023-11-04,1,94.6,Online
2323,P092,3153,2024-07-21,1,68.75,Store
2324,P082,3153,2025-03-25,1,35.6,Online
2325,P073,3153,2025-12-02,2,179.0,Store
2326,P025,3153,2026-08-16,2,199.98,Online
2327,P068,3155,2023-09-02,1,58.95,Online
2328,P089,3155,2024-03-25,1,219.9,Online
2329,P042,3156,2023-06-07,1,73.55,Online
2330,P019,3158,2024-03-13,1,96.15,Online
2331,P083,3160,2024-07-07,1,145.9,Online
2332,P023,3161,2024-06-27,2,51.0,Online
2333,P005,3161,2025-04-06,2,72.12,Store
2334,P085,3161,2026-01-12,1,74.5,Online
2335,P036,3164,2023-10-02,2,224.9,Store
2336,P050,3164,2024-06-29,2,108.64,Online
2337,P043,3164,2025-03-05,1,108.4,Store
2338,P038,3164,2025-11-29,2,189.2,Store
2339,P039,3164,2026-06-27,2,313.5,Store
2340,P026,3165,2024-01-03,2,129.6,Online
2341,P035,3166,2023-11-17,1,39.55,Online
2342,P078,3166,2024-08-29,1,134.75,Online
2343,P036,3166,2025-08-07,3,337.35,Online
2344,P068,3166,2026-06-16,1,58.95,Online
2345,P091,3167,2024-06-19,1,49.9,Online
2346,P071,3167,2025-02-25,2,129.8,Store
2347,P091,3167,2025-11-18,1,49.9,Online
2348,P063,3167,2026-07-11,2,89.0,Online
2349,P092,3168,2024-12-01,3,206.25,Online
2350,P008,3168,2025-09-12,1,48.75,Online
2351,P085,3168,2026-06-05,1,74.5,Online
2352,P067,3169,2024-02-06,1,32.5,Online
2353,P079,3169,2025-07-21,1,79.9,Store
2354,P017,3171,2025-01-03,2,45.68,Online
2355,P098,3171,2025-06-24,2,126.9,Store
2356,P049,3171,2025-12-08,2,146.62,Store
2357,P082,3171,2026-06-19,3,106.8,Store
2358,P080,3172,2023-04-12,1,99.5,Online
2359,P014,3174,2023-07-11,1,124.5,Online
2360,P008,3175,2024-08-09,3,146.25,Store
2361,P079,3175,2025-12-09,2,159.8,Online
2362,P005,3176,2024-04-29,4,144.24,Store
2363,P073,3176,2024-09-28,3,268.5,Store
2364,P037,3176,2025-03-11,2,279.6,Online
2365,P099,3176,2025-08-19,1,59.9,Store
2366,P037,3176,2026-01-26,2,279.6,Store
2367,P023,3176,2026-07-15,1,25.5,Online
2368,P092,3177,2024-03-02,2,137.5,Online
2369,P058,3177,2024-07-28,1,104.9,Online
2370,P072,3177,2025-01-02,1,72.35,Online
2371,P034,3177,2025-05-28,1,43.67,Online
2372,P085,3177,2025-10-26,2,149.0,Online
2373,P007,3177,2026-04-02,3,158.7,Online
2374,P097,3180,2024-03-30,1,72.6,Online
2375,P022,3180,2024-12-23,1,119.9,Online
2376,P041,3181,2023-12-09,1,118.9,Online
2377,P088,3181,2024-05-06,1,105.85,Store
2378,P087,3181,2024-10-19,5,458.5,Online
2379,P004,3181,2025-04-01,1,95.82,Online
2380,P032,3181,2025-09-16,2,291.88,Online
2381,P052,3181,2026-02-23,1,68.45,Online
2382,P069,3181,2026-07-31,3,243.6,Online
2383,P082,3182,2025-01-28,1,35.6,Store
2384,P070,3182,2026-06-25,3,346.8,Online
2385,P010,3184,2024-12-06,3,269.97,Store
2386,P091,3184,2025-04-19,3,149.7,Store
2387,P069,3184,2025-09-03,1,81.2,Online
2388,P031,3184,2026-01-31,4,71.12,Online
2389,P027,3184,2026-06-24,1,105.3,Online
2390,P011,3185,2025-01-01,1,61.35,Store
2391,P011,3185,2026-05-03,4,245.4,Store
2392,P052,3186,2024-12-07,3,205.35,Online
2393,P055,3186,2025-08-04,1,45.6,Online
2394,P091,3187,2024-04-09,4,199.6,Online
2395,P062,3187,2025-08-23,2,79.8,Online
2396,P001,3189,2024-06-13,2,131.12,Online
2397,P046,3190,2024-07-10,1,39.76,Online
2398,P095,3193,2023-01-20,3,136.5,Online
2399,P009,3193,2023-05-27,3,217.2,Online
2400,P090,3193,2023-10-01,2,359.0,Online
2401,P053,3193,2024-01-22,1,59.8,Online
2402,P025,3193,2024-05-27,1,99.99,Online
2403,P014,3193,2024-10-08,1,124.5,Store
2404,P052,3193,2025-01-30,1,68.45,Store
2405,P063,3193,2025-06-05,1,44.5,Store
2406,P016,3193,2025-10-16,2,72.12,Store
2407,P080,3193,2026-03-03,1,99.5,Online
2408,P041,3193,2026-07-09,2,237.8,Online
2409,P086,3194,2024-05-13,1,88.95,Online
2410,P054,3194,2025-08-14,4,309.0,Online
2411,P090,3196,2024-07-25,2,359.0,Online
2412,P071,3196,2025-05-24,1,64.9,Online
2413,P003,3196,2026-03-03,4,455.28,Store
2414,P057,3198,2023-06-10,1,51.4,Store
2415,P064,3199,2023-12-21,2,197.5,Online
2416,P045,3200,2023-07-04,1,67.85,Online
2417,P027,3200,2024-05-13,1,105.3,Online
2418,P077,3200,2025-03-14,2,379.0,Online
2419,P059,3200,2026-01-03,3,104.25,Online
2420,P091,3201,2024-01-28,2,99.8,Online
2421,P084,3202,2023-08-27,1,169.8,Store
2422,P057,3202,2024-05-21,3,154.2,Store
2423,P054,3202,2025-01-16,1,77.25,Store
2424,P024,3202,2025-09-29,1,135.75,Store
2425,P015,3202,2026-06-15,2,182.5,Store
2426,P089,3203,2023-07-15,2,439.8,Online
2427,P001,3203,2024-02-18,4,262.24,Online
2428,P007,3203,2024-09-14,2,105.8,Online
2429,P080,3203,2025-04-22,1,99.5,Store
2430,P050,3203,2025-11-21,3,162.96,Store
2431,P004,3203,2026-07-15,2,191.64,Online
2432,P098,3204,2025-01-13,1,63.45,Store
2433,P052,3204,2025-10-11,1,68.45,Store
2434,P018,3206,2023-12-04,4,527.72,Store
2435,P073,3207,2024-09-03,1,89.5,Online
2436,P077,3209,2024-10-14,2,379.0,Store
2437,P005,3209,2025-05-21,1,36.06,Store
2438,P028,3210,2023-06-02,2,257.3,Online
2439,P068,3211,2024-08-03,2,117.9,Store
2440,P078,3211,2025-03-08,1,134.75,Store
2441,P064,3211,2025-10-26,2,197.5,Store
2442,P025,3211,2026-06-18,1,99.99,Online
2443,P060,3212,2024-11-10,3,143.7,Store
2444,P008,3212,2026-04-23,2,97.5,Online
2445,P065,3213,2023-12-23,1,74.8,Online
2446,P049,3213,2025-06-29,1,73.31,Store
2447,P019,3214,2023-06-02,1,96.15,Online
2448,P054,3214,2024-02-17,1,77.25,Online
2449,P061,3214,2024-10-18,1,69.95,Online
2450,P072,3214,2025-05-30,5,361.75,Online
2451,P026,3214,2026-02-12,3,194.4,Online
2452,P053,3215,2025-08-02,1,59.8,Store
2453,P031,3216,2023-10-14,2,35.56,Store
2454,P065,3217,2024-01-27,1,74.8,Online
2455,P082,3217,2024-05-30,3,106.8,Store
2456,P053,3217,2024-10-10,1,59.8,Online
2457,P007,3217,2025-02-20,3,158.7,Online
2458,P045,3217,2025-07-01,2,135.7,Store
2459,P005,3217,2025-11-17,1,36.06,Store
2460,P022,3217,2026-03-26,1,119.9,Store
2461,P096,3217,2026-08-26,2,77.8,Store
2462,P034,3218,2023-09-26,1,43.67,Online
2463,P046,3218,2024-10-21,1,39.76,Online
2464,P032,3218,2025-11-10,2,291.88,Store
2465,P069,3221,2024-04-06,2,162.4,Online
2466,P043,3221,2024-12-17,2,216.8,Store
2467,P068,3221,2025-09-06,1,58.95,Online
2468,P057,3221,2026-05-28,1,51.4,Online
2469,P080,3222,2024-08-13,1,99.5,Online
2470,P003,3223,2023-08-28,1,113.82,Online
2471,P040,3224,2025-03-01,3,246.9,Online
2472,P019,3224,2025-11-18,2,192.3,Online
2473,P089,3225,2025-07-30,1,219.9,Store
2474,P030,3226,2023-10-11,3,95.7,Online
2475,P002,3227,2024-05-28,1,143.35,Store
2476,P055,3227,2025-01-25,2,91.2,Online
2477,P099,3227,2025-10-15,3,179.7,Online
2478,P011,3227,2026-07-08,1,61.35,Online
2479,P049,3228,2024-07-12,1,73.31,Online
2480,P085,3228,2025-04-08,2,149.0,Store
2481,P060,3228,2026-01-18,3,143.7,Online
2482,P051,3231,2024-05-07,1,129.9,Online
2483,P055,3232,2024-01-22,1,45.6,Online
2484,P019,3232,2024-10-11,1,96.15,Online
2485,P093,3232,2025-08-05,1,79.95,Online
2486,P036,3232,2026-05-24,2,224.9,Store
2487,P095,3233,2023-06-18,4,182.0,Online
2488,P070,3234,2023-11-08,2,231.2,Online
2489,P018,3235,2023-12-21,1,131.93,Store
2490,P044,3235,2025-05-06,1,149.99,Online
2491,P059,3236,2023-05-04,2,69.5,Online
2492,P092,3236,2023-09-23,3,206.25,Online
2493,P015,3236,2024-01-26,3,273.75,Store
2494,P074,3236,2024-06-15,3,203.25,Store
2495,P026,3236,2024-11-11,1,64.8,Store
2496,P049,3236,2025-04-05,1,73.31,Online
2497,P064,3236,2025-08-29,3,296.25,Store
2498,P078,3236,2026-01-12,2,269.5,Online
2499,P089,3236,2026-06-12,1,219.9,Online
2500,P031,3237,2025-01-12,1,17.78,Online
2501,P066,3237,2026-07-11,2,73.8,Online
2502,P089,3238,2024-08-21,2,439.8,Online
2503,P069,3238,2025-03-06,3,243.6,Online
2504,P082,3238,2025-10-19,1,35.6,Online
2505,P064,3238,2026-05-22,2,197.5,Store
2506,P018,3239,2024-03-28,1,131.93,Online
2507,P044,3239,2024-09-03,2,299.98,Online
2508,P065,3239,2025-01-17,2,149.6,Store
2509,P044,3239,2025-05-25,1,149.99,Store
2510,P061,3239,2025-09-25,2,139.9,Store
2511,P086,3239,2026-02-17,4,355.8,Online
2512,P084,3239,2026-07-10,1,169.8,Online
2513,P065,3241,2023-03-29,4,299.2,Store
2514,P077,3241,2024-05-23,4,758.0,Store
2515,P043,3241,2025-06-11,1,108.4,Online
2516,P054,3241,2026-08-30,1,77.25,Store
2517,P080,3242,2024-01-08,3,298.5,Online
2518,P081,3243,2024-05-02,1,42.8,Store
2519,P040,3244,2024-10-21,4,329.2,Online
2520,P035,3245,2024-09-07,2,79.1,Online
2521,P070,3246,2024-03-26,2,231.2,Online
2522,P035,3246,2025-07-14,5,197.75,Online
2523,P002,3247,2023-12-08,1,143.35,Online
2524,P080,3247,2024-04-08,2,199.0,Online
2525,P078,3247,2024-08-03,1,134.75,Online
2526,P034,3247,2024-12-08,1,43.67,Online
2527,P098,3247,2025-04-18,4,253.8,Online
2528,P054,3247,2025-08-15,3,231.75,Online
2529,P032,3247,2025-12-22,1,145.94,Online
2530,P006,3247,2026-04-14,1,78.45,Online
2531,P073,3247,2026-08-14,1,89.5,Online
2532,P045,3248,2024-12-28,2,135.7,Online
2533,P084,3248,2025-08-14,4,679.2,Store
2534,P017,3248,2026-04-08,2,45.68,Store
2535,P059,3249,2024-02-27,2,69.5,Online
2536,P082,3249,2025-03-15,1,35.6,Store
2537,P040,3249,2026-05-31,5,411.5,Online
2538,P066,3251,2024-07-02,1,36.9,Online
2539,P034,3252,2024-05-09,1,43.67,Store
2540,P070,3253,2024-01-21,3,346.8,Store
2541,P041,3254,2024-05-22,2,237.8,Online
2542,P007,3254,2025-03-01,3,158.7,Online
2543,P016,3254,2025-12-17,1,36.06,Store
2544,P094,3255,2023-11-08,1,54.8,Store
2545,P008,3256,2025-03-10,5,243.75,Online
2546,P010,3256,2026-06-19,3,269.97,Online
2547,P093,3257,2023-08-23,2,159.9,Online
2548,P079,3257,2024-04-22,3,239.7,Store
2549,P012,3258,2024-01-23,2,85.6,Store
2550,P026,3258,2025-08-15,1,64.8,Online
2551,P025,3259,2025-02-06,1,99.99,Online
2552,P062,3259,2025-12-28,1,39.9,Store
2553,P042,3260,2024-05-26,2,147.1,Online
2554,P079,3262,2024-08-27,1,79.9,Online
2555,P096,3262,2025-05-14,1,38.9,Online
2556,P002,3262,2026-02-03,1,143.35,Online
2557,P007,3263,2024-07-02,4,211.6,Online
2558,P011,3263,2025-08-19,1,61.35,Store
2559,P087,3264,2024-06-03,3,275.1,Store
2560,P054,3265,2023-10-09,1,77.25,Store
2561,P047,3265,2024-07-12,1,56.07,Online
2562,P072,3265,2025-03-22,2,144.7,Online
2563,P010,3265,2025-12-28,3,269.97,Online
2564,P098,3267,2024-07-24,1,63.45,Store
2565,P053,3267,2025-04-15,2,119.6,Online
2566,P055,3270,2023-07-19,1,45.6,Online
2567,P028,3270,2023-12-19,1,128.65,Store
2568,P077,3270,2024-05-23,2,379.0,Store
2569,P081,3270,2024-11-15,4,171.2,Store
2570,P060,3270,2025-04-17,1,47.9,Store
2571,P079,3270,2025-10-04,4,319.6,Online
2572,P019,3270,2026-03-28,1,96.15,Store
2573,P032,3272,2025-02-12,3,437.82,Online
2574,P061,3272,2026-07-22,3,209.85,Online
2575,P006,3273,2023-12-04,2,156.9,Online
2576,P021,3274,2023-04-08,1,87.45,Online
2577,P029,3275,2023-09-09,4,305.6,Online
2578,P077,3275,2024-07-21,1,189.5,Online
2579,P022,3275,2025-05-21,3,359.7,Store
2580,P013,3275,2026-03-10,2,167.2,Store
2581,P077,3277,2024-03-24,2,379.0,Store
2582,P007,3277,2025-12-07,1,52.9,Online
2583,P061,3279,2024-12-05,5,349.75,Store
2584,P096,3279,2026-04-11,2,77.8,Online
2585,P088,3280,2023-09-05,1,105.85,Store
2586,P021,3280,2024-07-02,1,87.45,Online
2587,P084,3280,2025-05-10,2,339.6,Online
2588,P052,3280,2026-03-19,3,205.35,Online
2589,P036,3282,2023-10-04,1,112.45,Online
2590,P044,3282,2025-02-01,2,299.98,Online
2591,P011,3282,2026-05-09,4,245.4,Online
2592,P077,3283,2024-03-10,1,189.5,Online
2593,P012,3283,2024-12-07,3,128.4,Online
2594,P063,3284,2024-07-19,2,89.0,Store
2595,P066,3286,2024-03-26,3,110.7,Online
2596,P041,3286,2024-10-22,5,594.5,Store
2597,P071,3286,2025-05-16,1,64.9,Online
2598,P043,3286,2025-12-24,1,108.4,Store
2599,P068,3286,2026-08-05,3,176.85,Online
2600,P004,3287,2023-10-19,2,191.64,Online
2601,P001,3287,2024-02-16,1,65.56,Online
2602,P093,3287,2024-06-21,3,239.85,Online
2603,P036,3287,2024-11-04,1,112.45,Online
2604,P034,3287,2025-03-19,2,87.34,Store
2605,P065,3287,2025-07-19,1,74.8,Store
2606,P073,3287,2025-11-24,2,179.0,Online
2607,P035,3287,2026-04-04,4,158.2,Online
2608,P029,3287,2026-07-30,3,229.2,Online
2609,P078,3288,2023-04-15,5,673.75,Online
2610,P100,3291,2023-05-26,2,189.5,Online
2611,P078,3291,2023-11-06,2,269.5,Store
2612,P097,3291,2024-04-19,4,290.4,Online
2613,P018,3291,2024-10-12,1,131.93,Online
2614,P085,3291,2025-04-05,2,149.0,Store
2615,P028,3291,2025-09-10,1,128.65,Online
2616,P096,3291,2026-03-22,1,38.9,Store
2617,P074,3292,2023-11-02,3,203.25,Online
2618,P090,3292,2025-04-26,1,179.5,Online
2619,P030,3293,2024-03-15,1,31.9,Online
2620,P004,3293,2025-01-03,4,383.28,Online
2621,P081,3293,2025-11-29,3,128.4,Online
2622,P099,3294,2024-02-19,1,59.9,Online
2623,P044,3294,2024-10-19,1,149.99,Store
2624,P011,3294,2025-06-23,1,61.35,Online
2625,P041,3294,2026-02-06,1,118.9,Online
2626,P054,3294,2026-08-29,1,77.25,Online
2627,P099,3296,2024-05-06,1,59.9,Online
2628,P079,3296,2025-07-20,2,159.8,Store
2629,P074,3297,2024-09-30,2,135.5,Store
2630,P016,3297,2025-06-17,1,36.06,Online
2631,P054,3299,2023-03-04,1,77.25,Store
2632,P019,3300,2023-11-02,2,192.3,Online
2633,P005,3301,2024-06-21,2,72.12,Store
2634,P098,3301,2025-02-28,2,126.9,Online
2635,P032,3303,2024-05-25,2,291.88,Online
2636,P062,3303,2024-10-11,2,79.8,Online
2637,P062,3303,2025-02-24,2,79.8,Online
2638,P079,3303,2025-07-24,1,79.9,Online
2639,P039,3303,2025-12-18,2,313.5,Store
2640,P009,3303,2026-05-11,1,72.4,Store
2641,P072,3304,2023-12-27,2,144.7,Online
2642,P078,3305,2024-11-29,2,269.5,Online
2643,P046,3305,2025-05-09,1,39.76,Online
2644,P088,3305,2025-09-30,2,211.7,Online
2645,P058,3305,2026-03-15,2,209.8,Online
2646,P063,3305,2026-08-27,2,89.0,Online
2647,P010,3307,2024-01-29,1,89.99,Store
2648,P020,3307,2024-10-31,1,110.59,Online
2649,P099,3307,2025-07-26,1,59.9,Online
2650,P074,3307,2026-04-12,1,67.75,Store
2651,P005,3308,2023-10-30,2,72.12,Store
2652,P022,3308,2024-05-13,5,599.5,Store
2653,P002,3309,2024-12-14,1,143.35,Store
2654,P081,3309,2026-05-27,1,42.8,Store
2655,P031,3310,2024-09-06,2,35.56,Online
2656,P018,3310,2025-08-09,1,131.93,Store
2657,P041,3310,2026-07-26,3,356.7,Online
2658,P046,3311,2023-09-02,2,79.52,Online
2659,P010,3312,2025-03-15,2,179.98,Online
2660,P007,3312,2025-11-19,2,105.8,Store
2661,P034,3313,2023-12-19,1,43.67,Store
2662,P010,3313,2024-05-05,1,89.99,Store
2663,P037,3313,2024-09-29,1,139.8,Online
2664,P008,3313,2025-02-09,1,48.75,Online
2665,P015,3313,2025-07-03,2,182.5,Online
2666,P037,3313,2025-11-30,1,139.8,Online
2667,P099,3313,2026-04-14,3,179.7,Online
2668,P068,3313,2026-08-30,1,58.95,Store
2669,P052,3315,2025-02-04,4,273.8,Online
2670,P094,3315,2025-10-13,1,54.8,Online
2671,P035,3315,2026-08-04,2,79.1,Online
2672,P099,3316,2023-02-03,2,119.8,Online
2673,P052,3317,2024-11-21,2,136.9,Store
2674,P028,3317,2026-04-23,1,128.65,Online
2675,P041,3318,2023-10-07,1,118.9,Store
2676,P015,3318,2024-07-02,1,91.25,Store
2677,P020,3318,2025-04-15,1,110.59,Online
2678,P084,3318,2026-02-22,4,679.2,Store
2679,P018,3319,2024-07-25,2,263.86,Online
2680,P074,3319,2025-01-21,1,67.75,Store
2681,P043,3319,2025-06-26,2,216.8,Online
2682,P039,3319,2025-12-28,1,156.75,Store
2683,P011,3319,2026-06-20,3,184.05,Store
2684,P096,3320,2023-05-09,1,38.9,Online
2685,P041,3321,2024-01-01,1,118.9,Online
2686,P070,3321,2024-09-14,1,115.6,Online
2687,P023,3321,2025-05-30,1,25.5,Online
2688,P086,3321,2026-02-19,1,88.95,Store
2689,P034,3322,2025-01-10,1,43.67,Online
2690,P039,3322,2025-09-02,1,156.75,Online
2691,P030,3323,2024-12-15,1,31.9,Online
2692,P036,3323,2026-07-13,1,112.45,Online
2693,P042,3324,2024-02-12,1,73.55,Store
2694,P006,3324,2025-07-22,2,156.9,Online
2695,P029,3325,2023-11-02,3,229.2,Store
2696,P092,3325,2025-01-02,4,275.0,Online
2697,P084,3325,2026-03-20,3,509.4,Store
2698,P044,3326,2023-06-20,1,149.99,Online
2699,P084,3328,2025-03-26,5,849.0,Store
2700,P064,3328,2026-05-31,2,197.5,Store
2701,P061,3329,2023-05-29,1,69.95,Online
2702,P057,3329,2024-03-05,2,102.8,Online
2703,P095,3330,2024-11-20,3,136.5,Online
2704,P012,3330,2026-04-26,2,85.6,Online
2705,P085,3331,2024-01-19,4,298.0,Store
2706,P038,3331,2024-09-01,1,94.6,Store
2707,P041,3332,2023-06-15,2,237.8,Online
2708,P006,3332,2024-09-24,1,78.45,Online
2709,P021,3332,2026-02-24,2,174.9,Store
2710,P018,3333,2023-10-21,3,395.79,Store
2711,P024,3333,2024-05-26,4,543.0,Store
2712,P087,3334,2024-12-27,1,91.7,Store
2713,P077,3334,2026-03-24,3,568.5,Online
2714,P058,3335,2023-09-13,2,209.8,Store
2715,P021,3335,2024-03-27,2,174.9,Online
2716,P021,3335,2024-08-27,1,87.45,Store
2717,P012,3335,2025-02-01,2,85.6,Store
2718,P052,3335,2025-08-06,4,273.8,Online
2719,P042,3335,2026-02-01,2,147.1,Store
2720,P077,3335,2026-06-28,1,189.5,Online
2721,P017,3338,2024-02-16,2,45.68,Store
2722,P053,3338,2024-08-09,1,59.8,Online
2723,P043,3338,2025-02-01,1,108.4,Online
2724,P036,3338,2025-07-11,3,337.35,Online
2725,P020,3338,2026-01-01,1,110.59,Online
2726,P072,3338,2026-06-21,2,144.7,Store
2727,P004,3340,2024-09-15,1,95.82,Store
2728,P071,3342,2023-05-01,1,64.9,Online
2729,P023,3343,2025-04-14,2,51.0,Online
2730,P042,3346,2024-09-28,4,294.2,Online
2731,P080,3346,2025-04-13,2,199.0,Store
2732,P071,3346,2025-12-13,2,129.8,Online
2733,P086,3346,2026-07-29,1,88.95,Online
2734,P061,3347,2023-03-17,1,69.95,Store
2735,P044,3349,2024-11-28,1,149.99,Online
2736,P057,3349,2025-05-19,1,51.4,Online
2737,P067,3349,2025-11-25,1,32.5,Store
2738,P086,3349,2026-04-30,3,266.85,Online
2739,P048,3350,2023-07-28,1,85.84,Online
2740,P098,3350,2024-01-21,1,63.45,Online
2741,P045,3350,2024-07-28,2,135.7,Store
2742,P078,3350,2025-01-26,2,269.5,Online
2743,P026,3350,2025-07-24,3,194.4,Online
2744,P058,3350,2026-02-04,1,104.9,Online
2745,P052,3350,2026-07-23,1,68.45,Online
2746,P030,3351,2024-09-21,2,63.8,Store
2747,P096,3351,2025-06-30,1,38.9,Online
2748,P045,3351,2026-04-09,1,67.85,Online
2749,P010,3353,2024-08-17,1,89.99,Online
2750,P064,3353,2026-02-18,3,296.25,Online
2751,P094,3354,2024-06-13,1,54.8,Online
2752,P089,3354,2025-08-31,3,659.7,Online
2753,P014,3355,2023-04-20,1,124.5,Online
2754,P064,3356,2023-11-03,4,395.0,Store
2755,P086,3357,2025-02-14,2,177.9,Online
2756,P072,3358,2025-04-23,3,217.05,Online
2757,P022,3358,2025-12-12,1,119.9,Store
2758,P049,3358,2026-08-08,2,146.62,Store
2759,P084,3361,2024-07-26,1,169.8,Store
2760,P092,3361,2025-11-17,2,137.5,Online
2761,P056,3362,2024-12-15,3,278.25,Online
2762,P059,3362,2025-11-16,5,173.75,Online
2763,P028,3363,2024-07-06,1,128.65,Online
2764,P090,3364,2023-11-26,1,179.5,Store
2765,P061,3364,2025-02-20,1,69.95,Store
2766,P029,3364,2026-04-24,5,382.0,Store
2767,P082,3365,2024-05-10,3,106.8,Online
2768,P041,3365,2025-07-10,1,118.9,Online
2769,P026,3366,2024-04-24,4,259.2,Online
2770,P097,3366,2024-12-16,2,145.2,Online
2771,P098,3366,2025-08-08,1,63.45,Store
2772,P001,3366,2026-03-18,1,65.56,Store
2773,P058,3368,2024-09-12,1,104.9,Online
2774,P041,3368,2025-05-15,1,118.9,Online
2775,P009,3368,2026-01-12,1,72.4,Online
2776,P072,3369,2024-12-31,5,361.75,Online
2777,P062,3369,2025-06-23,1,39.9,Store
2778,P041,3369,2025-12-20,4,475.6,Online
2779,P019,3369,2026-06-14,1,96.15,Store
2780,P015,3371,2024-01-25,2,182.5,Store
2781,P093,3371,2024-09-05,1,79.95,Online
2782,P027,3372,2024-10-24,4,421.2,Online
2783,P081,3373,2024-08-19,3,128.4,Online
2784,P044,3373,2025-02-17,1,149.99,Online
2785,P011,3373,2025-08-18,5,306.75,Online
2786,P068,3373,2026-01-29,2,117.9,Store
2787,P081,3373,2026-08-06,3,128.4,Store
2788,P090,3374,2024-04-02,1,179.5,Store
2789,P036,3375,2024-08-28,2,224.9,Online
2790,P086,3375,2026-01-07,2,177.9,Online
2791,P066,3376,2023-03-24,1,36.9,Online
2792,P091,3378,2024-08-19,5,249.5,Store
2793,P063,3379,2024-07-30,2,89.0,Online
2794,P020,3379,2025-03-12,2,221.18,Online
2795,P001,3381,2023-06-17,1,65.56,Online
2796,P005,3381,2023-12-01,3,108.18,Online
2797,P051,3381,2024-05-04,3,389.7,Online
2798,P051,3381,2024-10-31,1,129.9,Online
2799,P026,3381,2025-04-16,1,64.8,Store
2800,P075,3381,2025-10-08,3,307.2,Online
2801,P093,3381,2026-03-10,1,79.95,Online
2802,P098,3381,2026-08-26,2,126.9,Store
2803,P060,3382,2024-03-04,1,47.9,Online
2804,P084,3382,2024-10-26,1,169.8,Online
2805,P065,3382,2025-06-13,4,299.2,Online
2806,P031,3382,2026-03-01,2,35.56,Online
2807,P037,3384,2025-04-03,1,139.8,Online
2808,P031,3385,2024-10-23,4,71.12,Store
2809,P055,3385,2025-11-22,1,45.6,Store
2810,P037,3386,2024-11-24,1,139.8,Online
2811,P071,3386,2025-10-19,2,129.8,Online
2812,P036,3387,2023-10-25,1,112.45,Online
2813,P051,3389,2024-04-04,2,259.8,Online
2814,P079,3390,2023-12-19,1,79.9,Store
2815,P059,3390,2024-09-24,1,34.75,Store
2816,P057,3390,2025-09-03,1,51.4,Online
2817,P095,3390,2026-07-26,2,91.0,Online
2818,P029,3391,2024-03-18,3,229.2,Store
2819,P081,3393,2024-07-22,1,42.8,Online
2820,P040,3393,2025-03-25,3,246.9,Store
2821,P057,3394,2024-10-12,1,51.4,Store
2822,P056,3395,2023-11-01,5,463.75,Store
2823,P040,3397,2024-07-12,1,82.3,Online
2824,P037,3398,2023-12-07,3,419.4,Online
2825,P024,3398,2024-09-27,1,135.75,Store
2826,P073,3399,2024-03-10,2,179.0,Online
2827,P072,3399,2025-07-17,1,72.35,Online
2828,P015,3401,2025-05-23,1,91.25,Online
2829,P031,3402,2025-04-28,2,35.56,Online
2830,P035,3402,2025-11-30,1,39.55,Store
2831,P009,3406,2023-08-24,3,217.2,Store
2832,P066,3406,2024-05-12,2,73.8,Online
2833,P013,3406,2024-12-24,1,83.6,Store
2834,P056,3406,2025-09-07,2,185.5,Store
2835,P042,3406,2026-04-29,1,73.55,Online
2836,P002,3408,2024-04-18,1,143.35,Online
2837,P088,3408,2025-08-10,1,105.85,Store
2838,P068,3409,2023-03-30,1,58.95,Store
2839,P045,3409,2023-09-15,3,203.55,Online
2840,P033,3409,2024-03-19,3,382.14,Online
2841,P067,3409,2024-08-24,1,32.5,Online
2842,P052,3409,2025-02-24,1,68.45,Online
2843,P011,3409,2025-08-16,1,61.35,Store
2844,P015,3409,2026-02-12,1,91.25,Online
2845,P099,3409,2026-07-29,1,59.9,Online
2846,P054,3410,2025-08-21,1,77.25,Online
2847,P093,3411,2024-04-25,1,79.95,Online
2848,P013,3411,2025-08-07,1,83.6,Online
2849,P068,3412,2024-05-15,2,117.9,Store
2850,P045,3413,2025-10-06,1,67.85,Online
2851,P023,3415,2025-04-30,1,25.5,Online
2852,P040,3415,2026-02-06,1,82.3,Online
2853,P054,3417,2023-02-18,1,77.25,Online
2854,P003,3418,2025-08-10,4,455.28,Online
2855,P024,3421,2024-08-06,1,135.75,Online
2856,P057,3421,2025-11-03,2,102.8,Online
2857,P015,3422,2024-09-28,1,91.25,Online
2858,P070,3422,2025-10-31,4,462.4,Online
2859,P098,3424,2025-05-19,2,126.9,Online
2860,P026,3424,2026-02-19,2,129.6,Online
2861,P061,3426,2024-07-03,1,69.95,Online
2862,P089,3426,2025-12-12,1,219.9,Online
2863,P077,3427,2023-09-27,2,379.0,Online
2864,P052,3428,2023-12-31,1,68.45,Store
2865,P011,3431,2023-02-16,1,61.35,Online
2866,P027,3431,2023-06-17,3,315.9,Online
2867,P062,3431,2023-10-16,4,159.6,Store
2868,P003,3431,2024-02-16,1,113.82,Online
2869,P011,3431,2024-06-11,5,306.75,Online
2870,P039,3431,2024-10-01,5,783.75,Online
2871,P010,3431,2025-02-19,1,89.99,Store
2872,P040,3431,2025-06-24,1,82.3,Online
2873,P060,3431,2025-10-21,1,47.9,Store
2874,P080,3431,2026-03-01,1,99.5,Store
2875,P069,3431,2026-07-16,2,162.4,Online
2876,P049,3434,2024-05-10,2,146.62,Store
2877,P058,3434,2025-10-29,1,104.9,Online
2878,P098,3435,2023-09-18,3,190.35,Store
2879,P003,3435,2024-07-29,3,341.46,Store
2880,P048,3435,2025-06-06,1,85.84,Store
2881,P078,3435,2026-04-16,2,269.5,Online
2882,P081,3436,2024-11-22,1,42.8,Online
2883,P071,3436,2026-05-09,1,64.9,Online
2884,P026,3438,2026-01-04,2,129.6,Online
2885,P066,3440,2024-05-13,1,36.9,Store
2886,P047,3440,2025-02-18,1,56.07,Online
2887,P055,3440,2025-11-25,2,91.2,Store
2888,P085,3441,2024-11-12,2,149.0,Store
2889,P097,3441,2025-09-13,1,72.6,Online
2890,P003,3441,2026-07-22,1,113.82,Online
2891,P084,3442,2023-12-02,4,679.2,Store
2892,P090,3442,2024-06-17,2,359.0,Online
2893,P071,3444,2024-11-06,2,129.8,Online
2894,P007,3444,2025-06-27,1,52.9,Online
2895,P065,3444,2026-02-10,3,224.4,Online
2896,P038,3447,2024-11-18,2,189.2,Online
2897,P058,3447,2025-05-21,1,104.9,Store
2898,P022,3447,2025-11-20,2,239.8,Online
2899,P015,3447,2026-05-03,3,273.75,Store
2900,P060,3448,2023-09-26,3,143.7,Online
2901,P027,3448,2024-03-22,1,105.3,Online
2902,P066,3449,2023-05-08,4,147.6,Online
2903,P060,3450,2023-09-02,2,95.8,Online
2904,P070,3451,2024-07-19,1,115.6,Online
2905,P022,3452,2024-01-20,2,239.8,Online
2906,P044,3452,2025-09-11,2,299.98,Store
2907,P081,3454,2024-12-16,2,85.6,Store
2908,P004,3454,2026-04-03,1,95.82,Online
2909,P085,3455,2024-05-28,2,149.0,Store
2910,P008,3456,2024-06-05,2,97.5,Online
2911,P055,3456,2025-02-07,1,45.6,Online
2912,P014,3457,2023-03-19,1,124.5,Store
2913,P027,3457,2023-09-06,1,105.3,Online
2914,P083,3457,2024-01-23,2,291.8,Online
2915,P055,3457,2024-06-24,4,182.4,Store
2916,P025,3457,2024-12-01,2,199.98,Store
2917,P011,3457,2025-05-13,2,122.7,Online
2918,P038,3457,2025-11-09,2,189.2,Online
2919,P040,3457,2026-05-18,1,82.3,Store
2920,P054,3458,2024-07-25,2,154.5,Online
2921,P013,3458,2026-01-11,1,83.6,Store
2922,P007,3459,2024-05-16,2,105.8,Store
2923,P083,3459,2025-03-06,1,145.9,Online
2924,P093,3460,2024-08-02,1,79.95,Online
2925,P084,3460,2024-12-09,3,509.4,Online
2926,P018,3460,2025-04-12,1,131.93,Store
2927,P049,3460,2025-09-01,4,293.24,Store
2928,P061,3460,2026-01-04,3,209.85,Store
2929,P057,3460,2026-05-16,4,205.6,Online
2930,P073,3461,2023-11-21,1,89.5,Online
2931,P024,3461,2024-08-05,1,135.75,Online
2932,P023,3461,2025-05-27,1,25.5,Online
2933,P030,3461,2026-03-29,3,95.7,Store
2934,P069,3462,2024-11-05,1,81.2,Online
2935,P008,3462,2025-09-16,3,146.25,Online
2936,P009,3462,2026-07-06,1,72.4,Online
2937,P051,3464,2024-09-14,2,259.8,Online
2938,P025,3464,2025-07-02,1,99.99,Online
2939,P040,3464,2026-05-01,2,164.6,Online
2940,P016,3465,2024-05-06,2,72.12,Online
2941,P056,3466,2023-05-25,1,92.75,Store
2942,P073,3466,2023-11-16,1,89.5,Store
2943,P003,3466,2024-04-17,1,113.82,Online
2944,P033,3466,2024-09-30,2,254.76,Store
2945,P090,3466,2025-03-23,1,179.5,Store
2946,P015,3466,2025-08-26,2,182.5,Online
2947,P062,3466,2026-02-18,2,79.8,Store
2948,P076,3466,2026-07-30,1,159.9,Store
2949,P007,3467,2024-06-17,3,158.7,Store
2950,P035,3468,2024-07-23,3,118.65,Online
2951,P032,3468,2025-03-27,1,145.94,Store
2952,P036,3468,2025-10-25,4,449.8,Online
2953,P094,3468,2026-06-12,2,109.6,Store
2954,P087,3469,2024-02-06,2,183.4,Online
2955,P003,3470,2024-04-26,3,341.46,Online
2956,P033,3471,2023-07-14,2,254.76,Online
2957,P096,3471,2024-12-05,1,38.9,Online
2958,P061,3471,2026-04-25,1,69.95,Online
2959,P010,3472,2024-10-05,1,89.99,Online
2960,P087,3472,2025-03-10,4,366.8,Online
2961,P007,3472,2025-09-04,3,158.7,Store
2962,P015,3472,2026-02-11,1,91.25,Store
2963,P042,3472,2026-07-20,1,73.55,Online
2964,P062,3473,2024-01-20,1,39.9,Online
2965,P015,3474,2025-04-10,3,273.75,Online
2966,P085,3474,2025-11-12,1,74.5,Store
2967,P082,3474,2026-06-15,2,71.2,Store
2968,P100,3475,2023-02-13,1,94.75,Store
2969,P077,3476,2024-08-02,2,379.0,Online
2970,P033,3476,2024-12-07,1,127.38,Online
2971,P018,3476,2025-04-07,2,263.86,Online
2972,P057,3476,2025-08-07,1,51.4,Online
2973,P048,3476,2025-12-14,2,171.68,Store
2974,P083,3476,2026-04-16,2,291.8,Online
2975,P054,3476,2026-08-16,3,231.75,Online
2976,P032,3478,2023-09-24,1,145.94,Store
2977,P027,3478,2024-03-16,3,315.9,Online
2978,P057,3478,2024-07-31,3,154.2,Store
2979,P032,3478,2024-12-29,1,145.94,Online
2980,P007,3478,2025-05-28,2,105.8,Online
2981,P076,3478,2025-11-11,3,479.7,Store
2982,P093,3478,2026-04-15,2,159.9,Online
2983,P033,3479,2024-03-10,2,254.76,Online
2984,P009,3479,2025-04-11,2,144.8,Store
2985,P037,3479,2026-06-08,4,559.2,Online
2986,P068,3480,2023-07-12,2,117.9,Store
2987,P057,3480,2024-06-15,1,51.4,Online
2988,P072,3480,2025-05-15,1,72.35,Online
2989,P083,3480,2026-03-15,4,583.6,Online
2990,P059,3482,2024-02-09,4,139.0,Online
2991,P051,3484,2025-06-23,5,649.5,Online
2992,P063,3484,2026-08-06,4,178.0,Store
2993,P100,3486,2023-10-24,2,189.5,Online
2994,P016,3486,2024-06-16,1,36.06,Store
2995,P078,3486,2025-02-22,2,269.5,Store
2996,P017,3486,2025-10-10,1,22.84,Store
2997,P004,3486,2026-05-19,1,95.82,Online
2998,P013,3487,2024-11-15,2,167.2,Online
2999,P081,3487,2025-05-19,2,85.6,Online
3000,P013,3487,2025-11-22,1,83.6,Online
3001,P090,3487,2026-05-03,1,179.5,Online
3002,P071,3489,2025-02-16,3,194.7,Online
3003,P067,3489,2026-06-23,1,32.5,Online
3004,P012,3491,2024-03-04,3,128.4,Store
3005,P020,3491,2024-12-13,2,221.18,Store
3006,P007,3491,2025-09-04,2,105.8,Store
3007,P010,3491,2026-04-25,2,179.98,Store
3008,P059,3493,2023-10-30,4,139.0,Store
3009,P089,3493,2024-06-30,3,659.7,Online
3010,P038,3494,2025-06-24,3,283.8,Online
3011,P009,3496,2025-02-24,2,144.8,Online
3012,P093,3496,2026-07-16,1,79.95,Online
3013,P078,3497,2026-02-10,1,134.75,Store
3014,P071,3498,2023-08-01,1,64.9,Store
3015,P063,3498,2025-01-08,2,89.0,Online
3016,P028,3498,2026-07-15,2,257.3,Online
3017,P008,3499,2024-05-29,3,146.25,Online
3018,P006,3500,2023-05-14,1,78.45,Online
3019,P081,3500,2024-09-30,2,85.6,Online
3020,P097,3500,2025-12-22,5,363.0,Store
3021,P023,3501,2024-06-14,1,25.5,Store
3022,P068,3501,2025-01-20,1,58.95,Online
3023,P079,3501,2025-09-02,1,79.9,Online
3024,P085,3501,2026-04-24,4,298.0,Online
3025,P085,3502,2023-08-07,1,74.5,Online
3026,P017,3502,2024-04-24,2,45.68,Online
3027,P006,3502,2024-12-15,4,313.8,Store
3028,P020,3502,2025-08-11,3,331.77,Online
3029,P064,3502,2026-04-25,3,296.25,Store
3030,P045,3503,2023-06-11,2,135.7,Online
3031,P031,3503,2024-04-24,2,35.56,Online
3032,P030,3503,2025-02-13,2,63.8,Online
3033,P062,3503,2025-12-26,1,39.9,Online
3034,P053,3505,2024-06-25,1,59.8,Store
3035,P058,3505,2025-02-12,4,419.6,Online
3036,P032,3505,2025-10-01,1,145.94,Online
3037,P092,3505,2026-05-15,1,68.75,Store
3038,P097,3508,2024-06-23,1,72.6,Online
3039,P055,3509,2024-02-04,1,45.6,Online
3040,P016,3510,2024-02-26,2,72.12,Store
3041,P016,3510,2024-08-02,1,36.06,Online
3042,P015,3510,2024-12-26,3,273.75,Online
3043,P081,3510,2025-06-01,2,85.6,Online
3044,P047,3510,2025-10-13,1,56.07,Online
3045,P090,3510,2026-03-19,1,179.5,Online
3046,P003,3510,2026-08-18,1,113.82,Online
3047,P049,3512,2023-03-01,1,73.31,Online
3048,P028,3512,2023-07-31,4,514.6,Store
3049,P071,3512,2023-12-09,5,324.5,Online
3050,P022,3512,2024-05-02,3,359.7,Store
3051,P047,3512,2024-09-17,2,112.14,Online
3052,P044,3512,2025-01-20,2,299.98,Online
3053,P067,3512,2025-05-30,1,32.5,Store
3054,P013,3512,2025-10-17,2,167.2,Online
3055,P052,3512,2026-03-09,2,136.9,Store
3056,P004,3512,2026-07-23,1,95.82,Online
3057,P018,3513,2025-01-24,3,395.79,Store
3058,P023,3513,2025-11-27,1,25.5,Store
3059,P032,3514,2023-11-12,3,437.82,Online
3060,P028,3514,2025-05-11,1,128.65,Store
3061,P010,3515,2024-04-23,2,179.98,Online
3062,P060,3515,2025-06-20,2,95.8,Online
3063,P097,3515,2026-08-01,3,217.8,Online
3064,P050,3516,2023-11-30,1,54.32,Online
3065,P077,3516,2024-12-20,3,568.5,Store
3066,P031,3516,2025-12-18,2,35.56,Online
3067,P046,3519,2023-10-18,1,39.76,Online
3068,P008,3519,2024-06-27,4,195.0,Online
3069,P038,3522,2024-08-19,4,378.4,Store
3070,P091,3522,2026-01-13,1,49.9,Online
3071,P063,3524,2024-10-24,4,178.0,Store
3072,P030,3525,2025-06-15,1,31.9,Online
3073,P064,3526,2024-10-09,1,98.75,Store
3074,P088,3527,2023-05-01,1,105.85,Store
3075,P032,3527,2024-01-05,1,145.94,Store
3076,P051,3528,2024-09-01,1,129.9,Store
3077,P073,3529,2024-12-02,1,89.5,Online
3078,P012,3530,2024-02-26,1,42.8,Store
3079,P034,3530,2024-11-25,1,43.67,Store
3080,P057,3530,2025-08-14,1,51.4,Online
3081,P066,3530,2026-05-18,5,184.5,Store
3082,P076,3531,2024-02-26,1,159.9,Store
3083,P014,3531,2024-11-06,2,249.0,Store
3084,P043,3532,2025-03-14,2,216.8,Online
3085,P065,3532,2026-05-24,1,74.8,Online
3086,P015,3535,2023-07-09,1,91.25,Store
3087,P047,3535,2023-12-21,1,56.07,Store
3088,P078,3535,2024-06-14,2,269.5,Store
3089,P075,3535,2024-12-25,3,307.2,Online
3090,P006,3535,2025-06-25,1,78.45,Online
3091,P052,3535,2025-12-23,4,273.8,Store
3092,P024,3535,2026-05-30,1,135.75,Online
3093,P064,3536,2024-02-01,2,197.5,Store
3094,P100,3536,2025-09-25,2,189.5,Online
3095,P047,3537,2025-03-15,2,112.14,Online
3096,P091,3537,2025-11-28,1,49.9,Store
3097,P006,3537,2026-08-20,3,235.35,Store
3098,P028,3538,2024-09-08,3,385.95,Online
3099,P062,3539,2023-03-05,3,119.7,Online
3100,P077,3540,2023-08-07,3,568.5,Store
3101,P038,3540,2023-12-10,5,473.0,Store
3102,P017,3540,2024-04-24,1,22.84,Online
3103,P036,3540,2024-09-05,2,224.9,Store
3104,P058,3540,2024-12-27,1,104.9,Store
3105,P005,3540,2025-04-17,1,36.06,Online
3106,P074,3540,2025-08-16,1,67.75,Store
3107,P053,3540,2025-12-17,2,119.6,Online
3108,P037,3540,2026-04-07,2,279.6,Online
3109,P088,3540,2026-08-01,3,317.55,Online
3110,P096,3541,2024-10-09,1,38.9,Online
3111,P021,3542,2023-03-12,2,174.9,Online
3112,P051,3544,2023-08-10,1,129.9,Online
3113,P088,3548,2024-01-19,1,105.85,Online
3114,P084,3548,2024-06-27,2,339.6,Store
3115,P088,3548,2024-12-18,4,423.4,Online
3116,P036,3548,2025-06-18,1,112.45,Online
3117,P072,3548,2025-11-20,2,144.7,Store
3118,P024,3548,2026-04-26,2,271.5,Store
3119,P007,3549,2023-09-13,2,105.8,Store
3120,P029,3549,2024-07-20,4,305.6,Online
3121,P021,3549,2025-06-13,3,262.35,Online
3122,P076,3549,2026-05-19,5,799.5,Online
3123,P096,3550,2024-08-21,1,38.9,Store
3124,P091,3550,2025-02-26,1,49.9,Store
3125,P073,3553,2024-02-14,3,268.5,Online
3126,P033,3554,2024-01-12,4,509.52,Online
3127,P021,3555,2024-02-14,3,262.35,Online
3128,P026,3557,2023-08-31,1,64.8,Store
3129,P042,3558,2023-09-12,1,73.55,Store
3130,P017,3558,2024-06-06,1,22.84,Online
3131,P017,3558,2025-04-03,1,22.84,Online
3132,P070,3558,2025-12-31,1,115.6,Online
3133,P081,3559,2024-07-03,1,42.8,Store
3134,P043,3560,2024-02-18,2,216.8,Online
3135,P063,3560,2024-07-30,2,89.0,Online
3136,P024,3560,2024-12-31,3,407.25,Online
3137,P016,3560,2025-06-03,1,36.06,Store
3138,P005,3560,2025-11-09,1,36.06,Online
3139,P017,3560,2026-04-29,1,22.84,Online
3140,P086,3561,2023-09-09,1,88.95,Online
3141,P086,3561,2024-08-05,3,266.85,Online
3142,P036,3561,2025-06-13,1,112.45,Online
3143,P045,3561,2026-04-19,1,67.85,Store
3144,P015,3562,2025-03-03,2,182.5,Online
3145,P056,3563,2023-12-15,3,278.25,Online
3146,P013,3563,2024-04-23,1,83.6,Store
3147,P066,3563,2024-09-04,1,36.9,Store
3148,P041,3563,2025-01-20,2,237.8,Online
3149,P015,3563,2025-05-31,2,182.5,Store
3150,P003,3563,2025-10-02,2,227.64,Online
3151,P081,3563,2026-02-19,3,128.4,Online
3152,P062,3563,2026-06-20,2,79.8,Store
3153,P035,3564,2024-12-29,3,118.65,Store
3154,P040,3564,2026-08-02,1,82.3,Store
3155,P017,3565,2024-02-18,1,22.84,Store
3156,P044,3565,2025-08-05,1,149.99,Online
3157,P090,3566,2024-07-14,1,179.5,Online
3158,P085,3566,2025-01-30,1,74.5,Online
3159,P060,3567,2023-09-15,1,47.9,Online
3160,P033,3568,2024-10-21,2,254.76,Store
3161,P075,3569,2023-08-24,1,102.4,Store
3162,P066,3570,2024-02-24,4,147.6,Online
3163,P026,3570,2024-08-12,1,64.8,Online
3164,P092,3570,2025-02-10,2,137.5,Online
3165,P067,3570,2025-08-09,4,130.0,Online
3166,P057,3570,2026-02-02,1,51.4,Online
3167,P011,3570,2026-07-24,1,61.35,Online
3168,P015,3572,2023-05-02,2,182.5,Store
3169,P014,3572,2024-09-20,2,249.0,Online
3170,P091,3572,2026-03-14,1,49.9,Store
3171,P015,3574,2024-11-20,5,456.25,Online
3172,P043,3578,2023-08-21,3,325.2,Online
3173,P064,3578,2024-11-10,3,296.25,Store
3174,P065,3578,2025-12-16,1,74.8,Store
3175,P007,3579,2023-09-12,1,52.9,Online
3176,P078,3580,2024-10-12,2,269.5,Store
3177,P070,3580,2025-02-23,1,115.6,Store
3178,P036,3580,2025-08-03,1,112.45,Online
3179,P057,3580,2026-01-09,2,102.8,Online
3180,P042,3580,2026-06-11,3,220.65,Store
3181,P038,3581,2024-12-06,1,94.6,Store
3182,P076,3581,2025-07-27,3,479.7,Online
3183,P094,3581,2026-03-18,1,54.8,Online
3184,P073,3585,2024-05-30,1,89.5,Online
3185,P098,3585,2025-07-18,2,126.9,Store
3186,P042,3588,2025-08-08,3,220.65,Store
3187,P060,3589,2024-07-26,4,191.6,Store
3188,P012,3590,2024-07-21,1,42.8,Online
3189,P010,3590,2025-08-17,1,89.99,Store
3190,P038,3591,2023-04-16,1,94.6,Online
3191,P049,3591,2024-02-02,1,73.31,Store
3192,P096,3591,2024-11-28,3,116.7,Store
3193,P074,3591,2025-09-30,1,67.75,Store
3194,P085,3591,2026-07-30,1,74.5,Store
3195,P002,3593,2023-09-26,1,143.35,Online
3196,P047,3593,2024-03-26,1,56.07,Online
3197,P051,3593,2024-09-04,2,259.8,Online
3198,P072,3593,2025-01-25,1,72.35,Store
3199,P028,3593,2025-07-04,3,385.95,Online
3200,P052,3593,2025-12-27,3,205.35,Store
3201,P061,3593,2026-06-14,1,69.95,Store
3202,P098,3594,2024-06-13,1,63.45,Online
3203,P028,3594,2025-07-18,1,128.65,Store
3204,P061,3594,2026-07-25,1,69.95,Online
3205,P040,3595,2025-01-04,4,329.2,Online
3206,P071,3595,2025-08-18,3,194.7,Store
3207,P067,3595,2026-04-07,3,97.5,Online
3208,P020,3596,2024-11-30,1,110.59,Online
3209,P082,3596,2025-09-23,1,35.6,Store
3210,P020,3596,2026-06-27,2,221.18,Store
3211,P015,3601,2023-03-11,2,182.5,Online
3212,P097,3603,2023-07-30,3,217.8,Store
3213,P044,3604,2025-06-02,3,449.97,Online
3214,P051,3604,2026-08-22,5,649.5,Online
3215,P051,3605,2024-02-28,1,129.9,Store
3216,P009,3605,2024-09-22,4,289.6,Store
3217,P090,3608,2024-03-30,3,538.5,Online
3218,P034,3608,2024-08-31,2,87.34,Online
3219,P089,3608,2025-02-15,1,219.9,Store
3220,P100,3608,2025-08-07,1,94.75,Store
3221,P057,3608,2026-02-06,1,51.4,Online
3222,P059,3608,2026-08-02,2,69.5,Online
3223,P096,3609,2023-06-01,1,38.9,Store
3224,P012,3609,2023-10-11,2,85.6,Online
3225,P065,3609,2024-02-29,1,74.8,Store
3226,P011,3609,2024-07-29,1,61.35,Store
3227,P080,3609,2024-12-17,1,99.5,Online
3228,P093,3609,2025-05-06,2,159.9,Store
3229,P042,3609,2025-09-21,1,73.55,Online
3230,P097,3609,2026-01-31,5,363.0,Online
3231,P021,3609,2026-06-16,1,87.45,Online
3232,P061,3610,2025-06-22,3,209.85,Store
3233,P094,3611,2024-04-10,4,219.2,Online
3234,P083,3612,2024-04-25,1,145.9,Store
3235,P016,3613,2024-04-11,1,36.06,Online
3236,P084,3614,2023-12-23,2,339.6,Store
3237,P089,3614,2025-05-03,1,219.9,Store
3238,P007,3614,2026-08-27,3,158.7,Online
3239,P077,3616,2024-06-28,1,189.5,Store
3240,P070,3618,2024-12-25,1,115.6,Online
3241,P083,3619,2024-12-25,4,583.6,Store
3242,P010,3619,2025-09-26,2,179.98,Online
3243,P079,3620,2024-10-21,1,79.9,Online
3244,P090,3620,2026-04-16,2,359.0,Online
3245,P020,3621,2023-05-17,2,221.18,Store
3246,P086,3623,2023-11-13,1,88.95,Online
3247,P027,3624,2023-03-04,1,105.3,Online
3248,P043,3626,2023-04-16,3,325.2,Online
3249,P077,3628,2025-09-18,1,189.5,Online
3250,P072,3629,2024-06-15,2,144.7,Online
3251,P006,3629,2025-02-12,2,156.9,Online
3252,P088,3629,2025-09-07,1,105.85,Store
3253,P091,3629,2026-04-27,1,49.9,Online
3254,P030,3631,2024-11-01,2,63.8,Store
3255,P013,3632,2024-10-14,3,250.8,Online
3256,P036,3632,2025-08-04,5,562.25,Store
3257,P053,3632,2026-06-04,2,119.6,Online
3258,P069,3633,2023-08-11,1,81.2,Online
3259,P009,3635,2024-10-21,3,217.2,Online
3260,P008,3635,2025-04-05,2,97.5,Store
3261,P003,3635,2025-08-29,1,113.82,Store
3262,P094,3635,2026-02-09,2,109.6,Store
3263,P034,3635,2026-06-29,2,87.34,Online
3264,P002,3636,2024-09-25,1,143.35,Online
3265,P018,3636,2025-07-07,1,131.93,Online
3266,P046,3636,2026-05-12,2,79.52,Online
3267,P084,3637,2024-10-18,3,509.4,Online
3268,P053,3637,2026-03-28,1,59.8,Store
3269,P009,3638,2023-04-10,1,72.4,Online
3270,P042,3638,2023-10-15,1,73.55,Online
3271,P043,3639,2024-07-03,2,216.8,Store
3272,P013,3640,2025-12-21,1,83.6,Online
3273,P098,3641,2024-07-02,2,126.9,Store
3274,P084,3642,2025-06-10,2,339.6,Online
3275,P020,3644,2024-01-12,1,110.59,Store
3276,P014,3644,2024-08-28,2,249.0,Online
3277,P021,3644,2025-05-14,1,87.45,Online
3278,P069,3644,2026-02-07,4,324.8,Store
3279,P012,3646,2023-11-13,3,128.4,Online
3280,P060,3646,2024-08-05,2,95.8,Store
3281,P018,3646,2025-05-07,1,131.93,Online
3282,P012,3646,2026-02-13,1,42.8,Store
3283,P100,3648,2023-10-11,3,284.25,Online
3284,P007,3648,2024-10-30,1,52.9,Online
3285,P022,3648,2025-12-17,2,239.8,Online
3286,P071,3649,2024-04-08,4,259.6,Store
3287,P068,3650,2024-04-20,2,117.9,Online
3288,P091,3650,2024-12-30,1,49.9,Store
3289,P031,3650,2025-07-20,1,17.78,Store
3290,P079,3650,2026-03-17,2,159.8,Online
3291,P044,3652,2024-01-20,1,149.99,Online
3292,P042,3652,2024-06-29,2,147.1,Online
3293,P015,3652,2024-12-14,3,273.75,Store
3294,P028,3652,2025-06-20,1,128.65,Online
3295,P050,3652,2025-12-13,4,217.28,Online
3296,P064,3652,2026-06-08,1,98.75,Store
3297,P084,3653,2023-09-21,2,339.6,Online
3298,P005,3654,2024-01-08,3,108.18,Online
3299,P017,3656,2025-01-22,1,22.84,Online
3300,P061,3656,2026-06-20,1,69.95,Store
3301,P037,3657,2024-03-14,4,559.2,Online
3302,P036,3657,2024-08-11,2,224.9,Online
3303,P017,3657,2025-01-26,1,22.84,Online
3304,P057,3657,2025-07-02,1,51.4,Store
3305,P018,3657,2025-12-09,1,131.93,Online
3306,P097,3657,2026-05-07,1,72.6,Online
3307,P070,3658,2024-04-29,2,231.2,Online
3308,P053,3658,2025-08-26,4,239.2,Store
3309,P058,3659,2025-01-10,3,314.7,Online
3310,P090,3659,2025-09-30,2,359.0,Online
3311,P099,3659,2026-07-25,2,119.8,Store
3312,P045,3662,2023-06-24,1,67.85,Online
3313,P009,3663,2023-08-01,2,144.8,Store
3314,P063,3664,2024-11-13,1,44.5,Store
3315,P045,3665,2024-11-27,1,67.85,Online
3316,P097,3666,2023-03-29,2,145.2,Online
3317,P023,3666,2024-06-06,4,102.0,Online
3318,P092,3666,2025-10-02,2,137.5,Online
3319,P078,3667,2025-06-12,3,404.25,Online
3320,P008,3667,2026-03-20,1,48.75,Online
3321,P055,3668,2025-01-05,3,136.8,Online
3322,P020,3668,2026-06-23,2,221.18,Online
3323,P052,3669,2024-09-15,3,205.35,Store
3324,P066,3669,2025-12-25,3,110.7,Online
3325,P010,3670,2024-09-28,1,89.99,Online
3326,P038,3676,2024-07-28,1,94.6,Store
3327,P005,3676,2026-01-12,1,36.06,Online
3328,P064,3677,2023-12-29,5,493.75,Online
3329,P012,3678,2024-08-13,1,42.8,Online
3330,P020,3678,2025-04-29,2,221.18,Store
3331,P022,3678,2026-01-24,1,119.9,Online
3332,P054,3680,2023-09-19,1,77.25,Store
3333,P020,3680,2024-04-16,2,221.18,Online
3334,P017,3682,2023-07-29,1,22.84,Online
3335,P062,3683,2024-06-01,2,79.8,Online
3336,P016,3683,2025-01-08,1,36.06,Store
3337,P039,3683,2025-09-17,1,156.75,Online
3338,P046,3683,2026-05-01,1,39.76,Online
3339,P056,3684,2023-05-17,2,185.5,Online
3340,P097,3684,2024-01-27,1,72.6,Online
3341,P009,3684,2024-10-02,5,362.0,Online
3342,P081,3684,2025-06-04,3,128.4,Store
3343,P004,3684,2026-01-28,2,191.64,Online
3344,P014,3685,2023-06-14,3,373.5,Store
3345,P052,3685,2024-12-01,1,68.45,Store
3346,P100,3685,2026-05-25,2,189.5,Store
3347,P046,3686,2023-07-21,3,119.28,Store
3348,P049,3690,2023-04-03,1,73.31,Store
3349,P024,3691,2025-01-19,1,135.75,Store
3350,P079,3691,2026-06-29,4,319.6,Online
3351,P063,3692,2023-11-25,3,133.5,Online
3352,P029,3692,2024-10-06,2,152.8,Online
3353,P030,3692,2025-09-04,1,31.9,Online
3354,P084,3692,2026-06-23,2,339.6,Online
3355,P039,3693,2024-07-01,1,156.75,Online
3356,P012,3693,2025-03-14,2,85.6,Online
3357,P003,3693,2025-12-28,2,227.64,Online
3358,P003,3694,2024-08-13,1,113.82,Online
3359,P025,3694,2025-11-05,2,199.98,Online
3360,P033,3695,2024-01-19,1,127.38,Online
3361,P067,3695,2024-07-06,2,65.0,Store
3362,P005,3695,2024-12-28,1,36.06,Online
3363,P049,3695,2025-06-29,1,73.31,Store
3364,P082,3695,2026-01-01,1,35.6,Store
3365,P054,3695,2026-06-28,1,77.25,Online
3366,P076,3698,2025-02-11,2,319.8,Store
3367,P050,3698,2026-07-19,2,108.64,Online
3368,P024,3699,2024-02-26,1,135.75,Store
3369,P028,3700,2024-06-27,1,128.65,Online
3370,P045,3700,2025-02-14,1,67.85,Store
3371,P089,3700,2025-09-28,1,219.9,Online
3372,P075,3700,2026-04-30,2,204.8,Online
3373,P091,3702,2024-01-06,1,49.9,Store
3374,P066,3702,2024-11-09,3,110.7,Online
3375,P078,3702,2025-10-10,3,404.25,Online
3376,P068,3702,2026-08-18,2,117.9,Online
3377,P083,3703,2024-03-12,1,145.9,Online
3378,P062,3703,2025-07-16,3,119.7,Store
3379,P097,3704,2024-01-27,1,72.6,Store
3380,P097,3704,2024-08-08,3,217.8,Online
3381,P086,3705,2024-06-12,2,177.9,Online
3382,P018,3705,2025-03-17,1,131.93,Store
3383,P040,3705,2025-12-21,3,246.9,Online
3384,P073,3705,2026-08-25,2,179.0,Online
3385,P070,3707,2023-09-21,2,231.2,Store
3386,P068,3707,2024-02-21,2,117.9,Online
3387,P044,3707,2024-07-27,1,149.99,Store
3388,P064,3707,2025-01-22,2,197.5,Online
3389,P014,3707,2025-07-03,1,124.5,Store
3390,P071,3707,2025-11-30,1,64.9,Online
3391,P095,3707,2026-05-08,1,45.5,Online
3392,P092,3708,2024-08-20,1,68.75,Store
3393,P061,3708,2025-03-08,1,69.95,Online
3394,P036,3708,2025-09-05,1,112.45,Online
3395,P046,3708,2026-03-14,1,39.76,Online
3396,P086,3710,2024-03-30,1,88.95,Online
3397,P013,3710,2024-08-22,1,83.6,Store
3398,P012,3710,2025-01-01,3,128.4,Online
3399,P098,3710,2025-05-25,1,63.45,Online
3400,P088,3710,2025-10-22,1,105.85,Store
3401,P072,3710,2026-03-05,3,217.05,Store
3402,P009,3710,2026-07-30,1,72.4,Online
3403,P039,3711,2024-01-19,3,470.25,Store
3404,P006,3711,2024-07-28,1,78.45,Store
3405,P001,3712,2024-03-28,5,327.8,Online
3406,P055,3712,2025-09-12,3,136.8,Online
3407,P065,3713,2024-05-02,1,74.8,Store
3408,P049,3713,2025-12-06,4,293.24,Online
3409,P087,3714,2024-01-11,1,91.7,Store
3410,P009,3716,2024-09-15,1,72.4,Online
3411,P089,3716,2026-04-25,2,439.8,Online
3412,P050,3717,2023-06-02,2,108.64,Store
3413,P064,3717,2024-01-02,3,296.25,Online
3414,P080,3719,2024-05-05,1,99.5,Store
3415,P088,3720,2024-11-11,1,105.85,Online
3416,P065,3720,2025-08-27,5,374.0,Store
3417,P049,3720,2026-04-30,2,146.62,Online
3418,P037,3721,2023-12-02,2,279.6,Store
3419,P018,3721,2024-08-10,1,131.93,Online
3420,P082,3721,2025-04-08,3,106.8,Online
3421,P009,3721,2025-11-13,2,144.8,Online
3422,P070,3721,2026-07-22,1,115.6,Store
3423,P053,3723,2024-10-09,3,179.4,Store
3424,P079,3723,2025-02-07,2,159.8,Online
3425,P075,3723,2025-06-26,1,102.4,Store
3426,P077,3723,2025-10-31,1,189.5,Online
3427,P072,3723,2026-03-18,3,217.05,Store
3428,P054,3723,2026-07-30,1,77.25,Online
3429,P065,3724,2025-05-27,1,74.8,Online
3430,P054,3724,2026-08-23,1,77.25,Store
3431,P098,3726,2024-02-06,2,126.9,Store
3432,P072,3728,2024-07-29,1,72.35,Online
3433,P007,3728,2025-05-26,3,158.7,Online
3434,P037,3728,2026-04-17,2,279.6,Online
3435,P092,3729,2023-12-01,1,68.75,Online
3436,P063,3729,2024-07-12,2,89.0,Store
3437,P026,3729,2025-04-14,1,64.8,Online
3438,P003,3729,2025-12-25,1,113.82,Online
3439,P048,3730,2024-10-22,3,257.52,Online
3440,P004,3730,2025-07-19,1,95.82,Store
3441,P047,3731,2023-09-26,5,280.35,Online
3442,P073,3731,2024-12-06,3,268.5,Online
3443,P076,3731,2026-01-10,1,159.9,Online
3444,P013,3732,2024-12-13,1,83.6,Online
3445,P010,3733,2024-02-02,2,179.98,Online
3446,P093,3733,2024-11-09,4,319.8,Store
3447,P087,3733,2025-08-08,3,275.1,Online
3448,P067,3733,2026-06-21,1,32.5,Online
3449,P050,3734,2024-05-27,2,108.64,Online
3450,P058,3735,2024-04-21,1,104.9,Store
3451,P078,3735,2025-12-14,1,134.75,Online
3452,P026,3736,2025-01-11,1,64.8,Online
3453,P087,3736,2026-06-17,1,91.7,Store
3454,P076,3737,2023-01-10,1,159.9,Online
3455,P022,3738,2023-12-03,4,479.6,Store
3456,P041,3738,2025-04-26,4,475.6,Online
3457,P033,3738,2026-08-03,3,382.14,Online
3458,P008,3740,2024-08-18,4,195.0,Online
3459,P030,3742,2024-12-06,1,31.9,Online
3460,P039,3742,2026-04-15,2,313.5,Online
3461,P097,3743,2023-05-02,3,217.8,Online
3462,P010,3743,2023-11-25,2,179.98,Online
3463,P068,3743,2024-06-26,3,176.85,Online
3464,P046,3743,2025-01-31,1,39.76,Store
3465,P070,3743,2025-09-18,3,346.8,Online
3466,P018,3743,2026-04-17,3,395.79,Store
3467,P082,3744,2024-07-31,2,71.2,Store
3468,P029,3745,2024-10-29,1,76.4,Store
3469,P082,3745,2025-05-28,1,35.6,Online
3470,P053,3746,2023-02-14,1,59.8,Online
3471,P015,3746,2024-07-21,1,91.25,Online
3472,P058,3746,2025-12-17,2,209.8,Online
3473,P088,3747,2023-08-04,2,211.7,Online
3474,P034,3747,2024-06-06,2,87.34,Online
3475,P065,3747,2025-03-30,1,74.8,Online
3476,P037,3747,2026-01-18,1,139.8,Store
3477,P089,3748,2024-07-09,1,219.9,Online
3478,P032,3750,2023-11-09,4,583.76,Store
3479,P091,3750,2024-04-26,1,49.9,Store
3480,P082,3750,2024-10-13,3,106.8,Online
3481,P002,3750,2025-03-19,2,286.7,Store
3482,P025,3750,2025-08-19,2,199.98,Online
3483,P025,3750,2026-01-18,2,199.98,Store
3484,P040,3750,2026-07-09,3,246.9,Online
3485,P087,3751,2023-06-02,3,275.1,Store
3486,P015,3752,2025-01-27,1,91.25,Online
3487,P034,3752,2025-10-01,1,43.67,Online
3488,P026,3753,2024-06-05,2,129.6,Online
3489,P091,3754,2023-12-30,1,49.9,Online
3490,P078,3756,2023-03-20,1,134.75,Online
3491,P077,3756,2024-08-28,4,758.0,Online
3492,P089,3756,2026-03-06,4,879.6,Online
3493,P034,3757,2024-03-23,2,87.34,Online
3494,P057,3757,2025-09-18,1,51.4,Online
3495,P098,3758,2023-07-18,3,190.35,Store
3496,P009,3759,2024-05-17,3,217.2,Online
3497,P036,3759,2025-04-10,1,112.45,Online
3498,P044,3759,2026-02-22,1,149.99,Online
3499,P062,3760,2025-10-19,2,79.8,Store
3500,P036,3761,2024-12-23,2,224.9,Store
3501,P066,3761,2026-07-21,2,73.8,Store
3502,P061,3763,2024-11-30,2,139.9,Online
3503,P004,3763,2025-10-01,1,95.82,Online
3504,P054,3763,2026-07-03,1,77.25,Online
3505,P051,3764,2023-09-05,2,259.8,Online
3506,P049,3764,2024-04-03,2,146.62,Online
3507,P036,3764,2024-11-26,1,112.45,Online
3508,P074,3764,2025-06-29,2,135.5,Online
3509,P084,3764,2026-01-19,3,509.4,Online
3510,P027,3765,2023-10-08,1,105.3,Online
3511,P017,3766,2024-05-05,3,68.52,Store
3512,P051,3766,2024-12-31,1,129.9,Online
3513,P012,3767,2024-09-02,1,42.8,Online
3514,P089,3767,2025-06-15,3,659.7,Online
3515,P061,3767,2026-03-09,4,279.8,Online
3516,P028,3771,2025-05-12,1,128.65,Store
3517,P074,3771,2026-04-23,2,135.5,Online
3518,P059,3773,2024-08-11,1,34.75,Online
3519,P038,3773,2026-01-05,3,283.8,Online
3520,P069,3774,2023-09-14,2,162.4,Online
3521,P027,3775,2024-02-18,4,421.2,Store
3522,P012,3775,2025-10-23,1,42.8,Online
3523,P073,3776,2023-04-14,1,89.5,Online
3524,P018,3776,2023-08-04,3,395.79,Online
3525,P028,3776,2023-11-25,3,385.95,Online
3526,P027,3776,2024-04-02,2,210.6,Store
3527,P031,3776,2024-07-29,2,35.56,Online
3528,P092,3776,2024-11-13,2,137.5,Store
3529,P077,3776,2025-03-18,1,189.5,Store
3530,P023,3776,2025-07-24,2,51.0,Online
3531,P097,3776,2025-11-15,1,72.6,Store
3532,P100,3776,2026-03-06,2,189.5,Online
3533,P023,3776,2026-07-03,1,25.5,Online
3534,P048,3778,2023-02-17,2,171.68,Online
3535,P100,3780,2024-04-02,1,94.75,Online
3536,P014,3781,2025-03-20,1,124.5,Store
3537,P043,3781,2026-06-27,3,325.2,Store
3538,P054,3782,2024-04-05,1,77.25,Online
3539,P052,3782,2024-10-19,1,68.45,Online
3540,P036,3783,2023-03-12,4,449.8,Online
3541,P012,3784,2024-02-10,3,128.4,Online
3542,P048,3786,2024-08-02,2,171.68,Store
3543,P074,3786,2025-01-11,1,67.75,Store
3544,P008,3786,2025-06-24,1,48.75,Store
3545,P099,3786,2025-12-01,2,119.8,Online
3546,P005,3786,2026-05-10,2,72.12,Online
3547,P004,3787,2024-07-19,1,95.82,Online
3548,P079,3788,2023-05-28,1,79.9,Online
3549,P067,3788,2025-01-07,5,162.5,Store
3550,P034,3789,2023-06-20,3,131.01,Online
3551,P078,3789,2024-08-22,3,404.25,Store
3552,P073,3789,2025-11-17,2,179.0,Store
3553,P038,3790,2023-08-17,3,283.8,Online
3554,P070,3790,2024-05-04,3,346.8,Store
3555,P077,3790,2025-01-03,3,568.5,Online
3556,P055,3790,2025-09-14,1,45.6,Online
3557,P050,3790,2026-06-05,4,217.28,Online
3558,P006,3792,2023-08-16,2,156.9,Online
3559,P010,3792,2024-05-10,3,269.97,Online
3560,P080,3794,2026-03-06,2,199.0,Online
3561,P097,3795,2025-12-25,1,72.6,Online
3562,P087,3796,2023-12-10,4,366.8,Online
3563,P031,3797,2024-12-15,1,17.78,Store
3564,P080,3797,2026-06-30,3,298.5,Online
3565,P070,3798,2024-11-24,4,462.4,Online
3566,P049,3798,2026-01-19,2,146.62,Online
3567,P048,3799,2023-05-02,2,171.68,Store
3568,P097,3800,2024-02-21,1,72.6,Store
3569,P050,3800,2024-11-19,1,54.32,Online
3570,P085,3800,2025-08-24,2,149.0,Store
3571,P092,3800,2026-05-04,1,68.75,Online
3572,P044,3801,2025-05-25,1,149.99,Store
3573,P001,3802,2023-05-17,2,131.12,Store
3574,P033,3802,2024-01-05,1,127.38,Store
3575,P076,3802,2024-09-05,3,479.7,Online
3576,P070,3802,2025-05-04,1,115.6,Online
3577,P078,3802,2026-01-07,2,269.5,Store
3578,P080,3802,2026-08-28,4,398.0,Online
3579,P054,3803,2023-06-26,1,77.25,Store
3580,P098,3804,2023-10-24,1,63.45,Online
3581,P045,3804,2024-07-31,1,67.85,Store
3582,P017,3804,2025-05-09,1,22.84,Store
3583,P070,3804,2026-02-24,2,231.2,Online
3584,P015,3805,2024-01-22,3,273.75,Store
3585,P012,3805,2024-07-28,2,85.6,Store
3586,P054,3805,2025-01-16,1,77.25,Online
3587,P004,3805,2025-07-17,5,479.1,Store
3588,P083,3805,2026-01-07,1,145.9,Online
3589,P065,3805,2026-07-05,2,149.6,Store
3590,P065,3807,2024-12-05,1,74.8,Online
3591,P072,3807,2025-07-14,2,144.7,Online
3592,P011,3808,2024-05-19,1,61.35,Online
3593,P054,3808,2024-10-10,2,154.5,Store
3594,P085,3808,2025-03-07,3,223.5,Online
3595,P098,3808,2025-07-22,3,190.35,Online
3596,P022,3808,2025-12-21,2,239.8,Online
3597,P070,3808,2026-05-10,1,115.6,Online
3598,P051,3810,2023-05-05,3,389.7,Online
3599,P036,3811,2023-08-07,3,337.35,Online
3600,P004,3812,2024-06-01,3,287.46,Online
3601,P055,3812,2025-03-07,3,136.8,Online
3602,P026,3812,2025-11-19,1,64.8,Online
3603,P090,3812,2026-08-08,2,359.0,Online
3604,P073,3813,2023-09-08,4,358.0,Store
3605,P021,3814,2023-12-22,2,174.9,Store
3606,P084,3814,2024-08-18,2,339.6,Store
3607,P042,3816,2023-12-07,5,367.75,Online
3608,P046,3816,2024-06-23,1,39.76,Store
3609,P090,3817,2023-05-26,1,179.5,Online
3610,P065,3819,2024-08-21,1,74.8,Online
3611,P018,3819,2025-11-15,1,131.93,Online
3612,P096,3820,2024-09-07,4,155.6,Online
3613,P065,3820,2025-03-09,1,74.8,Online
3614,P033,3820,2025-08-16,1,127.38,Online
3615,P058,3820,2026-02-22,1,104.9,Online
3616,P048,3820,2026-08-19,1,85.84,Store
3617,P055,3821,2025-01-03,2,91.2,Online
3618,P095,3821,2026-03-30,3,136.5,Store
3619,P072,3822,2024-02-11,1,72.35,Store
3620,P014,3822,2024-09-11,4,498.0,Store
3621,P010,3822,2025-04-09,1,89.99,Online
3622,P095,3822,2025-11-26,2,91.0,Online
3623,P056,3822,2026-07-10,1,92.75,Online
3624,P010,3823,2023-05-22,1,89.99,Online
3625,P027,3824,2024-07-12,3,315.9,Online
3626,P058,3824,2026-03-02,2,209.8,Online
3627,P056,3826,2025-10-31,1,92.75,Online
3628,P045,3829,2024-07-14,2,135.7,Store
3629,P026,3829,2025-04-12,1,64.8,Store
3630,P013,3829,2025-11-21,1,83.6,Online
3631,P015,3829,2026-08-03,3,273.75,Online
3632,P082,3830,2024-12-28,2,71.2,Store
3633,P086,3830,2026-04-21,2,177.9,Online
3634,P094,3833,2023-05-26,1,54.8,Online
3635,P094,3833,2023-11-17,3,164.4,Online
3636,P080,3833,2024-05-17,2,199.0,Store
3637,P036,3833,2024-11-16,4,449.8,Store
3638,P024,3833,2025-05-12,3,407.25,Online
3639,P023,3833,2025-10-18,1,25.5,Online
3640,P043,3833,2026-04-05,2,216.8,Online
3641,P029,3834,2024-06-17,2,152.8,Online
3642,P057,3834,2024-10-22,4,205.6,Online
3643,P021,3834,2025-03-16,2,174.9,Store
3644,P070,3834,2025-08-07,2,231.2,Online
3645,P023,3834,2025-12-17,4,102.0,Online
3646,P038,3834,2026-04-20,3,283.8,Online
3647,P092,3836,2025-10-04,2,137.5,Online
3648,P019,3837,2023-09-21,1,96.15,Online
3649,P066,3837,2024-06-14,4,147.6,Online
3650,P025,3837,2025-01-29,1,99.99,Online
3651,P016,3837,2025-10-10,2,72.12,Store
3652,P049,3837,2026-06-23,1,73.31,Store
3653,P074,3838,2024-07-27,3,203.25,Online
3654,P097,3839,2024-02-25,3,217.8,Online
3655,P044,3840,2023-11-09,1,149.99,Store
3656,P009,3840,2024-04-30,1,72.4,Online
3657,P011,3840,2024-10-17,1,61.35,Online
3658,P094,3840,2025-03-23,3,164.4,Online
3659,P021,3840,2025-09-23,2,174.9,Online
3660,P090,3840,2026-03-02,3,538.5,Online
3661,P084,3840,2026-08-28,5,849.0,Online
3662,P045,3841,2023-10-13,1,67.85,Store
3663,P097,3842,2024-10-28,1,72.6,Store
3664,P002,3843,2023-07-22,1,143.35,Online
3665,P030,3843,2023-12-27,5,159.5,Online
3666,P028,3843,2024-05-25,2,257.3,Online
3667,P092,3843,2024-10-11,2,137.5,Online
3668,P041,3843,2025-03-07,2,237.8,Online
3669,P004,3843,2025-08-03,1,95.82,Online
3670,P049,3843,2025-12-19,2,146.62,Online
3671,P034,3843,2026-05-11,1,43.67,Online
3672,P053,3844,2024-11-07,1,59.8,Online
3673,P099,3846,2024-09-10,1,59.9,Online
3674,P034,3846,2026-02-24,3,131.01,Store
3675,P053,3848,2024-11-26,1,59.8,Online
3676,P001,3848,2026-03-13,1,65.56,Online
3677,P063,3849,2025-02-08,1,44.5,Store
3678,P085,3850,2023-10-11,2,149.0,Online
3679,P050,3850,2024-07-07,1,54.32,Online
3680,P002,3850,2025-02-23,3,430.05,Online
3681,P091,3850,2025-10-22,1,49.9,Online
3682,P080,3850,2026-06-07,3,298.5,Store
3683,P067,3851,2024-05-14,1,32.5,Store
3684,P039,3851,2025-02-03,1,156.75,Store
3685,P045,3851,2025-09-30,2,135.7,Online
3686,P071,3851,2026-05-25,1,64.9,Store
3687,P006,3853,2023-08-11,1,78.45,Online
3688,P086,3854,2023-12-24,1,88.95,Online
3689,P029,3854,2024-05-05,3,229.2,Online
3690,P035,3854,2024-08-27,1,39.55,Store
3691,P046,3854,2024-12-31,3,119.28,Online
3692,P049,3854,2025-05-03,1,73.31,Store
3693,P026,3854,2025-09-09,1,64.8,Online
3694,P074,3854,2026-01-11,3,203.25,Online
3695,P015,3854,2026-05-10,1,91.25,Online
3696,P020,3855,2023-05-13,2,221.18,Store
3697,P042,3856,2024-07-08,1,73.55,Online
3698,P013,3856,2024-12-06,2,167.2,Online
3699,P098,3856,2025-05-07,1,63.45,Online
3700,P062,3856,2025-10-11,1,39.9,Store
3701,P015,3856,2026-02-20,4,365.0,Store
3702,P082,3856,2026-07-29,2,71.2,Online
3703,P004,3857,2024-07-19,2,191.64,Store
3704,P022,3857,2026-03-28,4,479.6,Online
3705,P033,3858,2024-04-22,2,254.76,Online
3706,P012,3860,2023-05-20,1,42.8,Online
3707,P037,3860,2023-12-14,1,139.8,Store
3708,P056,3861,2024-10-12,1,92.75,Online
3709,P037,3862,2024-08-21,1,139.8,Online
3710,P100,3862,2025-05-20,1,94.75,Online
3711,P003,3862,2026-03-12,1,113.82,Store
3712,P072,3863,2024-03-03,2,144.7,Online
3713,P062,3864,2024-01-25,3,119.7,Online
3714,P046,3864,2025-02-11,1,39.76,Online
3715,P035,3864,2026-07-01,1,39.55,Store
3716,P087,3865,2023-10-27,1,91.7,Store
3717,P066,3865,2024-02-26,2,73.8,Online
3718,P061,3865,2024-06-24,2,139.9,Online
3719,P061,3865,2024-10-30,1,69.95,Online
3720,P032,3865,2025-02-24,3,437.82,Online
3721,P079,3865,2025-06-16,4,319.6,Store
3722,P081,3865,2025-10-13,1,42.8,Online
3723,P027,3865,2026-02-24,3,315.9,Online
3724,P004,3865,2026-06-18,3,287.46,Online
3725,P093,3866,2024-02-06,2,159.9,Online
3726,P001,3866,2024-06-14,1,65.56,Store
3727,P040,3866,2024-10-23,2,164.6,Store
3728,P086,3866,2025-03-09,1,88.95,Store
3729,P018,3866,2025-07-27,3,395.79,Store
3730,P064,3866,2025-12-12,1,98.75,Online
3731,P048,3866,2026-04-30,1,85.84,Store
3732,P082,3867,2024-05-18,2,71.2,Online
3733,P024,3869,2024-12-23,2,271.5,Store
3734,P003,3869,2026-03-26,3,341.46,Store
3735,P042,3870,2023-08-09,2,147.1,Store
3736,P030,3870,2024-04-01,1,31.9,Online
3737,P097,3870,2024-10-31,1,72.6,Online
3738,P072,3870,2025-05-29,1,72.35,Store
3739,P077,3870,2026-01-18,1,189.5,Online
3740,P020,3870,2026-08-23,2,221.18,Online
3741,P071,3871,2025-04-06,4,259.6,Store
3742,P020,3871,2025-10-30,1,110.59,Online
3743,P097,3872,2024-07-27,2,145.2,Store
3744,P064,3872,2026-03-08,2,197.5,Store
3745,P053,3873,2025-02-16,2,119.6,Store
3746,P054,3873,2025-11-12,1,77.25,Store
3747,P095,3875,2024-05-06,1,45.5,Online
3748,P088,3875,2025-07-17,1,105.85,Online
3749,P089,3875,2026-08-02,5,1099.5,Online
3750,P072,3876,2023-09-03,1,72.35,Store
3751,P034,3877,2023-08-03,1,43.67,Online
3752,P009,3878,2023-02-28,5,362.0,Online
3753,P041,3880,2025-04-18,1,118.9,Online
3754,P082,3881,2023-12-29,2,71.2,Online
3755,P027,3881,2024-08-15,1,105.3,Store
3756,P018,3881,2025-05-22,1,131.93,Online
3757,P016,3881,2026-02-05,3,108.18,Store
3758,P038,3882,2023-09-11,1,94.6,Store
3759,P088,3886,2024-08-15,3,317.55,Online
3760,P089,3886,2025-10-12,1,219.9,Store
3761,P076,3887,2023-11-25,1,159.9,Store
3762,P034,3888,2023-09-20,2,87.34,Online
3763,P087,3890,2025-04-26,4,366.8,Store
3764,P083,3890,2026-03-16,2,291.8,Store
3765,P095,3891,2024-05-20,3,136.5,Store
3766,P087,3891,2025-01-26,2,183.4,Store
3767,P092,3891,2025-10-05,2,137.5,Store
3768,P088,3891,2026-07-04,1,105.85,Online
3769,P014,3893,2024-07-16,1,124.5,Online
3770,P098,3893,2025-09-23,1,63.45,Store
3771,P022,3894,2023-04-30,3,359.7,Store
3772,P078,3894,2023-10-10,2,269.5,Store
3773,P063,3894,2024-03-25,1,44.5,Online
3774,P028,3894,2024-09-01,1,128.65,Store
3775,P050,3894,2025-01-30,4,217.28,Online
3776,P024,3894,2025-07-03,2,271.5,Online
3777,P034,3894,2025-12-11,1,43.67,Store
3778,P034,3894,2026-05-31,1,43.67,Online
3779,P094,3896,2024-12-24,2,109.6,Online
3780,P034,3897,2025-01-02,1,43.67,Online
3781,P100,3897,2025-05-12,1,94.75,Online
3782,P038,3897,2025-09-25,1,94.6,Online
3783,P028,3897,2026-01-30,1,128.65,Online
3784,P033,3897,2026-06-25,1,127.38,Store
3785,P035,3898,2024-04-08,1,39.55,Store
3786,P004,3898,2025-10-21,4,383.28,Online
3787,P091,3899,2023-08-17,2,99.8,Online
3788,P045,3899,2024-02-16,5,339.25,Online
3789,P075,3899,2024-08-20,3,307.2,Store
3790,P021,3899,2025-02-08,4,349.8,Online
3791,P057,3899,2025-08-11,1,51.4,Store
3792,P002,3899,2026-01-23,1,143.35,Online
3793,P010,3899,2026-07-08,3,269.97,Online
3794,P066,3901,2023-02-27,1,36.9,Online
3795,P054,3902,2025-02-11,4,309.0,Store
3796,P067,3902,2026-05-25,1,32.5,Online
3797,P028,3904,2024-01-23,2,257.3,Online
3798,P061,3905,2025-11-20,1,69.95,Store
3799,P041,3906,2024-11-01,1,118.9,Online
3800,P048,3906,2025-09-05,5,429.2,Online
3801,P023,3906,2026-05-15,3,76.5,Store
3802,P088,3908,2023-10-11,1,105.85,Store
3803,P068,3908,2024-08-24,1,58.95,Online
3804,P046,3908,2025-06-03,1,39.76,Online
3805,P044,3908,2026-03-26,3,449.97,Online
3806,P058,3909,2024-02-23,1,104.9,Online
3807,P013,3909,2024-07-25,2,167.2,Online
3808,P003,3909,2024-12-20,3,341.46,Online
3809,P094,3909,2025-06-06,1,54.8,Store
3810,P010,3909,2025-11-09,1,89.99,Online
3811,P099,3909,2026-04-03,1,59.9,Store
3812,P050,3909,2026-08-26,2,108.64,Store
3813,P043,3911,2024-03-31,1,108.4,Store
3814,P089,3914,2024-04-02,1,219.9,Online
3815,P023,3916,2024-12-21,1,25.5,Store
3816,P041,3916,2026-07-03,1,118.9,Store
3817,P077,3917,2024-12-10,1,189.5,Online
3818,P083,3917,2025-05-27,1,145.9,Online
3819,P002,3917,2025-10-26,4,573.4,Online
3820,P011,3917,2026-04-10,1,61.35,Online
3821,P100,3917,2026-08-30,1,94.75,Online
3822,P084,3918,2024-03-29,1,169.8,Online
3823,P037,3918,2025-06-06,2,279.6,Online
3824,P006,3919,2023-03-29,1,78.45,Online
3825,P044,3921,2023-03-26,1,149.99,Online
3826,P068,3921,2023-11-20,4,235.8,Online
3827,P025,3922,2023-08-26,1,99.99,Online
3828,P088,3923,2024-05-25,1,105.85,Online
3829,P031,3923,2024-11-15,1,17.78,Store
3830,P044,3923,2025-04-19,2,299.98,Store
3831,P009,3923,2025-10-12,5,362.0,Online
3832,P042,3923,2026-04-03,1,73.55,Store
3833,P011,3924,2024-04-09,1,61.35,Online
3834,P047,3925,2024-08-19,1,56.07,Store
3835,P074,3925,2026-03-26,2,135.5,Store
3836,P044,3926,2025-04-14,1,149.99,Online
3837,P063,3926,2026-01-26,4,178.0,Online
3838,P086,3928,2024-03-11,2,177.9,Store
3839,P016,3929,2024-08-10,1,36.06,Store
3840,P069,3929,2025-01-08,3,243.6,Online
3841,P083,3929,2025-05-17,2,291.8,Online
3842,P094,3929,2025-10-12,1,54.8,Online
3843,P027,3929,2026-02-24,1,105.3,Online
3844,P032,3929,2026-07-23,4,583.76,Store
3845,P091,3932,2024-07-12,1,49.9,Online
3846,P032,3932,2026-03-10,1,145.94,Online
3847,P093,3935,2024-01-20,1,79.95,Online
3848,P031,3935,2024-07-14,4,71.12,Store
3849,P057,3935,2024-12-31,1,51.4,Store
3850,P067,3935,2025-06-19,1,32.5,Online
3851,P063,3935,2025-12-26,1,44.5,Online
3852,P048,3935,2026-06-12,1,85.84,Online
3853,P096,3936,2024-12-14,2,77.8,Store
3854,P018,3936,2026-04-30,2,263.86,Online
3855,P034,3937,2024-01-17,3,131.01,Online
3856,P045,3937,2024-09-04,3,203.55,Store
3857,P026,3937,2025-05-14,2,129.6,Store
3858,P069,3937,2026-01-05,1,81.2,Online
3859,P006,3938,2024-02-02,2,156.9,Store
3860,P070,3938,2025-06-10,1,115.6,Online
3861,P071,3939,2024-10-01,2,129.8,Online
3862,P064,3939,2026-04-03,4,395.0,Online
3863,P074,3940,2023-09-16,1,67.75,Store
3864,P096,3940,2024-07-06,1,38.9,Store
3865,P068,3940,2025-04-09,1,58.95,Online
3866,P049,3940,2026-02-04,1,73.31,Store
3867,P001,3941,2023-08-11,4,262.24,Store
3868,P018,3941,2024-10-19,3,395.79,Online
3869,P077,3941,2025-12-29,1,189.5,Store
3870,P031,3942,2024-01-26,3,53.34,Store
3871,P025,3942,2024-08-28,1,99.99,Online
3872,P098,3942,2025-03-24,3,190.35,Online
3873,P042,3942,2025-10-19,1,73.55,Online
3874,P025,3942,2026-05-13,1,99.99,Store
3875,P086,3944,2024-11-16,2,177.9,Online
3876,P053,3944,2025-05-07,1,59.8,Store
3877,P069,3944,2025-10-31,3,243.6,Online
3878,P008,3944,2026-04-17,5,243.75,Online
3879,P069,3946,2024-04-29,1,81.2,Store
3880,P065,3946,2025-08-19,5,374.0,Store
3881,P092,3947,2024-11-05,2,137.5,Store
3882,P008,3947,2025-06-22,1,48.75,Store
3883,P017,3947,2026-02-11,2,45.68,Store
3884,P100,3948,2023-10-01,3,284.25,Online
3885,P077,3948,2024-05-22,3,568.5,Online
3886,P011,3950,2023-05-03,1,61.35,Store
3887,P039,3950,2023-10-28,1,156.75,Online
3888,P052,3950,2024-04-29,2,136.9,Store
3889,P073,3950,2024-10-19,5,447.5,Online
3890,P003,3950,2025-04-25,3,341.46,Online
3891,P095,3950,2025-10-11,3,136.5,Online
3892,P014,3950,2026-04-01,2,249.0,Online
3893,P015,3952,2023-06-06,1,91.25,Store
3894,P051,3952,2023-11-19,1,129.9,Online
3895,P040,3953,2024-04-28,1,82.3,Online
3896,P043,3953,2024-11-09,1,108.4,Store
3897,P024,3954,2025-01-21,3,407.25,Online
3898,P065,3955,2024-07-16,1,74.8,Online
3899,P029,3956,2023-04-06,2,152.8,Store
3900,P085,3956,2023-10-29,2,149.0,Online
3901,P089,3956,2024-06-29,3,659.7,Store
3902,P024,3956,2025-03-08,1,135.75,Online
3903,P050,3956,2025-11-08,1,54.32,Online
3904,P067,3956,2026-07-18,2,65.0,Online
3905,P077,3957,2023-11-28,2,379.0,Online
3906,P045,3957,2024-08-15,1,67.85,Store
3907,P049,3957,2025-04-18,1,73.31,Store
3908,P053,3957,2026-01-15,1,59.8,Online
3909,P094,3958,2023-11-24,1,54.8,Online
3910,P009,3958,2024-09-13,3,217.2,Online
3911,P035,3958,2025-07-11,1,39.55,Online
3912,P059,3958,2026-05-23,4,139.0,Online
3913,P011,3960,2024-01-12,1,61.35,Online
3914,P093,3960,2025-07-14,2,159.9,Store
3915,P097,3962,2023-10-25,1,72.6,Store
3916,P007,3963,2024-04-12,4,211.6,Online
3917,P055,3963,2025-06-21,3,136.8,Store
3918,P076,3963,2026-08-29,2,319.8,Online
3919,P096,3964,2023-08-17,1,38.9,Online
3920,P096,3965,2023-12-25,2,77.8,Online
3921,P085,3965,2025-02-15,1,74.5,Online
3922,P057,3965,2026-04-19,2,102.8,Online
3923,P048,3966,2024-11-24,2,171.68,Online
3924,P054,3966,2025-12-31,1,77.25,Online
3925,P005,3967,2024-11-10,3,108.18,Online
3926,P045,3967,2025-08-13,2,135.7,Online
3927,P049,3969,2023-05-10,1,73.31,Online
3928,P007,3971,2023-11-26,2,105.8,Store
3929,P062,3971,2024-08-21,1,39.9,Store
3930,P069,3971,2025-05-03,1,81.2,Online
3931,P058,3971,2026-02-05,2,209.8,Online
3932,P056,3972,2024-10-20,1,92.75,Store
3933,P047,3972,2025-06-23,2,112.14,Store
3934,P008,3973,2024-06-30,4,195.0,Online
3935,P035,3973,2025-08-14,2,79.1,Store
3936,P079,3974,2023-08-28,2,159.8,Online
3937,P017,3975,2025-07-20,3,68.52,Online
3938,P085,3976,2024-07-21,1,74.5,Store
3939,P066,3976,2025-03-08,2,73.8,Store
3940,P037,3976,2025-11-13,3,419.4,Store
3941,P022,3976,2026-08-15,1,119.9,Store
3942,P039,3977,2023-03-30,2,313.5,Store
3943,P006,3978,2025-07-29,1,78.45,Online
3944,P009,3981,2024-08-26,2,144.8,Online
3945,P023,3983,2023-09-30,1,25.5,Store
3946,P023,3984,2024-08-28,4,102.0,Online
3947,P055,3985,2023-08-27,1,45.6,Online
3948,P037,3985,2025-02-27,2,279.6,Online
3949,P009,3985,2026-08-23,2,144.8,Online
3950,P013,3989,2024-10-03,2,167.2,Store
3951,P058,3989,2025-12-27,1,104.9,Online
3952,P038,3990,2025-06-30,1,94.6,Store
3953,P075,3991,2025-03-21,1,102.4,Store
3954,P062,3991,2026-07-08,1,39.9,Online
3955,P057,3993,2024-10-18,2,102.8,Store
3956,P038,3993,2025-04-17,1,94.6,Online
3957,P095,3994,2024-07-24,1,45.5,Online
3958,P014,3994,2026-03-10,2,249.0,Online
3959,P047,3995,2024-08-30,1,56.07,Store
3960,P051,3996,2023-12-11,4,519.6,Online
3961,P031,3998,2023-04-20,1,17.78,Online
3962,P035,3999,2023-03-28,2,79.1,Store
3963,P078,3999,2023-10-21,3,404.25,Online
3964,P088,4000,2024-11-28,3,317.55,Store
3965,P031,4000,2025-05-11,1,17.78,Online
3966,P070,4000,2025-10-27,1,115.6,Online
3967,P001,4000,2026-03-30,3,196.68,Store
3968,P046,4002,2023-11-23,1,39.76,Store
3969,P005,4003,2023-07-02,1,36.06,Online
3970,P073,4003,2023-11-05,2,179.0,Store
3971,P082,4003,2024-03-24,1,35.6,Store
3972,P068,4003,2024-08-16,1,58.95,Online
3973,P016,4003,2025-01-18,1,36.06,Store
3974,P026,4003,2025-05-26,1,64.8,Store
3975,P016,4003,2025-10-16,4,144.24,Store
3976,P080,4003,2026-03-02,1,99.5,Online
3977,P029,4003,2026-08-04,2,152.8,Online
3978,P081,4004,2024-03-22,2,85.6,Store
3979,P039,4004,2024-08-07,1,156.75,Online
3980,P051,4004,2024-12-22,2,259.8,Store
3981,P046,4004,2025-05-25,4,159.04,Store
3982,P040,4004,2025-10-28,3,246.9,Online
3983,P057,4004,2026-03-14,2,102.8,Online
3984,P061,4004,2026-08-16,1,69.95,Online
3985,P010,4005,2024-06-24,1,89.99,Store
3986,P040,4005,2025-08-12,1,82.3,Online
3987,P003,4010,2023-11-17,1,113.82,Store
3988,P082,4010,2024-09-05,1,35.6,Online
3989,P017,4010,2025-07-20,1,22.84,Store
3990,P041,4010,2026-05-18,2,237.8,Online
3991,P046,4011,2024-06-28,3,119.28,Online
3992,P056,4012,2023-10-24,1,92.75,Store
3993,P080,4012,2024-03-05,1,99.5,Online
3994,P069,4012,2024-07-12,1,81.2,Online
3995,P003,4012,2024-11-16,2,227.64,Online
3996,P047,4012,2025-03-13,3,168.21,Online
3997,P016,4012,2025-07-30,1,36.06,Store
3998,P039,4012,2025-12-20,1,156.75,Online
3999,P076,4012,2026-04-25,1,159.9,Online
4000,P079,4012,2026-08-30,5,399.5,Online
4001,P002,4013,2024-08-12,2,286.7,Online
4002,P051,4013,2025-02-27,4,519.6,Store
4003,P026,4013,2025-10-16,2,129.6,Store
4004,P037,4013,2026-05-20,2,279.6,Online
4005,P053,4014,2023-12-10,3,179.4,Online
4006,P035,4014,2024-04-14,1,39.55,Online
4007,P017,4014,2024-08-22,2,45.68,Online
4008,P009,4014,2025-01-06,2,144.8,Store
4009,P062,4014,2025-05-21,3,119.7,Online
4010,P081,4014,2025-10-03,1,42.8,Online
4011,P087,4014,2026-02-22,1,91.7,Online
4012,P070,4014,2026-07-08,2,231.2,Store
4013,P096,4017,2025-12-08,3,116.7,Store
4014,P027,4018,2023-08-11,3,315.9,Store
4015,P029,4018,2025-04-15,1,76.4,Online
4016,P098,4019,2023-04-19,2,126.9,Online
4017,P098,4019,2024-02-20,1,63.45,Online
4018,P087,4019,2024-11-21,2,183.4,Online
4019,P044,4019,2025-10-13,2,299.98,Online
4020,P056,4019,2026-08-30,2,185.5,Online
4021,P011,4021,2024-11-15,2,122.7,Online
4022,P070,4022,2024-02-23,4,462.4,Store
4023,P027,4022,2024-11-01,4,421.2,Online
4024,P054,4022,2025-06-27,1,77.25,Online
4025,P059,4022,2026-03-01,3,104.25,Online
4026,P025,4023,2023-04-27,3,299.97,Online
4027,P082,4024,2024-09-28,2,71.2,Store
4028,P019,4024,2026-04-19,1,96.15,Store
4029,P087,4025,2024-08-08,2,183.4,Online
4030,P016,4026,2024-01-09,1,36.06,Online
4031,P057,4026,2024-11-03,1,51.4,Online
4032,P024,4026,2025-10-04,2,271.5,Online
4033,P018,4026,2026-08-17,3,395.79,Store
4034,P020,4027,2024-03-02,1,110.59,Online
4035,P051,4027,2024-12-04,2,259.8,Online
4036,P061,4028,2024-06-01,2,139.9,Online
4037,P056,4028,2025-02-14,2,185.5,Store
4038,P073,4029,2024-08-04,1,89.5,Online
4039,P034,4029,2025-11-16,1,43.67,Store
4040,P083,4031,2024-07-27,2,291.8,Store
4041,P021,4031,2025-12-17,2,174.9,Online
4042,P023,4033,2023-09-02,2,51.0,Store
4043,P016,4033,2024-10-10,2,72.12,Online
4044,P049,4033,2026-01-16,5,366.55,Online
4045,P063,4034,2025-04-23,2,89.0,Store
4046,P016,4034,2026-06-02,1,36.06,Store
4047,P097,4036,2023-08-24,1,72.6,Online
4048,P030,4036,2024-02-23,4,127.6,Online
4049,P075,4038,2023-11-20,1,102.4,Online
4050,P042,4038,2024-08-03,3,220.65,Store
4051,P083,4038,2025-05-31,1,145.9,Online
4052,P004,4038,2026-03-07,2,191.64,Store
4053,P081,4041,2024-06-08,3,128.4,Store
4054,P031,4041,2024-12-04,1,17.78,Store
4055,P037,4041,2025-05-19,1,139.8,Online
4056,P062,4041,2025-10-26,1,39.9,Online
4057,P071,4041,2026-04-23,1,64.9,Online
4058,P096,4042,2024-06-06,1,38.9,Online
4059,P038,4043,2023-11-27,1,94.6,Online
4060,P076,4044,2024-10-18,5,799.5,Store
4061,P021,4045,2025-07-28,2,174.9,Store
4062,P052,4046,2025-11-13,1,68.45,Store
4063,P050,4047,2025-10-26,3,162.96,Online
4064,P079,4048,2023-08-23,2,159.8,Online
4065,P013,4049,2024-04-25,1,83.6,Online
4066,P088,4050,2024-12-12,1,105.85,Online
4067,P069,4052,2024-11-24,1,81.2,Online
4068,P031,4052,2026-07-03,2,35.56,Online
4069,P066,4053,2024-02-19,1,36.9,Online
4070,P022,4053,2024-07-21,4,479.6,Online
4071,P031,4053,2024-12-04,2,35.56,Online
4072,P055,4053,2025-05-26,3,136.8,Online
4073,P063,4053,2025-11-22,3,133.5,Online
4074,P063,4053,2026-05-06,1,44.5,Online
4075,P044,4054,2024-02-11,2,299.98,Store
4076,P066,4055,2023-09-04,5,184.5,Online
4077,P052,4055,2024-04-27,1,68.45,Online
4078,P027,4055,2025-01-15,3,315.9,Online
4079,P041,4055,2025-11-03,3,356.7,Online
4080,P004,4055,2026-07-15,3,287.46,Store
4081,P009,4056,2023-12-04,2,144.8,Store
4082,P081,4056,2024-06-14,3,128.4,Online
4083,P005,4057,2024-11-08,2,72.12,Online
4084,P052,4059,2024-07-04,1,68.45,Online
4085,P058,4059,2025-02-02,4,419.6,Online
4086,P040,4060,2025-01-15,2,164.6,Online
4087,P022,4060,2026-04-10,1,119.9,Store
4088,P078,4062,2023-12-19,1,134.75,Online
4089,P055,4062,2025-06-07,3,136.8,Store
4090,P054,4063,2024-10-08,5,386.25,Online
4091,P068,4063,2026-02-24,1,58.95,Online
4092,P058,4064,2023-05-27,3,314.7,Online
4093,P066,4064,2024-03-06,1,36.9,Online
4094,P035,4064,2024-11-29,1,39.55,Online
4095,P030,4064,2025-07-26,2,63.8,Store
4096,P063,4064,2026-04-25,3,133.5,Online
4097,P040,4065,2023-08-27,4,329.2,Store
4098,P042,4065,2024-11-21,1,73.55,Store
4099,P036,4065,2026-01-13,3,337.35,Store
4100,P094,4070,2023-09-15,2,109.6,Online
4101,P021,4070,2024-05-09,2,174.9,Online
4102,P010,4070,2024-12-23,2,179.98,Online
4103,P099,4070,2025-08-11,1,59.9,Online
4104,P028,4070,2026-03-18,1,128.65,Online
4105,P091,4071,2023-10-14,2,99.8,Online
4106,P070,4072,2024-11-07,3,346.8,Online
4107,P061,4073,2023-04-14,1,69.95,Store
4108,P077,4074,2025-04-18,4,758.0,Online
4109,P049,4076,2024-01-04,3,219.93,Online
4110,P053,4076,2024-11-12,2,119.6,Online
4111,P100,4076,2025-10-03,2,189.5,Store
4112,P011,4076,2026-08-03,5,306.75,Online
4113,P031,4077,2023-06-24,1,17.78,Online
4114,P035,4077,2023-11-30,1,39.55,Store
4115,P023,4078,2023-11-17,3,76.5,Store
4116,P065,4081,2023-06-20,2,149.6,Online
4117,P067,4084,2025-02-14,2,65.0,Online
4118,P090,4084,2026-03-15,2,359.0,Online
4119,P021,4085,2024-11-18,1,87.45,Online
4120,P035,4085,2025-07-22,3,118.65,Store
4121,P092,4085,2026-04-07,1,68.75,Store
4122,P088,4089,2024-10-01,1,105.85,Online
4123,P060,4089,2025-10-26,3,143.7,Store
4124,P005,4090,2024-02-12,3,108.18,Online
4125,P088,4091,2024-08-06,3,317.55,Online
4126,P010,4091,2025-02-21,3,269.97,Online
4127,P008,4094,2025-02-13,4,195.0,Store
4128,P026,4095,2023-04-25,2,129.6,Store
4129,P047,4095,2023-09-07,2,112.14,Online
4130,P062,4095,2024-01-14,2,79.8,Store
4131,P060,4095,2024-05-19,1,47.9,Store
4132,P084,4095,2024-09-20,1,169.8,Online
4133,P096,4095,2025-01-20,1,38.9,Store
4134,P002,4095,2025-05-23,2,286.7,Online
4135,P085,4095,2025-10-01,2,149.0,Store
4136,P041,4095,2026-02-12,2,237.8,Online
4137,P006,4095,2026-06-22,2,156.9,Online
4138,P066,4096,2024-04-07,2,73.8,Online
4139,P082,4097,2024-01-02,1,35.6,Store
4140,P032,4098,2025-04-02,1,145.94,Store
4141,P023,4098,2026-05-28,2,51.0,Online
4142,P075,4100,2023-08-12,2,204.8,Online
4143,P099,4100,2024-05-29,1,59.9,Store
4144,P058,4100,2025-02-28,4,419.6,Store
4145,P057,4100,2025-12-20,2,102.8,Store
4146,P067,4103,2023-11-08,3,97.5,Store
4147,P097,4103,2024-03-10,1,72.6,Store
4148,P014,4103,2024-07-23,2,249.0,Online
4149,P036,4103,2024-12-04,1,112.45,Store
4150,P037,4103,2025-04-19,1,139.8,Store
4151,P043,4103,2025-09-14,1,108.4,Online
4152,P094,4103,2026-01-25,2,109.6,Store
4153,P030,4103,2026-05-27,2,63.8,Online
4154,P016,4105,2023-07-23,2,72.12,Store
4155,P099,4105,2024-04-16,2,119.8,Online
4156,P018,4105,2025-01-24,1,131.93,Online
4157,P015,4105,2025-10-10,3,273.75,Online
4158,P081,4105,2026-07-10,1,42.8,Online
4159,P089,4106,2023-10-01,3,659.7,Online
4160,P048,4106,2025-03-22,2,171.68,Store
4161,P006,4108,2023-04-28,4,313.8,Store
4162,P050,4108,2024-01-13,3,162.96,Online
4163,P088,4109,2024-05-30,1,105.85,Online
4164,P081,4109,2025-03-01,1,42.8,Online
4165,P075,4109,2025-11-26,2,204.8,Store
4166,P032,4109,2026-08-30,1,145.94,Online
4167,P091,4110,2024-07-07,2,99.8,Online
4168,P014,4110,2024-12-15,2,249.0,Online
4169,P013,4110,2025-05-27,2,167.2,Online
4170,P087,4110,2025-11-09,1,91.7,Online
4171,P056,4110,2026-05-04,1,92.75,Store
4172,P053,4111,2023-04-05,2,119.6,Online
4173,P066,4112,2025-02-27,2,73.8,Online
4174,P029,4112,2026-08-15,3,229.2,Store
4175,P073,4113,2024-08-22,1,89.5,Store
4176,P042,4113,2025-05-15,2,147.1,Online
4177,P042,4113,2026-04-06,1,73.55,Online
4178,P100,4115,2023-10-16,1,94.75,Online
4179,P060,4116,2024-02-25,1,47.9,Store
4180,P072,4116,2025-04-27,1,72.35,Store
4181,P022,4116,2026-07-30,1,119.9,Online
4182,P048,4118,2023-04-22,3,257.52,Store
4183,P073,4119,2023-08-09,5,447.5,Online
4184,P074,4119,2024-01-16,3,203.25,Online
4185,P062,4119,2024-06-09,1,39.9,Store
4186,P067,4119,2024-11-24,3,97.5,Online
4187,P087,4119,2025-04-27,2,183.4,Online
4188,P064,4119,2025-09-20,1,98.75,Store
4189,P018,4119,2026-03-02,2,263.86,Store
4190,P015,4119,2026-08-12,2,182.5,Online
4191,P078,4120,2024-04-12,1,134.75,Store
4192,P081,4121,2024-07-10,3,128.4,Online
4193,P082,4121,2025-11-22,1,35.6,Store
4194,P079,4122,2024-06-28,4,319.6,Store
4195,P062,4122,2025-04-25,2,79.8,Store
4196,P051,4122,2026-01-22,1,129.9,Online
4197,P089,4123,2023-07-19,1,219.9,Online
4198,P053,4124,2023-10-29,2,119.6,Online
4199,P065,4125,2024-05-01,2,149.6,Store
4200,P046,4125,2025-10-27,1,39.76,Online
4201,P090,4126,2024-02-08,4,718.0,Online
4202,P039,4126,2024-10-16,2,313.5,Store
4203,P041,4127,2023-08-06,4,475.6,Online
4204,P037,4127,2024-04-04,1,139.8,Online
4205,P037,4127,2024-11-22,2,279.6,Online
4206,P008,4127,2025-07-16,1,48.75,Online
4207,P085,4127,2026-03-02,1,74.5,Online
4208,P100,4130,2024-05-03,1,94.75,Online
4209,P058,4130,2025-09-28,1,104.9,Online
4210,P025,4131,2025-06-18,2,199.98,Online
4211,P089,4132,2023-12-30,1,219.9,Store
4212,P069,4132,2025-03-10,2,162.4,Store
4213,P014,4132,2026-06-01,2,249.0,Online
4214,P086,4135,2023-06-05,3,266.85,Online
4215,P036,4137,2024-05-04,3,337.35,Store
4216,P018,4139,2023-04-04,1,131.93,Online
4217,P020,4139,2023-12-17,2,221.18,Online
4218,P040,4140,2023-04-27,2,164.6,Store
4219,P065,4141,2025-01-07,5,374.0,Online
4220,P030,4144,2024-07-15,2,63.8,Store
4221,P092,4144,2024-11-13,2,137.5,Online
4222,P019,4144,2025-03-17,3,288.45,Online
4223,P002,4144,2025-07-24,2,286.7,Online
4224,P004,4144,2025-11-29,3,287.46,Store
4225,P005,4144,2026-04-10,4,144.24,Store
4226,P069,4144,2026-08-08,4,324.8,Store
4227,P071,4145,2024-11-19,3,194.7,Online
4228,P088,4145,2025-04-26,1,105.85,Store
4229,P094,4145,2025-10-27,2,109.6,Online
4230,P077,4145,2026-03-29,1,189.5,Store
4231,P043,4146,2024-05-10,2,216.8,Online
4232,P017,4146,2025-09-13,3,68.52,Online
4233,P086,4147,2024-08-03,2,177.9,Online
4234,P012,4147,2025-10-12,1,42.8,Store
4235,P044,4148,2024-07-20,2,299.98,Store
4236,P042,4149,2024-05-23,3,220.65,Online
4237,P042,4149,2025-02-17,1,73.55,Online
4238,P065,4150,2025-01-25,3,224.4,Online
4239,P007,4150,2025-07-22,1,52.9,Online
4240,P059,4150,2026-01-10,2,69.5,Store
4241,P037,4150,2026-06-22,1,139.8,Store
4242,P026,4151,2023-08-06,1,64.8,Store
4243,P091,4151,2025-03-17,1,49.9,Online
4244,P002,4153,2024-02-14,2,286.7,Online
4245,P029,4153,2024-08-31,2,152.8,Online
4246,P054,4153,2025-04-21,1,77.25,Store
4247,P039,4153,2025-11-20,2,313.5,Online
4248,P065,4153,2026-07-29,3,224.4,Online
4249,P031,4154,2024-05-09,1,17.78,Store
4250,P100,4154,2024-12-30,2,189.5,Online
4251,P007,4154,2025-08-03,1,52.9,Store
4252,P061,4154,2026-04-14,1,69.95,Online
4253,P020,4155,2023-12-18,1,110.59,Online
4254,P081,4155,2024-08-16,5,214.0,Online
4255,P047,4155,2025-04-13,2,112.14,Online
4256,P008,4155,2025-11-24,1,48.75,Online
4257,P080,4155,2026-08-22,1,99.5,Store
4258,P053,4156,2024-10-05,1,59.8,Online
4259,P005,4156,2025-06-21,1,36.06,Online
4260,P077,4156,2026-02-28,2,379.0,Online
4261,P053,4157,2024-02-27,1,59.8,Online
4262,P017,4157,2024-12-04,5,114.2,Store
4263,P059,4157,2025-09-15,1,34.75,Store
4264,P060,4157,2026-06-11,1,47.9,Online
4265,P009,4160,2025-10-16,1,72.4,Store
4266,P050,4161,2024-09-27,2,108.64,Store
4267,P041,4161,2026-07-10,2,237.8,Online
4268,P092,4162,2024-02-21,1,68.75,Online
4269,P043,4163,2024-03-18,2,216.8,Store
4270,P010,4163,2024-11-06,1,89.99,Online
4271,P080,4163,2025-08-01,2,199.0,Store
4272,P081,4163,2026-04-11,2,85.6,Online
4273,P067,4164,2024-06-22,1,32.5,Online
4274,P011,4165,2023-07-03,1,61.35,Store
4275,P045,4165,2024-03-19,4,271.4,Online
4276,P001,4165,2024-10-09,3,196.68,Online
4277,P026,4165,2025-04-19,1,64.8,Store
4278,P056,4165,2025-11-21,3,278.25,Store
4279,P055,4165,2026-06-17,2,91.2,Store
4280,P006,4168,2024-09-12,1,78.45,Online
4281,P093,4169,2024-09-30,1,79.95,Online
4282,P053,4169,2025-05-03,2,119.6,Online
4283,P065,4170,2024-01-15,3,224.4,Online
4284,P067,4170,2025-08-11,1,32.5,Online
4285,P054,4171,2025-07-20,1,77.25,Online
4286,P085,4174,2024-06-10,4,298.0,Store
4287,P074,4174,2025-09-28,3,203.25,Store
4288,P053,4175,2025-01-31,1,59.8,Online
4289,P084,4175,2025-11-22,2,339.6,Store
4290,P021,4176,2024-05-20,1,87.45,Online
4291,P013,4176,2025-10-26,1,83.6,Store
4292,P075,4177,2024-05-01,2,204.8,Online
4293,P036,4178,2023-07-28,2,224.9,Online
4294,P025,4178,2024-05-08,1,99.99,Online
4295,P008,4178,2025-01-14,1,48.75,Store
4296,P057,4178,2025-09-11,1,51.4,Online
4297,P067,4178,2026-06-03,2,65.0,Store
4298,P039,4179,2024-06-19,1,156.75,Online
4299,P012,4180,2024-01-14,1,42.8,Store
4300,P079,4181,2024-08-05,3,239.7,Store
4301,P035,4181,2025-08-26,1,39.55,Online
4302,P077,4181,2026-08-08,2,379.0,Online
4303,P063,4182,2024-03-05,2,89.0,Online
4304,P049,4182,2024-12-22,4,293.24,Store
4305,P031,4182,2025-09-30,1,17.78,Online
4306,P081,4182,2026-07-20,1,42.8,Online
4307,P055,4183,2024-12-10,2,91.2,Online
4308,P063,4183,2026-04-02,3,133.5,Online
4309,P051,4184,2024-11-21,2,259.8,Store
4310,P015,4184,2025-03-30,1,91.25,Online
4311,P097,4184,2025-07-20,2,145.2,Online
4312,P013,4184,2025-11-18,3,250.8,Online
4313,P065,4184,2026-03-28,1,74.8,Store
4314,P008,4184,2026-07-20,4,195.0,Store
4315,P048,4185,2024-01-07,2,171.68,Online
4316,P067,4185,2024-05-29,3,97.5,Online
4317,P058,4185,2024-10-18,1,104.9,Online
4318,P082,4185,2025-03-16,1,35.6,Online
4319,P086,4185,2025-08-07,2,177.9,Online
4320,P049,4185,2026-01-01,1,73.31,Online
4321,P015,4185,2026-05-22,2,182.5,Store
4322,P009,4186,2024-01-09,1,72.4,Store
4323,P028,4186,2024-05-15,2,257.3,Online
4324,P094,4186,2024-09-16,1,54.8,Online
4325,P078,4186,2025-02-05,2,269.5,Online
4326,P025,4186,2025-06-19,5,499.95,Store
4327,P061,4186,2025-11-04,1,69.95,Store
4328,P066,4186,2026-03-20,1,36.9,Online
4329,P079,4186,2026-08-02,1,79.9,Online
4330,P073,4188,2023-12-03,1,89.5,Online
4331,P022,4188,2024-08-18,1,119.9,Online
4332,P040,4188,2025-04-28,1,82.3,Online
4333,P003,4188,2026-01-24,2,227.64,Online
4334,P057,4189,2023-10-13,3,154.2,Online
4335,P087,4189,2024-03-18,3,275.1,Online
4336,P054,4189,2024-08-19,4,309.0,Online
4337,P021,4189,2025-01-13,2,174.9,Online
4338,P057,4189,2025-06-17,3,154.2,Store
4339,P027,4189,2025-11-14,2,210.6,Online
4340,P068,4189,2026-04-09,1,58.95,Store
4341,P035,4190,2024-10-25,1,39.55,Online
4342,P096,4190,2025-05-01,1,38.9,Store
4343,P077,4190,2025-10-20,4,758.0,Online
4344,P096,4190,2026-04-14,2,77.8,Store
4345,P089,4192,2023-09-27,4,879.6,Online
4346,P045,4192,2025-02-18,3,203.55,Online
4347,P076,4192,2026-05-09,1,159.9,Online
4348,P100,4193,2024-11-24,1,94.75,Online
4349,P090,4193,2025-05-06,1,179.5,Online
4350,P066,4193,2025-10-22,1,36.9,Online
4351,P092,4193,2026-04-12,4,275.0,Store
4352,P035,4194,2024-07-26,4,158.2,Store
4353,P028,4198,2024-07-13,1,128.65,Online
4354,P038,4198,2025-10-17,2,189.2,Store
4355,P089,4199,2023-12-28,1,219.9,Store
4356,P059,4199,2024-08-21,2,69.5,Online
4357,P042,4199,2025-04-15,2,147.1,Store
4358,P051,4199,2025-12-22,1,129.9,Online
4359,P020,4199,2026-08-14,1,110.59,Online
4360,P030,4200,2025-05-16,1,31.9,Store
4361,P011,4200,2026-07-19,1,61.35,Store
4362,P068,4202,2025-02-14,3,176.85,Online
4363,P093,4202,2026-06-26,1,79.95,Store
4364,P068,4203,2024-02-09,3,176.85,Online
4365,P004,4203,2024-06-23,1,95.82,Store
4366,P012,4203,2024-11-08,2,85.6,Online
4367,P083,4203,2025-04-02,1,145.9,Store
4368,P011,4203,2025-08-15,2,122.7,Online
4369,P051,4203,2025-12-28,1,129.9,Online
4370,P051,4203,2026-05-11,3,389.7,Store
4371,P011,4205,2025-01-21,4,245.4,Online
4372,P038,4205,2026-03-29,2,189.2,Store
4373,P091,4206,2025-03-10,1,49.9,Store
4374,P084,4206,2025-12-31,1,169.8,Online
4375,P048,4207,2023-04-26,1,85.84,Online
4376,P087,4207,2024-02-16,1,91.7,Online
4377,P014,4207,2024-11-27,1,124.5,Online
4378,P031,4207,2025-09-03,1,17.78,Store
4379,P069,4207,2026-06-18,1,81.2,Store
4380,P014,4208,2024-01-17,3,373.5,Online
4381,P100,4209,2024-02-05,4,379.0,Store
4382,P020,4209,2025-09-13,4,442.36,Store
4383,P100,4211,2024-05-30,2,189.5,Online
4384,P065,4211,2024-12-07,1,74.8,Online
4385,P057,4212,2023-02-21,2,102.8,Online
4386,P013,4213,2023-09-01,3,250.8,Store
4387,P070,4213,2024-05-04,1,115.6,Store
4388,P033,4213,2025-03-11,1,127.38,Store
4389,P079,4213,2026-02-06,2,159.8,Store
4390,P010,4214,2023-09-04,1,89.99,Store
4391,P092,4214,2024-10-29,2,137.5,Online
4392,P092,4214,2026-02-02,2,137.5,Store
4393,P016,4216,2024-09-09,3,108.18,Store
4394,P099,4216,2025-12-04,1,59.9,Store
4395,P046,4217,2024-09-17,1,39.76,Online
4396,P047,4217,2026-04-21,2,112.14,Online
4397,P077,4218,2024-01-23,1,189.5,Store
4398,P087,4218,2024-08-20,3,275.1,Store
4399,P058,4218,2025-04-28,2,209.8,Online
4400,P062,4218,2025-12-24,2,79.8,Online
4401,P041,4218,2026-08-03,2,237.8,Online
4402,P035,4219,2024-06-19,5,197.75,Online
4403,P088,4219,2025-04-12,1,105.85,Online
4404,P046,4219,2025-12-31,3,119.28,Online
4405,P054,4220,2024-01-30,1,77.25,Online
4406,P011,4220,2024-08-02,3,184.05,Store
4407,P074,4221,2024-02-26,1,67.75,Online
4408,P064,4222,2023-06-15,1,98.75,Online
4409,P007,4222,2024-03-11,1,52.9,Store
4410,P007,4223,2023-11-15,1,52.9,Store
4411,P010,4223,2025-02-01,2,179.98,Store
4412,P073,4223,2026-03-21,3,268.5,Store
4413,P057,4224,2023-12-10,2,102.8,Online
4414,P081,4224,2024-09-07,1,42.8,Online
4415,P023,4225,2025-03-15,2,51.0,Online
4416,P095,4228,2025-01-02,1,45.5,Online
4417,P009,4228,2025-06-01,1,72.4,Store
4418,P063,4228,2025-11-09,3,133.5,Online
4419,P029,4228,2026-04-10,1,76.4,Online
4420,P052,4231,2024-01-26,1,68.45,Online
4421,P076,4231,2024-07-04,4,639.6,Store
4422,P014,4233,2025-05-25,1,124.5,Online
4423,P019,4234,2025-07-24,1,96.15,Online
4424,P043,4234,2026-08-02,1,108.4,Online
4425,P074,4235,2024-08-23,1,67.75,Online
4426,P090,4235,2025-11-24,3,538.5,Online
4427,P059,4238,2024-03-04,1,34.75,Online
4428,P008,4238,2025-04-30,1,48.75,Store
4429,P028,4238,2026-07-05,1,128.65,Store
4430,P061,4240,2024-05-23,1,69.95,Store
4431,P085,4241,2023-12-12,1,74.5,Store
4432,P033,4241,2024-04-19,1,127.38,Store
4433,P043,4241,2024-08-26,2,216.8,Store
4434,P092,4241,2025-01-10,2,137.5,Online
4435,P071,4241,2025-05-28,1,64.9,Online
4436,P092,4241,2025-11-03,2,137.5,Store
4437,P011,4241,2026-03-23,2,122.7,Online
4438,P038,4241,2026-08-19,1,94.6,Store
4439,P024,4242,2024-03-29,1,135.75,Online
4440,P013,4242,2024-08-15,2,167.2,Store
4441,P077,4242,2025-01-14,2,379.0,Online
4442,P048,4242,2025-06-05,2,171.68,Store
4443,P037,4242,2025-10-17,2,279.6,Store
4444,P077,4242,2026-02-27,1,189.5,Store
4445,P025,4242,2026-07-29,1,99.99,Online
4446,P062,4243,2024-09-03,4,159.6,Online
4447,P009,4243,2025-05-06,1,72.4,Online
4448,P100,4243,2026-01-20,4,379.0,Store
4449,P044,4244,2025-02-03,1,149.99,Online
4450,P029,4244,2026-08-17,1,76.4,Store
4451,P001,4245,2023-07-28,1,65.56,Online
4452,P071,4245,2024-04-01,2,129.8,Store
4453,P035,4245,2024-12-18,1,39.55,Online
4454,P035,4245,2025-09-13,1,39.55,Store
4455,P045,4245,2026-05-31,3,203.55,Online
4456,P024,4246,2023-09-01,1,135.75,Online
4457,P098,4247,2023-08-15,5,317.25,Store
4458,P009,4247,2024-03-04,1,72.4,Store
4459,P010,4249,2023-08-31,1,89.99,Online
4460,P031,4249,2024-03-18,2,35.56,Online
4461,P036,4250,2023-10-28,1,112.45,Online
4462,P004,4250,2024-12-05,3,287.46,Online
4463,P002,4250,2026-02-01,1,143.35,Online
4464,P080,4253,2024-06-16,1,99.5,Store
4465,P058,4255,2024-04-10,2,209.8,Online
4466,P009,4255,2024-12-31,1,72.4,Online
4467,P043,4255,2025-09-02,1,108.4,Online
4468,P054,4255,2026-05-13,4,309.0,Store
4469,P070,4257,2023-05-30,1,115.6,Online
4470,P067,4257,2024-01-30,1,32.5,Online
4471,P058,4258,2023-10-07,2,209.8,Online
4472,P013,4259,2025-06-19,2,167.2,Online
4473,P050,4260,2024-07-15,1,54.32,Store
4474,P095,4260,2025-08-02,1,45.5,Store
4475,P071,4261,2024-08-08,3,194.7,Online
4476,P006,4263,2023-06-11,1,78.45,Online
4477,P091,4263,2025-01-31,2,99.8,Store
4478,P082,4265,2024-09-21,1,35.6,Online
4479,P066,4265,2025-07-24,2,73.8,Online
4480,P041,4265,2026-06-09,1,118.9,Online
4481,P053,4266,2025-02-14,1,59.8,Online
4482,P021,4266,2026-06-12,1,87.45,Online
4483,P060,4267,2024-08-11,1,47.9,Online
4484,P068,4267,2025-05-21,3,176.85,Online
4485,P039,4267,2026-01-06,1,156.75,Online
4486,P066,4268,2023-03-22,5,184.5,Store
4487,P075,4269,2024-05-12,1,102.4,Online
4488,P064,4269,2025-06-16,1,98.75,Online
4489,P053,4269,2026-08-04,1,59.8,Store
4490,P069,4272,2023-04-23,1,81.2,Online
4491,P090,4272,2024-02-03,1,179.5,Online
4492,P069,4272,2025-01-19,1,81.2,Online
4493,P066,4272,2025-11-03,1,36.9,Online
4494,P029,4272,2026-08-07,1,76.4,Store
4495,P065,4273,2024-07-31,1,74.8,Store
4496,P014,4273,2025-04-09,1,124.5,Store
4497,P067,4274,2023-09-29,2,65.0,Store
4498,P018,4274,2024-07-01,3,395.79,Online
4499,P005,4274,2025-05-03,1,36.06,Online
4500,P030,4274,2026-03-02,1,31.9,Store
4501,P093,4275,2024-06-25,4,319.8,Store
4502,P035,4275,2025-03-11,1,39.55,Online
4503,P088,4275,2025-11-09,1,105.85,Online
4504,P079,4275,2026-08-02,2,159.8,Store
4505,P016,4276,2024-02-28,1,36.06,Online
4506,P096,4276,2025-05-21,1,38.9,Online
4507,P022,4277,2025-01-22,3,359.7,Online
4508,P002,4278,2023-05-31,3,430.05,Store
4509,P035,4278,2024-02-08,1,39.55,Store
4510,P003,4278,2024-09-27,2,227.64,Online
4511,P045,4278,2025-06-12,1,67.85,Online
4512,P068,4278,2026-02-16,3,176.85,Store
4513,P020,4279,2024-07-21,1,110.59,Store
4514,P013,4279,2024-12-21,1,83.6,Store
4515,P033,4279,2025-05-21,1,127.38,Store
4516,P093,4279,2025-10-07,2,159.9,Online
4517,P070,4279,2026-03-13,2,231.2,Store
4518,P071,4279,2026-07-27,4,259.6,Store
4519,P045,4280,2023-07-04,3,203.55,Online
4520,P084,4280,2024-10-16,1,169.8,Store
4521,P086,4280,2026-03-12,2,177.9,Store
4522,P041,4281,2025-05-10,2,237.8,Online
4523,P065,4282,2025-04-04,2,149.6,Online
4524,P079,4283,2025-01-02,1,79.9,Online
4525,P038,4283,2026-05-23,1,94.6,Store
4526,P066,4285,2024-04-04,1,36.9,Store
4527,P026,4286,2025-01-29,2,129.6,Online
4528,P051,4286,2026-06-17,1,129.9,Store
4529,P038,4287,2024-02-10,1,94.6,Online
4530,P051,4288,2024-05-26,1,129.9,Online
4531,P036,4289,2024-09-21,2,224.9,Online
4532,P036,4290,2024-11-16,1,112.45,Online
4533,P043,4290,2025-06-15,1,108.4,Online
4534,P099,4290,2026-01-23,2,119.8,Store
4535,P002,4291,2024-05-25,1,143.35,Online
4536,P019,4292,2024-07-10,1,96.15,Online
4537,P078,4292,2025-12-18,1,134.75,Store
4538,P074,4293,2023-06-15,1,67.75,Online
4539,P048,4295,2025-01-16,4,343.36,Online
4540,P099,4295,2026-02-23,2,119.8,Store
4541,P013,4296,2023-12-13,4,334.4,Online
4542,P003,4296,2024-10-08,4,455.28,Online
4543,P078,4296,2025-08-05,1,134.75,Store
4544,P018,4296,2026-06-16,1,131.93,Store
4545,P085,4298,2023-05-09,1,74.5,Online
4546,P099,4299,2024-06-22,1,59.9,Store
4547,P068,4302,2023-03-29,1,58.95,Online
4548,P073,4303,2023-09-25,2,179.0,Store
4549,P060,4303,2024-12-21,4,191.6,Store
4550,P028,4303,2026-02-27,1,128.65,Online
4551,P063,4305,2023-11-10,1,44.5,Online
4552,P055,4305,2024-04-14,3,136.8,Online
4553,P053,4305,2024-09-20,1,59.8,Store
4554,P051,4305,2025-03-11,2,259.8,Online
4555,P100,4305,2025-08-19,1,94.75,Online
4556,P013,4305,2026-02-03,1,83.6,Online
4557,P089,4305,2026-07-04,2,439.8,Online
4558,P054,4312,2026-01-22,1,77.25,Online
4559,P013,4313,2023-11-29,2,167.2,Online
4560,P035,4313,2024-05-25,1,39.55,Online
4561,P076,4313,2024-11-16,2,319.8,Online
4562,P078,4313,2025-05-01,1,134.75,Online
4563,P048,4313,2025-10-04,4,343.36,Online
4564,P037,4313,2026-03-26,1,139.8,Online
4565,P017,4316,2023-12-09,2,45.68,Online
4566,P045,4319,2024-09-13,2,135.7,Online
4567,P040,4320,2023-09-03,4,329.2,Online
4568,P071,4320,2024-02-01,1,64.9,Online
4569,P066,4320,2024-07-09,4,147.6,Online
4570,P065,4320,2024-12-28,1,74.8,Online
4571,P033,4320,2025-06-13,2,254.76,Store
4572,P023,4320,2025-12-03,1,25.5,Online
4573,P088,4320,2026-05-27,4,423.4,Store
4574,P091,4321,2025-02-14,1,49.9,Store
4575,P049,4321,2025-11-24,1,73.31,Online
4576,P014,4323,2024-07-12,3,373.5,Store
4577,P029,4323,2025-05-10,1,76.4,Store
4578,P014,4323,2026-02-09,2,249.0,Online
4579,P074,4324,2024-12-24,1,67.75,Store
4580,P078,4324,2025-09-29,1,134.75,Store
4581,P060,4324,2026-06-29,5,239.5,Store
4582,P035,4325,2024-04-11,1,39.55,Store
4583,P003,4326,2024-05-08,1,113.82,Online
4584,P059,4326,2024-12-24,3,104.25,Online
4585,P005,4326,2025-09-03,2,72.12,Online
4586,P003,4326,2026-05-05,1,113.82,Online
4587,P100,4327,2023-11-01,4,379.0,Online
4588,P078,4327,2024-03-16,1,134.75,Online
4589,P086,4327,2024-07-30,2,177.9,Online
4590,P090,4327,2025-01-13,2,359.0,Online
4591,P058,4327,2025-06-07,1,104.9,Store
4592,P005,4327,2025-10-31,2,72.12,Store
4593,P029,4327,2026-03-14,2,152.8,Store
4594,P005,4327,2026-07-27,2,72.12,Online
4595,P071,4328,2024-07-20,3,194.7,Online
4596,P020,4328,2026-01-02,2,221.18,Store
4597,P010,4329,2023-08-31,1,89.99,Store
4598,P087,4329,2025-01-08,2,183.4,Online
4599,P088,4329,2026-07-13,5,529.25,Store
4600,P019,4330,2023-12-29,1,96.15,Store
4601,P075,4331,2023-06-12,2,204.8,Online
4602,P053,4333,2024-03-20,2,119.6,Online
4603,P096,4333,2024-09-02,2,77.8,Online
4604,P031,4333,2025-02-27,3,53.34,Online
4605,P042,4333,2025-08-09,3,220.65,Online
4606,P026,4333,2026-01-17,5,324.0,Online
4607,P042,4333,2026-06-28,1,73.55,Online
4608,P062,4334,2025-03-10,2,79.8,Store
4609,P072,4334,2026-08-24,3,217.05,Online
4610,P055,4335,2024-06-12,4,182.4,Online
4611,P053,4336,2023-09-29,2,119.6,Online
4612,P087,4336,2025-05-04,1,91.7,Store
4613,P047,4337,2023-05-07,2,112.14,Online
4614,P040,4338,2023-11-30,2,164.6,Online
4615,P091,4338,2024-10-27,4,199.6,Online
4616,P076,4338,2025-09-13,2,319.8,Online
4617,P041,4338,2026-07-31,1,118.9,Online
4618,P081,4339,2023-10-10,1,42.8,Store
4619,P098,4339,2025-01-15,1,63.45,Online
4620,P091,4339,2026-05-18,1,49.9,Online
4621,P042,4341,2024-05-23,1,73.55,Online
4622,P053,4341,2025-02-09,2,119.6,Store
4623,P039,4341,2025-12-02,1,156.75,Store
4624,P099,4341,2026-08-02,4,239.6,Online
4625,P054,4342,2023-11-27,1,77.25,Online
4626,P067,4342,2024-08-08,1,32.5,Online
4627,P062,4342,2025-04-07,2,79.8,Online
4628,P083,4342,2025-12-16,1,145.9,Online
4629,P012,4342,2026-08-15,1,42.8,Online
4630,P031,4343,2023-09-18,1,17.78,Store
4631,P041,4343,2024-09-26,2,237.8,Online
4632,P066,4343,2025-11-15,1,36.9,Online
4633,P026,4344,2024-08-18,1,64.8,Online
4634,P047,4344,2025-12-23,1,56.07,Online
4635,P079,4345,2024-09-21,1,79.9,Online
4636,P060,4345,2026-05-29,1,47.9,Store
4637,P039,4346,2024-09-10,2,313.5,Store
4638,P032,4347,2023-06-29,2,291.88,Online
4639,P049,4348,2024-09-27,2,146.62,Online
4640,P002,4349,2023-04-06,1,143.35,Online
4641,P053,4350,2024-04-03,3,179.4,Store
4642,P072,4350,2025-07-14,1,72.35,Store
4643,P078,4351,2024-06-12,3,404.25,Store
4644,P028,4352,2024-03-11,2,257.3,Online
4645,P049,4352,2024-11-29,3,219.93,Store
4646,P081,4352,2025-08-13,1,42.8,Online
4647,P091,4352,2026-05-10,1,49.9,Store
4648,P052,4354,2023-05-29,4,273.8,Store
4649,P018,4354,2023-11-30,1,131.93,Online
4650,P005,4354,2024-06-01,2,72.12,Online
4651,P034,4354,2024-11-13,3,131.01,Online
4652,P099,4354,2025-04-22,3,179.7,Store
4653,P087,4354,2025-10-19,1,91.7,Online
4654,P095,4354,2026-03-29,2,91.0,Online
4655,P020,4357,2024-03-31,1,110.59,Online
4656,P049,4357,2025-10-03,4,293.24,Online
4657,P069,4359,2023-04-04,3,243.6,Online
4658,P081,4359,2023-12-22,1,42.8,Store
4659,P023,4359,2024-10-03,1,25.5,Store
4660,P036,4359,2025-06-02,2,224.9,Store
4661,P026,4359,2026-02-06,3,194.4,Store
4662,P092,4360,2023-03-19,1,68.75,Store
4663,P051,4361,2024-04-03,2,259.8,Online
4664,P008,4361,2024-11-01,1,48.75,Online
4665,P030,4362,2024-09-16,2,63.8,Online
4666,P010,4362,2025-05-03,2,179.98,Online
4667,P026,4363,2023-10-08,2,129.6,Store
4668,P044,4363,2024-12-05,1,149.99,Store
4669,P007,4363,2025-12-18,2,105.8,Online
4670,P033,4366,2023-07-19,2,254.76,Online
4671,P082,4366,2024-05-15,1,35.6,Online
4672,P089,4366,2025-03-17,2,439.8,Online
4673,P092,4366,2026-01-07,3,206.25,Online
4674,P048,4368,2023-01-18,2,171.68,Store
4675,P003,4368,2024-09-18,2,227.64,Online
4676,P084,4368,2026-05-25,3,509.4,Online
4677,P043,4369,2025-11-21,3,325.2,Online
4678,P096,4370,2024-03-14,1,38.9,Online
4679,P075,4370,2025-08-25,1,102.4,Online
4680,P073,4371,2024-06-26,3,268.5,Online
4681,P023,4371,2024-11-04,2,51.0,Online
4682,P026,4371,2025-03-07,2,129.6,Online
4683,P096,4371,2025-07-16,2,77.8,Store
4684,P054,4371,2025-11-19,2,154.5,Store
4685,P070,4371,2026-03-31,1,115.6,Online
4686,P073,4371,2026-08-05,1,89.5,Store
4687,P091,4372,2024-04-28,1,49.9,Store
4688,P073,4373,2023-06-07,1,89.5,Store
4689,P012,4375,2024-01-02,1,42.8,Online
4690,P009,4375,2024-10-04,1,72.4,Store
4691,P041,4375,2025-07-21,1,118.9,Online
4692,P003,4375,2026-04-14,1,113.82,Store
4693,P023,4376,2024-02-22,1,25.5,Store
4694,P077,4376,2024-06-21,1,189.5,Online
4695,P031,4376,2024-10-23,1,17.78,Online
4696,P006,4376,2025-02-11,1,78.45,Online
4697,P049,4376,2025-06-02,2,146.62,Store
4698,P095,4376,2025-10-08,3,136.5,Online
4699,P070,4376,2026-01-31,2,231.2,Online
4700,P045,4376,2026-06-08,2,135.7,Online
4701,P017,4377,2024-08-31,1,22.84,Online
4702,P097,4378,2024-06-16,2,145.2,Online
4703,P055,4378,2025-04-19,1,45.6,Online
4704,P021,4379,2024-07-14,2,174.9,Store
4705,P014,4379,2025-03-06,3,373.5,Store
4706,P050,4379,2025-10-14,1,54.32,Store
4707,P097,4379,2026-05-24,1,72.6,Online
4708,P019,4382,2024-01-13,1,96.15,Store
4709,P059,4382,2024-10-10,1,34.75,Online
4710,P092,4384,2024-01-29,2,137.5,Store
4711,P088,4384,2025-05-31,2,211.7,Store
4712,P006,4384,2026-07-22,3,235.35,Online
4713,P042,4385,2024-09-10,4,294.2,Online
4714,P005,4386,2024-02-22,1,36.06,Online
4715,P100,4386,2024-07-15,3,284.25,Online
4716,P082,4386,2024-11-18,1,35.6,Online
4717,P084,4386,2025-04-14,2,339.6,Store
4718,P040,4386,2025-08-27,1,82.3,Online
4719,P013,4386,2026-01-06,1,83.6,Online
4720,P094,4386,2026-05-27,4,219.2,Store
4721,P061,4388,2023-10-21,1,69.95,Store
4722,P068,4388,2024-07-29,1,58.95,Store
4723,P005,4389,2024-11-14,2,72.12,Store
4724,P074,4389,2026-01-07,1,67.75,Store
4725,P070,4390,2024-10-17,3,346.8,Online
4726,P071,4391,2024-10-17,1,64.9,Store
4727,P004,4394,2024-02-26,3,287.46,Online
4728,P032,4395,2024-01-03,4,583.76,Online
4729,P045,4398,2024-11-13,2,135.7,Store
4730,P025,4398,2026-03-25,2,199.98,Store
4731,P083,4400,2023-09-07,1,145.9,Online
4732,P100,4400,2025-01-28,3,284.25,Store
4733,P077,4401,2023-06-07,1,189.5,Store
4734,P095,4401,2023-10-27,1,45.5,Online
4735,P040,4401,2024-03-10,4,329.2,Store
4736,P087,4401,2024-07-14,1,91.7,Store
4737,P036,4401,2024-11-07,2,224.9,Store
4738,P038,4401,2025-03-22,2,189.2,Online
4739,P011,4401,2025-07-30,1,61.35,Store
4740,P024,4401,2025-12-16,2,271.5,Online
4741,P011,4401,2026-04-22,1,61.35,Store
4742,P078,4403,2023-05-14,1,134.75,Online
4743,P087,4403,2024-08-22,2,183.4,Store
4744,P003,4403,2025-11-28,5,569.1,Online
4745,P034,4404,2024-11-04,2,87.34,Store
4746,P028,4404,2025-05-16,4,514.6,Online
4747,P046,4405,2023-10-30,1,39.76,Store
4748,P069,4406,2023-10-04,1,81.2,Online
4749,P048,4406,2024-06-29,4,343.36,Online
4750,P069,4406,2025-03-19,1,81.2,Store
4751,P074,4406,2025-12-01,2,135.5,Online
4752,P022,4408,2024-02-11,2,239.8,Online
4753,P071,4408,2024-08-01,3,194.7,Online
4754,P057,4408,2025-02-01,2,102.8,Store
4755,P088,4408,2025-07-30,1,105.85,Online
4756,P092,4408,2026-02-14,1,68.75,Online
4757,P014,4408,2026-07-17,1,124.5,Store
4758,P090,4409,2023-08-31,2,359.0,Store
4759,P037,4409,2024-06-24,3,419.4,Online
4760,P070,4409,2025-04-12,1,115.6,Store
4761,P025,4409,2026-02-18,3,299.97,Store
4762,P047,4410,2023-02-23,5,280.35,Online
4763,P100,4410,2023-12-09,1,94.75,Online
4764,P037,4412,2024-11-16,1,139.8,Store
4765,P066,4412,2025-04-04,2,73.8,Online
4766,P014,4412,2025-08-24,2,249.0,Store
4767,P001,4412,2026-01-04,1,65.56,Online
4768,P001,4412,2026-05-25,2,131.12,Online
4769,P045,4414,2024-03-28,1,67.85,Online
4770,P082,4414,2025-01-27,1,35.6,Online
4771,P067,4414,2025-12-05,1,32.5,Online
4772,P085,4415,2024-06-30,2,149.0,Online
4773,P035,4415,2025-03-31,1,39.55,Online
4774,P008,4415,2025-12-07,2,97.5,Online
4775,P098,4417,2025-01-03,3,190.35,Online
4776,P028,4417,2025-11-26,2,257.3,Online
4777,P075,4418,2023-07-24,1,102.4,Store
4778,P006,4418,2024-09-18,2,156.9,Online
4779,P074,4418,2025-12-01,1,67.75,Online
4780,P008,4419,2024-07-08,1,48.75,Online
4781,P069,4419,2025-11-29,1,81.2,Store
4782,P089,4420,2023-09-30,2,439.8,Online
4783,P039,4421,2023-07-25,1,156.75,Store
4784,P090,4421,2024-01-13,3,538.5,Online
4785,P030,4421,2024-07-04,1,31.9,Online
4786,P057,4421,2024-12-30,1,51.4,Online
4787,P046,4421,2025-07-03,1,39.76,Online
4788,P044,4421,2025-12-31,2,299.98,Online
4789,P093,4421,2026-06-13,3,239.85,Online
4790,P015,4422,2023-05-20,2,182.5,Online
4791,P021,4422,2023-12-20,1,87.45,Online
4792,P071,4422,2024-07-15,2,129.8,Store
4793,P095,4422,2025-03-16,1,45.5,Store
4794,P048,4422,2025-10-08,2,171.68,Store
4795,P019,4422,2026-05-01,5,480.75,Online
4796,P028,4423,2023-12-29,1,128.65,Store
4797,P010,4423,2024-09-01,4,359.96,Online
4798,P086,4425,2023-05-30,2,177.9,Online
4799,P053,4425,2024-08-13,1,59.8,Store
4800,P084,4425,2025-09-22,3,509.4,Online
4801,P008,4426,2023-12-01,2,97.5,Store
4802,P053,4426,2024-06-16,4,239.2,Online
4803,P010,4427,2025-01-14,2,179.98,Online
4804,P067,4427,2025-09-12,1,32.5,Online
4805,P070,4427,2026-06-09,3,346.8,Store
4806,P048,4428,2023-12-16,4,343.36,Online
4807,P019,4428,2024-04-27,1,96.15,Online
4808,P076,4428,2024-09-22,1,159.9,Store
4809,P024,4428,2025-01-31,3,407.25,Online
4810,P076,4428,2025-06-28,2,319.8,Online
4811,P037,4428,2025-12-12,1,139.8,Online
4812,P092,4428,2026-04-22,2,137.5,Store
4813,P062,4430,2025-07-07,2,79.8,Store
4814,P052,4433,2023-08-06,1,68.45,Store
4815,P089,4433,2024-06-21,3,659.7,Store
4816,P034,4433,2025-05-01,1,43.67,Online
4817,P053,4433,2026-03-18,1,59.8,Online
4818,P089,4435,2024-08-31,1,219.9,Online
4819,P054,4435,2025-01-20,3,231.75,Online
4820,P011,4435,2025-06-11,4,245.4,Online
4821,P061,4435,2025-11-10,1,69.95,Online
4822,P056,4435,2026-03-17,1,92.75,Store
4823,P092,4435,2026-07-24,4,275.0,Online
4824,P085,4436,2023-05-09,3,223.5,Online
4825,P056,4439,2024-10-06,1,92.75,Online
4826,P065,4439,2026-04-22,1,74.8,Online
4827,P015,4440,2023-11-18,1,91.25,Store
4828,P088,4440,2025-08-06,5,529.25,Online
4829,P041,4441,2023-05-27,3,356.7,Online
4830,P057,4441,2023-11-09,2,102.8,Store
4831,P050,4441,2024-04-19,3,162.96,Store
4832,P100,4441,2024-09-11,2,189.5,Online
4833,P076,4441,2025-02-08,5,799.5,Online
4834,P037,4441,2025-07-11,2,279.6,Online
4835,P070,4441,2025-12-17,3,346.8,Online
4836,P070,4441,2026-05-16,3,346.8,Online
4837,P018,4442,2024-07-31,1,131.93,Online
4838,P074,4442,2025-10-22,3,203.25,Online
4839,P074,4444,2025-02-04,3,203.25,Store
4840,P024,4444,2025-12-10,1,135.75,Online
4841,P036,4446,2024-07-12,3,337.35,Online
4842,P019,4447,2023-10-29,1,96.15,Store
4843,P035,4447,2025-01-01,1,39.55,Online
4844,P005,4447,2026-02-09,1,36.06,Online
4845,P090,4452,2023-03-09,2,359.0,Online
4846,P041,4452,2024-05-08,3,356.7,Online
4847,P032,4452,2025-07-19,1,145.94,Store
4848,P084,4452,2026-08-15,1,169.8,Store
4849,P062,4453,2024-12-10,3,119.7,Store
4850,P025,4454,2024-03-18,2,199.98,Online
4851,P089,4454,2024-10-22,4,879.6,Online
4852,P028,4456,2025-05-11,2,257.3,Store
4853,P021,4458,2025-03-09,1,87.45,Online
4854,P013,4458,2026-01-09,3,250.8,Online
4855,P086,4459,2023-07-12,2,177.9,Online
4856,P082,4461,2024-07-22,3,106.8,Online
4857,P045,4461,2025-03-28,2,135.7,Online
4858,P015,4461,2025-11-11,1,91.25,Online
4859,P091,4461,2026-06-24,4,199.6,Store
4860,P049,4462,2024-06-01,1,73.31,Online
4861,P070,4462,2025-02-23,1,115.6,Online
4862,P033,4462,2025-11-20,1,127.38,Online
4863,P097,4462,2026-07-23,1,72.6,Online
4864,P088,4463,2023-05-29,1,105.85,Online
4865,P068,4463,2023-11-14,1,58.95,Online
4866,P046,4463,2024-04-25,2,79.52,Online
4867,P006,4463,2024-10-02,1,78.45,Online
4868,P088,4463,2025-02-19,2,211.7,Online
4869,P075,4463,2025-07-28,3,307.2,Store
4870,P040,4463,2025-12-20,2,164.6,Online
4871,P092,4463,2026-05-11,1,68.75,Online
4872,P097,4464,2023-06-04,2,145.2,Online
4873,P011,4464,2023-11-07,3,184.05,Store
4874,P014,4464,2024-04-20,3,373.5,Store
4875,P082,4464,2024-10-01,2,71.2,Online
4876,P060,4464,2025-02-25,4,191.6,Store
4877,P016,4464,2025-07-30,1,36.06,Store
4878,P063,4464,2025-12-24,1,44.5,Online
4879,P060,4464,2026-05-27,1,47.9,Online
4880,P100,4465,2023-06-03,2,189.5,Online
4881,P040,4465,2024-11-22,2,164.6,Online
4882,P059,4465,2026-05-31,5,173.75,Store
4883,P064,4466,2023-11-18,5,493.75,Store
4884,P042,4466,2024-06-13,1,73.55,Online
4885,P026,4466,2025-01-21,2,129.6,Store
4886,P051,4466,2025-09-11,2,259.8,Store
4887,P019,4466,2026-05-05,2,192.3,Store
4888,P025,4467,2024-07-15,1,99.99,Online
4889,P095,4467,2025-03-27,2,91.0,Online
4890,P077,4467,2025-11-15,5,947.5,Online
4891,P027,4467,2026-07-29,1,105.3,Online
4892,P037,4468,2024-02-24,2,279.6,Store
4893,P068,4468,2024-12-20,3,176.85,Online
4894,P018,4468,2025-11-11,2,263.86,Online
4895,P029,4469,2025-01-31,2,152.8,Online
4896,P030,4469,2025-11-17,2,63.8,Online
4897,P077,4470,2024-10-17,4,758.0,Online
4898,P073,4470,2025-06-12,1,89.5,Store
4899,P026,4471,2023-09-16,1,64.8,Online
4900,P065,4471,2024-05-13,1,74.8,Online
4901,P041,4472,2025-01-21,1,118.9,Online
4902,P063,4472,2025-10-21,1,44.5,Store
4903,P025,4472,2026-07-18,1,99.99,Store
4904,P011,4473,2023-10-14,3,184.05,Online
4905,P080,4474,2024-09-18,1,99.5,Online
4906,P021,4474,2026-01-13,1,87.45,Online
4907,P096,4475,2023-08-01,1,38.9,Online
4908,P071,4475,2024-01-20,1,64.9,Online
4909,P028,4477,2024-03-09,1,128.65,Online
4910,P045,4479,2024-12-09,3,203.55,Store
4911,P095,4479,2026-06-22,1,45.5,Online
4912,P070,4481,2024-08-12,1,115.6,Store
4913,P018,4481,2026-05-24,2,263.86,Store
4914,P055,4482,2023-11-28,2,91.2,Store
4915,P080,4482,2024-08-05,1,99.5,Online
4916,P055,4482,2025-04-04,2,91.2,Online
4917,P091,4482,2025-11-21,1,49.9,Store
4918,P072,4482,2026-06-29,1,72.35,Online
4919,P044,4483,2024-04-09,5,749.95,Online
4920,P085,4483,2024-11-25,2,149.0,Online
4921,P054,4483,2025-07-24,2,154.5,Store
4922,P058,4483,2026-04-01,1,104.9,Store
4923,P043,4484,2024-04-02,1,108.4,Store
4924,P085,4484,2024-08-24,1,74.5,Online
4925,P082,4484,2025-01-07,2,71.2,Online
4926,P073,4484,2025-06-04,2,179.0,Online
4927,P006,4484,2025-10-20,2,156.9,Online
4928,P093,4484,2026-04-03,2,159.9,Online
4929,P072,4485,2024-04-09,1,72.35,Online
4930,P014,4485,2025-10-04,4,498.0,Store
4931,P079,4486,2024-01-16,2,159.8,Online
4932,P001,4486,2024-08-20,1,65.56,Store
4933,P038,4486,2025-04-01,2,189.2,Store
4934,P087,4486,2025-11-17,2,183.4,Online
4935,P074,4486,2026-07-17,1,67.75,Online
4936,P080,4487,2024-01-07,3,298.5,Store
4937,P038,4488,2024-01-18,1,94.6,Online
4938,P086,4488,2025-03-04,1,88.95,Store
4939,P077,4488,2026-05-03,3,568.5,Store
4940,P076,4489,2025-01-08,1,159.9,Online
4941,P021,4489,2025-10-18,3,262.35,Online
4942,P062,4490,2024-12-30,2,79.8,Online
4943,P045,4490,2025-09-13,2,135.7,Store
4944,P018,4491,2023-08-06,1,131.93,Online
4945,P028,4492,2024-06-02,2,257.3,Online
4946,P007,4492,2025-03-25,2,105.8,Online
4947,P090,4492,2025-12-28,1,179.5,Online
4948,P010,4493,2024-07-21,4,359.96,Online
4949,P006,4497,2024-01-25,5,392.25,Store
4950,P094,4497,2025-03-30,3,164.4,Store
4951,P089,4497,2026-05-08,1,219.9,Online
4952,P058,4498,2024-03-27,1,104.9,Online
4953,P085,4498,2024-11-07,2,149.0,Online
4954,P098,4499,2025-02-26,1,63.45,Store
4955,P085,4499,2025-11-19,1,74.5,Store
4956,P075,4501,2024-10-01,1,102.4,Online
4957,P016,4502,2024-10-15,4,144.24,Online
4958,P071,4503,2024-05-15,1,64.9,Store
4959,P053,4503,2024-09-19,1,59.8,Online
4960,P051,4503,2025-01-15,4,519.6,Store
4961,P031,4503,2025-05-10,2,35.56,Online
4962,P046,4503,2025-09-02,1,39.76,Online
4963,P057,4503,2026-01-15,1,51.4,Store
4964,P029,4503,2026-05-11,2,152.8,Online
4965,P018,4507,2024-12-10,1,131.93,Store
4966,P036,4507,2026-08-22,2,224.9,Store
4967,P072,4508,2024-05-07,4,289.4,Online
4968,P014,4508,2024-12-27,1,124.5,Store
4969,P081,4509,2023-06-21,4,171.2,Online
4970,P079,4509,2023-11-13,1,79.9,Online
4971,P073,4509,2024-04-03,1,89.5,Online
4972,P043,4509,2024-09-25,1,108.4,Store
4973,P076,4509,2025-02-19,1,159.9,Store
4974,P030,4509,2025-07-17,1,31.9,Online
4975,P008,4509,2025-12-19,1,48.75,Online
4976,P062,4509,2026-05-05,1,39.9,Online
4977,P043,4510,2023-11-25,2,216.8,Online
4978,P088,4510,2024-04-04,1,105.85,Online
4979,P063,4510,2024-08-03,2,89.0,Store
4980,P023,4510,2024-12-23,4,102.0,Store
4981,P013,4510,2025-05-21,1,83.6,Online
4982,P009,4510,2025-10-11,1,72.4,Store
4983,P011,4510,2026-02-21,1,61.35,Online
4984,P058,4510,2026-07-13,4,419.6,Store
4985,P031,4511,2024-03-01,4,71.12,Online
4986,P045,4511,2024-11-11,3,203.55,Store
4987,P038,4511,2025-07-20,3,283.8,Online
4988,P071,4511,2026-03-01,5,324.5,Online
4989,P098,4512,2024-07-27,2,126.9,Online
4990,P070,4512,2025-04-15,3,346.8,Store
4991,P056,4512,2026-01-04,2,185.5,Online
4992,P052,4513,2024-04-13,3,205.35,Store
4993,P056,4513,2024-09-04,2,185.5,Store
4994,P013,4513,2025-02-07,1,83.6,Online
4995,P070,4513,2025-07-19,3,346.8,Store
4996,P023,4513,2025-12-21,2,51.0,Store
4997,P041,4513,2026-05-22,1,118.9,Store
4998,P025,4514,2023-05-31,2,199.98,Online
4999,P066,4514,2023-10-11,2,73.8,Store
5000,P070,4514,2024-02-28,5,578.0,Store
5001,P068,4514,2024-07-10,1,58.95,Store
5002,P064,4514,2024-11-11,2,197.5,Store
5003,P018,4514,2025-03-25,1,131.93,Online
5004,P033,4514,2025-08-07,1,127.38,Online
5005,P031,4514,2025-12-14,3,53.34,Store
5006,P096,4514,2026-04-16,2,77.8,Online
5007,P019,4514,2026-08-18,2,192.3,Online
5008,P016,4515,2023-03-17,2,72.12,Store
5009,P045,4516,2024-03-03,3,203.55,Online
5010,P019,4517,2024-09-14,2,192.3,Online
5011,P074,4517,2026-01-31,3,203.25,Online
5012,P064,4518,2024-09-07,2,197.5,Online
5013,P008,4519,2024-12-27,1,48.75,Online
5014,P021,4519,2026-03-17,1,87.45,Online
5015,P029,4520,2024-03-11,1,76.4,Online
5016,P051,4520,2024-11-09,2,259.8,Online
5017,P006,4520,2025-06-14,2,156.9,Online
5018,P044,4520,2026-02-14,1,149.99,Online
5019,P004,4521,2024-09-21,2,191.64,Store
5020,P088,4521,2026-01-21,1,105.85,Online
5021,P041,4522,2024-01-16,5,594.5,Online
5022,P025,4522,2024-07-13,2,199.98,Store
5023,P010,4523,2023-02-10,2,179.98,Online
5024,P091,4523,2024-03-14,1,49.9,Online
5025,P097,4523,2025-04-23,3,217.8,Store
5026,P053,4523,2026-07-02,3,179.4,Store
5027,P091,4524,2024-07-12,1,49.9,Store
5028,P068,4524,2025-04-13,2,117.9,Online
5029,P073,4524,2026-01-09,1,89.5,Online
5030,P081,4525,2024-06-24,2,85.6,Store
5031,P096,4526,2025-07-02,2,77.8,Online
5032,P010,4527,2024-08-24,1,89.99,Online
5033,P078,4527,2025-01-02,1,134.75,Online
5034,P049,4527,2025-06-16,2,146.62,Store
5035,P079,4527,2025-11-17,1,79.9,Store
5036,P086,4527,2026-04-27,2,177.9,Online
5037,P028,4528,2024-11-26,1,128.65,Online
5038,P059,4528,2025-07-06,1,34.75,Store
5039,P018,4529,2023-11-18,2,263.86,Online
5040,P088,4530,2024-01-15,1,105.85,Online
5041,P067,4530,2024-05-29,2,65.0,Online
5042,P070,4530,2024-10-11,1,115.6,Online
5043,P086,4530,2025-02-21,1,88.95,Online
5044,P009,4530,2025-07-04,1,72.4,Store
5045,P083,4530,2025-11-19,3,437.7,Online
5046,P028,4530,2026-04-13,1,128.65,Online
5047,P034,4530,2026-08-27,4,174.68,Online
5048,P053,4531,2024-11-08,1,59.8,Online
5049,P022,4531,2026-01-06,4,479.6,Online
5050,P004,4532,2023-05-30,1,95.82,Online
5051,P050,4532,2024-02-13,2,108.64,Online
5052,P025,4532,2024-10-11,3,299.97,Store
5053,P087,4532,2025-07-21,1,91.7,Online
5054,P086,4532,2026-04-14,2,177.9,Online
5055,P073,4533,2024-04-18,1,89.5,Online
5056,P090,4533,2024-09-17,1,179.5,Store
5057,P005,4533,2025-03-03,2,72.12,Store
5058,P036,4533,2025-08-11,2,224.9,Online
5059,P067,4533,2026-01-16,2,65.0,Online
5060,P071,4533,2026-06-18,5,324.5,Online
5061,P036,4537,2024-04-19,1,112.45,Online
5062,P045,4538,2023-12-13,1,67.85,Store
5063,P004,4538,2024-09-29,1,95.82,Store
5064,P058,4538,2025-07-01,2,209.8,Online
5065,P022,4538,2026-03-24,3,359.7,Store
5066,P045,4539,2025-06-16,3,203.55,Store
5067,P054,4540,2026-01-18,1,77.25,Online
5068,P005,4542,2025-04-07,2,72.12,Online
5069,P098,4543,2023-12-22,1,63.45,Online
5070,P091,4544,2024-12-21,2,99.8,Store
5071,P096,4544,2025-10-21,2,77.8,Store
5072,P018,4545,2024-10-03,1,131.93,Store
5073,P027,4545,2026-05-28,2,210.6,Store
5074,P024,4546,2024-02-18,1,135.75,Online
5075,P037,4546,2024-11-16,1,139.8,Online
5076,P053,4546,2025-08-30,1,59.8,Online
5077,P016,4546,2026-06-02,1,36.06,Store
5078,P009,4548,2024-11-05,1,72.4,Online
5079,P006,4548,2025-12-05,2,156.9,Store
5080,P045,4549,2024-01-31,2,135.7,Online
5081,P037,4550,2023-09-19,2,279.6,Store
5082,P052,4552,2023-12-29,1,68.45,Online
5083,P054,4552,2024-07-28,5,386.25,Online
5084,P094,4552,2025-03-23,2,109.6,Online
5085,P042,4552,2025-10-15,3,220.65,Store
5086,P019,4552,2026-06-11,1,96.15,Online
5087,P060,4553,2024-06-06,1,47.9,Online
5088,P099,4553,2025-01-08,1,59.9,Online
5089,P048,4554,2024-10-24,1,85.84,Online
5090,P011,4555,2024-02-04,1,61.35,Online
5091,P045,4555,2024-08-03,2,135.7,Store
5092,P084,4556,2024-06-28,2,339.6,Online
5093,P037,4556,2025-09-20,1,139.8,Store
5094,P091,4557,2024-07-21,1,49.9,Online
5095,P073,4557,2024-12-19,2,179.0,Store
5096,P014,4557,2025-05-08,1,124.5,Online
5097,P063,4557,2025-09-19,2,89.0,Online
5098,P070,4557,2026-02-08,3,346.8,Online
5099,P058,4557,2026-07-10,3,314.7,Online
5100,P028,4558,2023-10-14,1,128.65,Store
5101,P066,4558,2024-03-11,3,110.7,Online
5102,P053,4558,2024-08-24,5,299.0,Online
5103,P095,4558,2025-01-13,1,45.5,Online
5104,P047,4558,2025-05-25,1,56.07,Online
5105,P067,4558,2025-10-18,1,32.5,Online
5106,P026,4558,2026-03-07,1,64.8,Online
5107,P046,4558,2026-07-12,3,119.28,Online
5108,P051,4559,2023-04-27,1,129.9,Store
5109,P043,4560,2023-06-22,1,108.4,Online
5110,P022,4562,2024-08-16,3,359.7,Online
5111,P078,4563,2023-08-05,2,269.5,Online
5112,P096,4563,2024-04-26,2,77.8,Online
5113,P076,4564,2023-06-22,4,639.6,Store
5114,P041,4565,2024-12-09,1,118.9,Online
5115,P010,4565,2025-04-12,2,179.98,Store
5116,P022,4565,2025-08-11,2,239.8,Online
5117,P045,4565,2025-12-15,1,67.85,Online
5118,P040,4565,2026-04-08,2,164.6,Online
5119,P052,4565,2026-08-17,2,136.9,Online
5120,P095,4566,2024-08-14,5,227.5,Store
5121,P099,4566,2025-03-31,2,119.8,Online
5122,P001,4566,2025-11-17,2,131.12,Online
5123,P017,4566,2026-07-13,5,114.2,Store
5124,P064,4569,2024-02-24,1,98.75,Store
5125,P088,4570,2023-08-04,1,105.85,Store
5126,P012,4570,2025-05-07,2,85.6,Online
5127,P079,4571,2025-02-14,3,239.7,Online
5128,P060,4571,2026-04-19,1,47.9,Online
5129,P039,4572,2024-10-11,2,313.5,Online
5130,P031,4573,2024-04-19,2,35.56,Online
5131,P001,4573,2025-01-29,5,327.8,Online
5132,P059,4573,2026-01-03,2,69.5,Store
5133,P076,4574,2024-04-04,2,319.8,Store
5134,P029,4574,2025-06-24,2,152.8,Store
5135,P067,4574,2026-08-02,1,32.5,Store
5136,P066,4576,2023-04-25,1,36.9,Online
5137,P092,4578,2024-10-11,1,68.75,Online
5138,P010,4578,2026-05-01,1,89.99,Store
5139,P050,4582,2023-10-09,1,54.32,Store
5140,P014,4582,2024-06-01,1,124.5,Online
5141,P024,4583,2024-11-11,1,135.75,Store
5142,P026,4584,2025-03-09,4,259.2,Store
5143,P054,4585,2024-08-08,1,77.25,Store
5144,P044,4586,2023-09-28,2,299.98,Online
5145,P035,4586,2024-05-18,2,79.1,Online
5146,P034,4586,2025-01-08,3,131.01,Online
5147,P004,4586,2025-08-25,5,479.1,Online
5148,P028,4586,2026-04-13,1,128.65,Online
5149,P045,4588,2023-10-25,2,135.7,Online
5150,P062,4589,2023-08-23,1,39.9,Online
5151,P081,4589,2024-02-09,2,85.6,Store
5152,P062,4589,2024-07-19,2,79.8,Store
5153,P070,4589,2025-01-14,1,115.6,Online
5154,P082,4589,2025-06-30,5,178.0,Online
5155,P002,4589,2025-12-10,2,286.7,Online
5156,P037,4589,2026-05-22,1,139.8,Online
5157,P058,4590,2024-02-12,3,314.7,Store
5158,P074,4590,2024-10-27,1,67.75,Online
5159,P012,4590,2025-08-03,1,42.8,Online
5160,P025,4590,2026-04-04,1,99.99,Store
5161,P009,4591,2023-06-16,1,72.4,Store
5162,P007,4592,2024-09-08,1,52.9,Online
5163,P020,4592,2025-05-07,5,552.95,Store
5164,P049,4592,2025-12-05,5,366.55,Online
5165,P090,4592,2026-08-10,2,359.0,Online
5166,P099,4594,2024-08-18,1,59.9,Store
5167,P002,4595,2024-12-31,2,286.7,Online
5168,P078,4595,2026-02-21,1,134.75,Online
5169,P051,4596,2024-01-22,3,389.7,Online
5170,P025,4598,2024-05-04,3,299.97,Store
5171,P042,4598,2024-10-04,1,73.55,Online
5172,P006,4598,2025-03-17,3,235.35,Online
5173,P018,4598,2025-09-12,1,131.93,Store
5174,P017,4598,2026-02-24,5,114.2,Store
5175,P005,4598,2026-08-01,3,108.18,Store
5176,P050,4599,2025-05-12,1,54.32,Store
5177,P056,4599,2026-03-08,2,185.5,Store
5178,P046,4600,2023-04-03,1,39.76,Online
5179,P069,4601,2025-02-23,3,243.6,Online
5180,P089,4601,2026-08-17,1,219.9,Online
5181,P035,4602,2023-09-12,1,39.55,Online
5182,P050,4602,2024-03-02,2,108.64,Store
5183,P025,4602,2024-08-22,1,99.99,Online
5184,P065,4602,2025-02-26,1,74.8,Online
5185,P088,4602,2025-08-25,5,529.25,Store
5186,P043,4602,2026-03-03,2,216.8,Online
5187,P043,4602,2026-08-28,2,216.8,Store
5188,P059,4603,2024-09-02,4,139.0,Online
5189,P075,4603,2025-05-01,2,204.8,Online
5190,P053,4604,2024-08-24,2,119.6,Online
5191,P036,4604,2025-03-01,1,112.45,Online
5192,P098,4604,2025-08-25,1,63.45,Store
5193,P065,4604,2026-02-05,2,149.6,Online
5194,P090,4604,2026-07-29,1,179.5,Store
5195,P089,4609,2024-11-21,1,219.9,Online
5196,P028,4609,2025-07-13,5,643.25,Store
5197,P095,4609,2026-04-04,1,45.5,Online
5198,P044,4610,2024-03-04,4,599.96,Store
5199,P078,4611,2024-07-29,1,134.75,Online
5200,P040,4612,2023-05-18,1,82.3,Online
5201,P045,4613,2024-10-23,2,135.7,Online
5202,P007,4613,2025-03-14,3,158.7,Online
5203,P030,4613,2025-07-12,5,159.5,Online
5204,P045,4613,2025-11-16,1,67.85,Store
5205,P044,4613,2026-03-28,1,149.99,Online
5206,P037,4613,2026-07-31,1,139.8,Store
5207,P080,4614,2023-04-18,3,298.5,Online
5208,P018,4614,2025-01-01,3,395.79,Online
5209,P027,4614,2026-08-12,1,105.3,Online
5210,P013,4615,2023-01-28,5,418.0,Online
5211,P050,4616,2023-12-23,3,162.96,Online
5212,P064,4616,2024-10-01,3,296.25,Store
5213,P090,4616,2025-08-10,1,179.5,Store
5214,P060,4616,2026-06-17,1,47.9,Online
5215,P088,4617,2024-09-05,1,105.85,Store
5216,P064,4617,2025-11-26,2,197.5,Online
5217,P036,4618,2024-10-20,2,224.9,Online
5218,P043,4620,2024-08-16,2,216.8,Store
5219,P018,4621,2024-09-24,2,263.86,Online
5220,P054,4621,2025-12-15,1,77.25,Store
5221,P054,4622,2023-10-20,1,77.25,Store
5222,P003,4623,2023-11-19,2,227.64,Online
5223,P099,4625,2024-01-06,1,59.9,Store
5224,P037,4625,2024-06-23,1,139.8,Online
5225,P095,4625,2024-11-13,1,45.5,Online
5226,P092,4625,2025-05-06,1,68.75,Online
5227,P085,4625,2025-10-14,1,74.5,Online
5228,P005,4625,2026-03-22,1,36.06,Online
5229,P033,4625,2026-08-26,1,127.38,Online
5230,P097,4629,2024-01-25,1,72.6,Online
5231,P072,4631,2023-12-28,2,144.7,Online
5232,P048,4632,2023-11-02,5,429.2,Online
5233,P076,4632,2024-03-31,2,319.8,Store
5234,P048,4632,2024-08-23,1,85.84,Online
5235,P042,4632,2025-01-21,5,367.75,Online
5236,P060,4632,2025-06-18,1,47.9,Store
5237,P005,4632,2025-11-25,1,36.06,Store
5238,P018,4632,2026-05-03,1,131.93,Online
5239,P094,4633,2025-01-01,2,109.6,Store
5240,P022,4633,2026-04-23,2,239.8,Online
5241,P058,4634,2024-04-28,1,104.9,Online
5242,P099,4634,2024-08-29,1,59.9,Online
5243,P084,4634,2024-12-31,1,169.8,Online
5244,P024,4634,2025-04-28,1,135.75,Store
5245,P077,4634,2025-08-21,4,758.0,Store
5246,P006,4634,2025-12-12,5,392.25,Store
5247,P071,4634,2026-04-11,2,129.8,Store
5248,P081,4634,2026-08-19,2,85.6,Online
5249,P080,4635,2023-07-19,2,199.0,Store
5250,P044,4637,2023-03-27,3,449.97,Online
5251,P041,4637,2023-08-10,2,237.8,Store
5252,P016,4637,2023-12-26,3,108.18,Online
5253,P018,4637,2024-05-13,1,131.93,Store
5254,P076,4637,2024-09-30,3,479.7,Online
5255,P022,4637,2025-02-26,2,239.8,Store
5256,P093,4637,2025-07-12,5,399.75,Online
5257,P089,4637,2025-12-02,2,439.8,Online
5258,P099,4637,2026-04-14,2,119.8,Online
5259,P009,4639,2023-06-15,2,144.8,Online
5260,P065,4639,2024-07-15,2,149.6,Store
5261,P045,4639,2025-10-19,1,67.85,Store
5262,P007,4640,2024-03-30,2,105.8,Store
5263,P049,4641,2023-08-16,1,73.31,Online
5264,P014,4641,2024-11-17,1,124.5,Online
5265,P004,4641,2026-01-07,4,383.28,Store
5266,P080,4642,2023-11-07,3,298.5,Online
5267,P008,4642,2024-04-15,3,146.25,Online
5268,P098,4642,2024-09-22,2,126.9,Store
5269,P047,4642,2025-02-20,2,112.14,Online
5270,P041,4642,2025-07-18,2,237.8,Online
5271,P095,4642,2025-12-17,1,45.5,Store
5272,P033,4642,2026-05-24,1,127.38,Online
5273,P019,4643,2025-01-06,5,480.75,Online
5274,P045,4643,2026-04-08,1,67.85,Store
5275,P095,4644,2024-11-28,1,45.5,Online
5276,P025,4645,2024-04-24,1,99.99,Online
5277,P010,4646,2024-11-04,2,179.98,Store
5278,P097,4646,2025-04-27,2,145.2,Store
5279,P084,4646,2025-10-28,2,339.6,Store
5280,P085,4646,2026-04-13,1,74.5,Store
5281,P087,4648,2025-05-17,2,183.4,Online
5282,P077,4648,2026-07-23,1,189.5,Store
5283,P009,4649,2024-11-22,3,217.2,Store
5284,P067,4649,2025-07-10,2,65.0,Store
5285,P042,4650,2025-02-11,2,147.1,Online
5286,P054,4651,2024-06-04,1,77.25,Online
5287,P005,4651,2024-11-21,2,72.12,Online
5288,P030,4651,2025-05-23,1,31.9,Online
5289,P061,4651,2025-10-13,2,139.9,Store
5290,P026,4651,2026-03-31,1,64.8,Online
5291,P028,4652,2023-03-29,2,257.3,Store
5292,P085,4654,2023-12-18,4,298.0,Store
5293,P024,4654,2024-10-18,1,135.75,Online
5294,P079,4654,2025-07-20,2,159.8,Online
5295,P055,4654,2026-04-21,2,91.2,Online
5296,P059,4656,2024-03-05,2,69.5,Store
5297,P087,4656,2024-10-24,1,91.7,Online
5298,P001,4656,2025-07-08,5,327.8,Store
5299,P087,4656,2026-03-14,2,183.4,Online
5300,P091,4657,2024-07-20,3,149.7,Online
5301,P057,4657,2025-03-09,2,102.8,Online
5302,P059,4657,2025-10-24,2,69.5,Online
5303,P051,4657,2026-07-01,1,129.9,Online
5304,P079,4658,2023-09-16,1,79.9,Store
5305,P084,4660,2023-12-04,2,339.6,Online
5306,P081,4660,2025-07-25,3,128.4,Store
5307,P089,4662,2023-05-25,1,219.9,Online
5308,P001,4663,2023-09-25,4,262.24,Store
5309,P081,4665,2024-09-08,4,171.2,Online
5310,P069,4665,2026-01-12,1,81.2,Online
5311,P015,4667,2024-08-06,1,91.25,Online
5312,P075,4668,2024-08-15,3,307.2,Store
5313,P050,4668,2025-06-23,2,108.64,Store
5314,P006,4668,2026-04-20,1,78.45,Online
5315,P081,4669,2024-10-18,1,42.8,Online
5316,P042,4669,2025-06-02,3,220.65,Store
5317,P015,4669,2026-01-23,1,91.25,Store
5318,P019,4670,2024-01-10,1,96.15,Online
5319,P001,4673,2024-05-31,4,262.24,Store
5320,P059,4673,2026-02-05,1,34.75,Online
5321,P042,4674,2023-11-04,5,367.75,Online
5322,P063,4674,2025-01-31,1,44.5,Store
5323,P024,4674,2026-05-12,1,135.75,Online
5324,P094,4675,2024-10-26,1,54.8,Online
5325,P063,4675,2026-03-07,2,89.0,Online
5326,P037,4676,2024-07-08,1,139.8,Online
5327,P009,4676,2026-01-28,1,72.4,Store
5328,P090,4678,2025-05-01,1,179.5,Store
5329,P087,4680,2023-06-22,1,91.7,Store
5330,P016,4680,2024-02-10,1,36.06,Online
5331,P096,4680,2024-10-01,4,155.6,Online
5332,P079,4680,2025-05-23,1,79.9,Store
5333,P079,4680,2026-01-05,2,159.8,Store
5334,P003,4680,2026-08-19,1,113.82,Online
5335,P019,4681,2023-05-18,1,96.15,Online
5336,P008,4681,2024-02-01,3,146.25,Store
5337,P038,4681,2024-09-29,1,94.6,Online
5338,P058,4681,2025-05-28,2,209.8,Online
5339,P062,4681,2026-02-04,3,119.7,Online
5340,P050,4685,2024-06-28,3,162.96,Online
5341,P027,4685,2025-12-26,1,105.3,Store
5342,P066,4686,2025-05-29,2,73.8,Online
5343,P015,4686,2026-07-27,2,182.5,Online
5344,P002,4687,2024-06-14,1,143.35,Online
5345,P040,4687,2024-11-19,2,164.6,Store
5346,P062,4687,2025-05-04,2,79.8,Store
5347,P007,4687,2025-10-12,1,52.9,Online
5348,P004,4687,2026-03-17,2,191.64,Online
5349,P095,4687,2026-08-04,1,45.5,Online
5350,P030,4688,2024-10-02,1,31.9,Store
5351,P095,4689,2024-07-11,2,91.0,Store
5352,P037,4689,2026-01-10,1,139.8,Online
5353,P035,4690,2024-06-10,1,39.55,Store
5354,P004,4690,2025-10-29,1,95.82,Online
5355,P077,4692,2023-10-19,1,189.5,Online
5356,P088,4694,2024-12-16,4,423.4,Online
5357,P013,4694,2025-08-02,1,83.6,Store
5358,P075,4694,2026-02-19,1,102.4,Online
5359,P087,4695,2024-10-11,2,183.4,Online
5360,P099,4696,2024-03-07,1,59.9,Store
5361,P056,4697,2023-08-14,3,278.25,Store
5362,P015,4698,2023-07-15,1,91.25,Online
5363,P086,4698,2024-02-03,2,177.9,Online
5364,P061,4699,2023-03-28,1,69.95,Online
5365,P038,4700,2024-07-07,2,189.2,Online
5366,P072,4700,2026-01-23,1,72.35,Online
5367,P089,4703,2023-11-17,2,439.8,Online
5368,P043,4703,2025-04-20,3,325.2,Online
5369,P065,4706,2024-01-16,1,74.8,Store
5370,P058,4706,2024-06-14,2,209.8,Online
5371,P082,4706,2024-11-18,1,35.6,Store
5372,P060,4706,2025-05-25,4,191.6,Store
5373,P077,4706,2025-10-29,3,568.5,Online
5374,P080,4706,2026-04-27,1,99.5,Online
5375,P061,4707,2024-01-02,1,69.95,Online
5376,P001,4707,2024-10-27,3,196.68,Online
5377,P083,4707,2025-09-07,1,145.9,Store
5378,P070,4707,2026-06-26,2,231.2,Store
5379,P084,4708,2023-12-06,3,509.4,Online
5380,P026,4708,2024-10-05,1,64.8,Online
5381,P056,4708,2025-07-25,3,278.25,Store
5382,P045,4708,2026-05-05,2,135.7,Store
5383,P036,4709,2024-11-01,2,224.9,Store
5384,P047,4709,2025-03-04,4,224.28,Online
5385,P060,4709,2025-07-18,2,95.8,Store
5386,P033,4709,2025-12-10,1,127.38,Online
5387,P093,4709,2026-04-20,2,159.9,Store
5388,P024,4710,2023-05-02,2,271.5,Online
5389,P001,4710,2024-09-20,1,65.56,Online
5390,P089,4710,2026-03-04,3,659.7,Online
5391,P048,4711,2023-07-11,1,85.84,Online
5392,P008,4711,2023-11-22,3,146.25,Online
5393,P039,4711,2024-04-03,3,470.25,Store
5394,P037,4711,2024-08-12,1,139.8,Online
5395,P063,4711,2024-12-27,4,178.0,Store
5396,P088,4711,2025-05-12,3,317.55,Store
5397,P074,4711,2025-10-01,2,135.5,Online
5398,P016,4711,2026-02-21,1,36.06,Online
5399,P085,4711,2026-07-20,2,149.0,Store
5400,P019,4712,2023-08-04,5,480.75,Online
5401,P023,4712,2024-03-24,1,25.5,Store
5402,P097,4714,2024-12-19,1,72.6,Online
5403,P008,4714,2025-08-27,1,48.75,Online
5404,P086,4714,2026-06-14,1,88.95,Online
5405,P039,4715,2024-08-24,3,470.25,Online
5406,P097,4715,2026-02-01,2,145.2,Online
5407,P051,4716,2024-09-25,2,259.8,Store
5408,P043,4716,2025-06-18,3,325.2,Online
5409,P010,4716,2026-02-16,2,179.98,Store
5410,P030,4717,2024-06-16,1,31.9,Store
5411,P067,4718,2023-06-21,2,65.0,Store
5412,P011,4720,2023-07-16,2,122.7,Online
5413,P092,4720,2024-02-15,5,343.75,Online
5414,P004,4720,2024-09-05,2,191.64,Store
5415,P070,4720,2025-04-17,2,231.2,Online
5416,P087,4720,2025-11-12,1,91.7,Online
5417,P015,4720,2026-06-03,1,91.25,Online
5418,P090,4721,2023-07-10,1,179.5,Store
5419,P084,4721,2024-08-13,1,169.8,Online
5420,P051,4721,2025-09-19,2,259.8,Store
5421,P083,4722,2024-02-16,2,291.8,Online
5422,P067,4723,2024-11-18,2,65.0,Online
5423,P019,4723,2025-08-01,4,384.6,Store
5424,P045,4723,2026-05-04,1,67.85,Online
5425,P093,4727,2024-02-11,1,79.95,Store
5426,P067,4727,2024-11-01,2,65.0,Online
5427,P005,4729,2024-04-13,1,36.06,Online
5428,P030,4729,2025-01-11,1,31.9,Store
5429,P068,4729,2025-10-19,1,58.95,Online
5430,P020,4729,2026-08-06,4,442.36,Store
5431,P053,4730,2023-12-06,1,59.8,Store
5432,P100,4730,2024-09-09,3,284.25,Store
5433,P046,4730,2025-06-25,1,39.76,Online
5434,P005,4730,2026-03-25,3,108.18,Online
5435,P099,4731,2023-06-27,1,59.9,Online
5436,P083,4733,2023-08-12,3,437.7,Online
5437,P034,4735,2024-05-21,2,87.34,Online
5438,P066,4735,2025-12-12,2,73.8,Online
5439,P038,4736,2025-06-20,1,94.6,Online
5440,P035,4737,2024-02-22,1,39.55,Online
5441,P025,4738,2025-01-03,2,199.98,Online
5442,P036,4740,2024-04-24,2,224.9,Online
5443,P081,4740,2024-10-08,1,42.8,Store
5444,P068,4740,2025-03-09,1,58.95,Store
5445,P034,4740,2025-08-17,3,131.01,Store
5446,P029,4740,2026-01-24,2,152.8,Store
5447,P087,4740,2026-06-21,2,183.4,Store
5448,P087,4741,2024-04-13,1,91.7,Online
5449,P040,4741,2025-07-04,3,246.9,Online
5450,P045,4742,2023-08-08,1,67.85,Online
5451,P095,4744,2024-04-20,4,182.0,Online
5452,P011,4744,2025-08-18,1,61.35,Online
5453,P069,4745,2025-09-07,2,162.4,Online
5454,P097,4746,2023-03-09,1,72.6,Online
5455,P055,4746,2023-08-12,2,91.2,Online
5456,P044,4746,2024-01-09,3,449.97,Store
5457,P091,4746,2024-06-04,1,49.9,Store
5458,P072,4746,2024-11-03,1,72.35,Store
5459,P081,4746,2025-03-31,4,171.2,Store
5460,P012,4746,2025-08-16,1,42.8,Online
5461,P015,4746,2026-01-08,1,91.25,Online
5462,P005,4746,2026-06-22,2,72.12,Store
5463,P027,4747,2025-01-28,2,210.6,Store
5464,P016,4747,2026-07-12,4,144.24,Online
5465,P100,4749,2024-01-20,1,94.75,Store
5466,P036,4750,2023-06-05,1,112.45,Online
5467,P040,4751,2025-01-15,3,246.9,Store
5468,P075,4751,2025-05-29,2,204.8,Store
5469,P054,4751,2025-10-18,1,77.25,Online
5470,P005,4751,2026-02-27,2,72.12,Online
5471,P082,4751,2026-07-10,1,35.6,Online
5472,P091,4753,2024-12-23,3,149.7,Online
5473,P063,4753,2026-02-25,1,44.5,Store
5474,P054,4754,2025-03-01,1,77.25,Store
5475,P002,4754,2026-01-07,1,143.35,Store
5476,P069,4755,2023-12-26,1,81.2,Store
5477,P092,4756,2024-06-18,1,68.75,Online
5478,P021,4756,2025-02-24,2,174.9,Online
5479,P076,4756,2025-11-21,1,159.9,Online
5480,P094,4756,2026-08-10,1,54.8,Online
5481,P095,4758,2024-01-06,2,91.0,Online
5482,P031,4758,2024-10-19,2,35.56,Store
5483,P037,4758,2025-06-17,2,279.6,Online
5484,P036,4758,2026-03-25,2,224.9,Store
5485,P011,4760,2024-03-31,2,122.7,Online
5486,P031,4760,2025-06-02,2,35.56,Store
5487,P066,4762,2023-12-03,1,36.9,Online
5488,P018,4762,2024-08-04,2,263.86,Store
5489,P039,4762,2025-04-05,2,313.5,Online
5490,P035,4762,2025-11-30,2,79.1,Online
5491,P011,4762,2026-07-23,5,306.75,Online
5492,P012,4763,2023-11-14,1,42.8,Online
5493,P033,4764,2025-04-30,4,509.52,Online
5494,P040,4764,2026-01-24,2,164.6,Online
5495,P015,4765,2023-03-11,2,182.5,Store
5496,P041,4767,2024-08-26,1,118.9,Store
5497,P013,4767,2025-04-20,2,167.2,Store
5498,P048,4768,2023-12-27,4,343.36,Store
5499,P047,4768,2025-02-01,1,56.07,Online
5500,P038,4768,2026-03-30,4,378.4,Online
5501,P019,4769,2023-05-25,1,96.15,Online
5502,P019,4769,2024-01-03,3,288.45,Online
5503,P072,4770,2025-02-10,2,144.7,Online
5504,P038,4770,2026-05-18,1,94.6,Online
5505,P067,4771,2023-05-11,2,65.0,Online
5506,P095,4771,2024-10-03,2,91.0,Store
5507,P007,4771,2026-02-27,2,105.8,Online
5508,P025,4773,2023-11-02,2,199.98,Store
5509,P040,4773,2025-02-17,4,329.2,Store
5510,P044,4773,2026-08-10,2,299.98,Online
5511,P069,4774,2024-02-28,3,243.6,Online
5512,P027,4776,2023-11-22,1,105.3,Online
5513,P098,4776,2024-04-14,1,63.45,Online
5514,P048,4776,2024-08-14,1,85.84,Online
5515,P011,4776,2025-01-06,2,122.7,Online
5516,P028,4776,2025-05-30,1,128.65,Store
5517,P006,4776,2025-10-29,2,156.9,Store
5518,P067,4776,2026-03-23,2,65.0,Store
5519,P077,4776,2026-08-19,1,189.5,Online
5520,P043,4777,2024-05-12,2,216.8,Store
5521,P011,4778,2024-04-15,1,61.35,Online
5522,P013,4778,2024-12-08,2,167.2,Store
5523,P001,4780,2024-10-07,1,65.56,Online
5524,P013,4780,2025-04-13,2,167.2,Store
5525,P073,4780,2025-10-13,1,89.5,Store
5526,P057,4780,2026-03-24,2,102.8,Online
5527,P082,4781,2023-06-14,4,142.4,Store
5528,P030,4781,2023-10-29,1,31.9,Online
5529,P082,4781,2024-03-12,1,35.6,Online
5530,P079,4781,2024-07-29,2,159.8,Online
5531,P030,4781,2024-12-18,2,63.8,Online
5532,P047,4781,2025-05-17,1,56.07,Online
5533,P030,4781,2025-10-08,1,31.9,Online
5534,P020,4781,2026-02-18,1,110.59,Online
5535,P076,4781,2026-07-08,3,479.7,Online
5536,P095,4782,2023-06-27,3,136.5,Online
5537,P050,4782,2023-11-13,5,271.6,Store
5538,P059,4782,2024-03-17,1,34.75,Online
5539,P008,4782,2024-08-07,5,243.75,Online
5540,P076,4782,2024-12-15,2,319.8,Store
5541,P082,4782,2025-05-11,2,71.2,Store
5542,P071,4782,2025-09-27,2,129.8,Store
5543,P090,4782,2026-01-31,3,538.5,Store
5544,P076,4782,2026-06-15,2,319.8,Store
5545,P059,4783,2025-05-17,1,34.75,Online
5546,P100,4784,2024-07-03,2,189.5,Store
5547,P083,4784,2025-08-18,2,291.8,Store
5548,P041,4785,2023-06-09,2,237.8,Online
5549,P036,4785,2023-10-29,2,224.9,Online
5550,P068,4785,2024-03-13,1,58.95,Online
5551,P052,4785,2024-08-13,4,273.8,Online
5552,P043,4785,2025-01-11,2,216.8,Online
5553,P003,4785,2025-06-10,3,341.46,Online
5554,P089,4785,2025-11-04,4,879.6,Online
5555,P041,4785,2026-04-18,1,118.9,Online
5556,P077,4786,2024-02-03,2,379.0,Online
5557,P063,4786,2024-10-11,3,133.5,Store
5558,P085,4788,2024-10-22,1,74.5,Store
5559,P074,4788,2025-04-08,2,135.5,Online
5560,P048,4788,2025-09-19,5,429.2,Store
5561,P098,4788,2026-03-08,1,63.45,Store
5562,P007,4788,2026-08-13,1,52.9,Online
5563,P044,4789,2024-09-23,1,149.99,Store
5564,P058,4789,2025-06-03,1,104.9,Online
5565,P005,4790,2023-06-28,1,36.06,Online
5566,P012,4790,2024-09-20,5,214.0,Online
5567,P042,4790,2026-02-01,2,147.1,Store
5568,P068,4791,2024-03-27,2,117.9,Online
5569,P093,4792,2024-08-05,4,319.8,Online
5570,P016,4792,2026-01-01,3,108.18,Online
5571,P054,4794,2025-02-24,1,77.25,Online
5572,P071,4794,2025-11-14,4,259.6,Online
5573,P013,4794,2026-08-23,3,250.8,Online
5574,P022,4795,2024-05-14,1,119.9,Online
5575,P033,4797,2023-12-17,1,127.38,Online
5576,P083,4800,2025-11-22,1,145.9,Online
5577,P041,4803,2025-09-18,2,237.8,Store
5578,P099,4805,2024-03-17,2,119.8,Online
5579,P018,4806,2024-08-01,2,263.86,Online
5580,P041,4807,2023-07-07,1,118.9,Store
5581,P029,4807,2024-10-20,1,76.4,Store
5582,P056,4807,2026-01-07,3,278.25,Online
5583,P035,4809,2024-05-28,1,39.55,Online
5584,P007,4809,2025-02-07,1,52.9,Online
5585,P072,4811,2024-08-27,2,144.7,Store
5586,P088,4811,2025-04-01,1,105.85,Online
5587,P084,4812,2024-10-27,2,339.6,Online
5588,P026,4812,2025-07-03,4,259.2,Online
5589,P055,4813,2024-12-23,1,45.6,Online
5590,P098,4814,2023-12-07,2,126.9,Online
5591,P092,4814,2025-05-25,1,68.75,Online
5592,P052,4815,2024-02-01,1,68.45,Online
5593,P006,4816,2024-01-02,1,78.45,Online
5594,P022,4816,2024-08-21,3,359.7,Online
5595,P075,4818,2024-12-16,1,102.4,Store
5596,P064,4818,2025-07-21,2,197.5,Store
5597,P025,4818,2026-03-07,1,99.99,Online
5598,P076,4819,2023-10-08,1,159.9,Online
5599,P066,4819,2024-05-22,3,110.7,Store
5600,P017,4821,2023-09-14,2,45.68,Online
5601,P034,4821,2024-06-04,1,43.67,Store
5602,P031,4822,2024-06-19,1,17.78,Online
5603,P003,4822,2024-12-23,2,227.64,Online
5604,P034,4822,2025-06-23,1,43.67,Online
5605,P086,4822,2025-12-15,4,355.8,Online
5606,P058,4822,2026-06-04,2,209.8,Store
5607,P091,4823,2024-09-22,2,99.8,Online
5608,P070,4824,2023-12-19,2,231.2,Online
5609,P097,4826,2024-01-05,1,72.6,Store
5610,P060,4826,2024-10-09,1,47.9,Online
5611,P004,4827,2024-07-01,2,191.64,Online
5612,P046,4828,2023-06-14,2,79.52,Online
5613,P045,4828,2023-12-06,3,203.55,Online
5614,P038,4830,2024-10-05,1,94.6,Store
5615,P019,4831,2023-06-20,1,96.15,Online
5616,P030,4831,2025-01-01,4,127.6,Online
5617,P062,4831,2026-07-21,5,199.5,Store
5618,P049,4832,2024-08-28,3,219.93,Store
5619,P045,4832,2026-02-21,1,67.85,Online
5620,P063,4833,2024-08-26,1,44.5,Online
5621,P040,4833,2025-04-02,1,82.3,Online
5622,P023,4834,2024-02-21,1,25.5,Store
5623,P059,4834,2025-10-06,2,69.5,Store
5624,P024,4835,2024-10-30,1,135.75,Online
5625,P015,4835,2025-04-05,2,182.5,Store
5626,P074,4835,2025-09-09,5,338.75,Online
5627,P013,4835,2026-03-04,2,167.2,Online
5628,P087,4835,2026-08-20,2,183.4,Online
5629,P005,4836,2023-06-23,1,36.06,Online
5630,P070,4836,2023-12-29,2,231.2,Store
5631,P037,4838,2023-11-22,1,139.8,Online
5632,P001,4838,2024-05-22,3,196.68,Online
5633,P001,4838,2024-11-16,2,131.12,Online
5634,P087,4838,2025-05-13,2,183.4,Online
5635,P082,4838,2025-11-05,1,35.6,Store
5636,P087,4838,2026-05-09,1,91.7,Online
5637,P044,4839,2024-05-28,2,299.98,Store
5638,P023,4840,2024-06-30,1,25.5,Store
5639,P052,4841,2024-07-23,1,68.45,Online
5640,P098,4841,2025-01-23,3,190.35,Online
5641,P028,4842,2023-08-28,2,257.3,Online
5642,P037,4843,2024-04-10,2,279.6,Store
5643,P010,4843,2024-12-29,2,179.98,Store
5644,P063,4843,2025-09-21,3,133.5,Store
5645,P048,4843,2026-06-17,1,85.84,Online
5646,P090,4844,2025-03-30,2,359.0,Store
5647,P016,4844,2025-12-14,1,36.06,Online
5648,P074,4845,2024-07-28,1,67.75,Online
5649,P082,4845,2026-01-09,1,35.6,Online
5650,P033,4847,2025-01-16,1,127.38,Online
5651,P054,4847,2025-06-06,2,154.5,Online
5652,P099,4847,2025-11-05,3,179.7,Store
5653,P049,4847,2026-03-27,3,219.93,Online
5654,P044,4847,2026-08-05,5,749.95,Store
5655,P026,4849,2024-01-05,3,194.4,Online
5656,P090,4850,2023-06-16,1,179.5,Store
5657,P091,4850,2023-11-26,1,49.9,Store
5658,P086,4850,2024-05-27,2,177.9,Online
5659,P010,4850,2024-11-23,3,269.97,Online
5660,P096,4850,2025-05-11,2,77.8,Online
5661,P042,4850,2025-11-15,5,367.75,Store
5662,P007,4850,2026-05-01,2,105.8,Online
5663,P081,4852,2024-07-19,1,42.8,Online
5664,P027,4852,2025-05-10,1,105.3,Online
5665,P038,4852,2026-02-07,2,189.2,Store
5666,P089,4857,2024-06-02,1,219.9,Online
5667,P063,4857,2024-12-25,1,44.5,Store
5668,P065,4858,2023-12-02,1,74.8,Online
5669,P021,4858,2025-07-23,2,174.9,Store
5670,P008,4860,2023-02-12,1,48.75,Online
5671,P094,4861,2025-01-05,1,54.8,Store
5672,P099,4861,2026-07-24,2,119.8,Online
5673,P096,4862,2023-02-26,2,77.8,Online
5674,P047,4863,2023-09-09,1,56.07,Store
5675,P089,4865,2023-06-24,4,879.6,Store
5676,P070,4866,2023-08-03,1,115.6,Online
5677,P090,4866,2024-01-23,4,718.0,Online
5678,P064,4866,2024-07-21,1,98.75,Online
5679,P030,4866,2025-01-04,1,31.9,Store
5680,P082,4866,2025-06-27,1,35.6,Online
5681,P085,4866,2025-12-02,1,74.5,Store
5682,P050,4866,2026-05-19,5,271.6,Online
5683,P047,4867,2024-10-08,1,56.07,Online
5684,P027,4867,2025-07-25,5,526.5,Online
5685,P048,4867,2026-05-13,1,85.84,Store
5686,P034,4868,2023-06-16,2,87.34,Online
5687,P001,4870,2024-07-24,2,131.12,Online
5688,P062,4871,2024-03-30,4,159.6,Store
5689,P057,4872,2023-08-02,2,102.8,Online
5690,P061,4872,2024-03-26,1,69.95,Online
5691,P017,4873,2024-07-15,2,45.68,Online
5692,P025,4873,2025-04-13,3,299.97,Online
5693,P087,4873,2025-12-26,2,183.4,Store
5694,P031,4875,2023-05-11,2,35.56,Online
5695,P047,4876,2024-05-13,2,112.14,Store
5696,P100,4876,2025-09-09,4,379.0,Online
5697,P050,4878,2024-06-22,1,54.32,Online
5698,P040,4878,2025-02-08,1,82.3,Online
5699,P047,4878,2025-10-11,3,168.21,Store
5700,P054,4878,2026-06-04,3,231.75,Online
5701,P019,4879,2023-07-15,2,192.3,Online
5702,P057,4880,2023-07-18,1,51.4,Online
5703,P080,4881,2024-10-16,1,99.5,Store
5704,P048,4881,2025-06-15,1,85.84,Store
5705,P018,4881,2026-02-27,1,131.93,Online
5706,P081,4882,2024-08-07,1,42.8,Online
5707,P097,4882,2025-05-14,2,145.2,Online
5708,P085,4882,2026-02-22,5,372.5,Store
5709,P042,4883,2024-03-07,1,73.55,Online
5710,P074,4885,2023-04-18,1,67.75,Store
5711,P064,4885,2023-10-24,1,98.75,Online
5712,P075,4885,2024-04-19,3,307.2,Online
5713,P066,4885,2024-10-16,1,36.9,Online
5714,P039,4885,2025-04-12,1,156.75,Online
5715,P018,4885,2025-09-19,2,263.86,Online
5716,P019,4885,2026-04-06,2,192.3,Online
5717,P049,4886,2025-04-09,1,73.31,Online
5718,P005,4886,2026-05-05,2,72.12,Store
5719,P044,4887,2023-02-01,2,299.98,Online
5720,P077,4887,2023-10-01,1,189.5,Store
5721,P053,4887,2024-04-23,2,119.6,Online
5722,P007,4887,2024-12-22,1,52.9,Online
5723,P030,4887,2025-07-19,5,159.5,Store
5724,P081,4887,2026-02-14,2,85.6,Store
5725,P084,4888,2023-05-05,1,169.8,Store
5726,P093,4890,2023-10-25,1,79.95,Online
5727,P092,4890,2025-02-01,2,137.5,Store
5728,P087,4890,2026-06-01,2,183.4,Online
5729,P079,4891,2023-11-18,1,79.9,Store
5730,P088,4891,2025-01-26,2,211.7,Online
5731,P031,4891,2026-05-26,1,17.78,Store
5732,P083,4894,2023-11-29,1,145.9,Online
5733,P049,4894,2025-02-18,2,146.62,Online
5734,P095,4894,2026-04-28,1,45.5,Online
5735,P090,4895,2023-03-16,1,179.5,Online
5736,P095,4895,2023-12-26,4,182.0,Online
5737,P043,4895,2024-10-14,4,433.6,Online
5738,P050,4895,2025-08-12,1,54.32,Store
5739,P041,4895,2026-04-16,2,237.8,Online
5740,P002,4896,2025-11-10,2,286.7,Online
5741,P064,4897,2024-09-20,1,98.75,Online
5742,P028,4898,2025-06-08,1,128.65,Online
5743,P028,4899,2023-05-14,1,128.65,Online
5744,P062,4899,2023-11-03,3,119.7,Store
5745,P020,4900,2024-07-11,1,110.59,Store
5746,P036,4901,2023-03-18,1,112.45,Store
5747,P030,4902,2024-07-30,1,31.9,Online
5748,P076,4902,2025-11-29,4,639.6,Online
5749,P021,4903,2024-06-22,1,87.45,Online
5750,P095,4903,2025-03-17,1,45.5,Store
5751,P054,4903,2025-11-27,1,77.25,Online
5752,P071,4903,2026-08-15,1,64.9,Online
5753,P079,4904,2024-09-07,2,159.8,Store
5754,P087,4905,2024-04-25,2,183.4,Store
5755,P020,4905,2025-06-28,1,110.59,Online
5756,P014,4907,2024-05-15,2,249.0,Online
5757,P087,4907,2025-11-11,1,91.7,Store
5758,P070,4909,2024-07-14,2,231.2,Store
5759,P074,4910,2024-02-09,2,135.5,Online
5760,P029,4910,2024-07-14,1,76.4,Online
5761,P060,4910,2025-01-04,3,143.7,Online
5762,P071,4910,2025-06-14,3,194.7,Store
5763,P096,4910,2025-11-19,1,38.9,Online
5764,P064,4910,2026-04-23,1,98.75,Online
5765,P079,4911,2023-07-02,1,79.9,Online
5766,P026,4911,2024-03-28,1,64.8,Online
5767,P009,4911,2024-12-24,3,217.2,Online
5768,P005,4911,2025-11-06,3,108.18,Online
5769,P083,4911,2026-07-21,1,145.9,Online
5770,P094,4913,2024-11-06,4,219.2,Online
5771,P020,4913,2025-08-25,3,331.77,Online
5772,P053,4913,2026-06-18,2,119.6,Store
5773,P028,4914,2024-02-27,2,257.3,Store
5774,P052,4915,2024-01-25,2,136.9,Store
5775,P023,4915,2024-05-26,1,25.5,Store
5776,P040,4915,2024-09-26,1,82.3,Online
5777,P056,4915,2025-02-04,2,185.5,Online
5778,P055,4915,2025-06-20,2,91.2,Online
5779,P018,4915,2025-10-13,1,131.93,Online
5780,P011,4915,2026-02-13,5,306.75,Store
5781,P046,4915,2026-06-23,2,79.52,Online
5782,P025,4916,2024-11-20,1,99.99,Online
5783,P041,4917,2024-10-15,2,237.8,Online
5784,P093,4917,2025-03-31,3,239.85,Online
5785,P067,4917,2025-09-08,2,65.0,Store
5786,P028,4917,2026-02-06,1,128.65,Online
5787,P099,4917,2026-07-02,1,59.9,Store
5788,P001,4918,2023-09-21,3,196.68,Online
5789,P008,4919,2024-04-30,2,97.5,Store
5790,P057,4919,2025-01-02,1,51.4,Online
5791,P099,4919,2025-09-15,5,299.5,Online
5792,P085,4919,2026-05-24,4,298.0,Online
5793,P049,4920,2023-11-03,2,146.62,Store
5794,P099,4920,2024-08-05,3,179.7,Online
5795,P048,4920,2025-04-29,3,257.52,Store
5796,P064,4920,2026-01-09,1,98.75,Online
5797,P099,4921,2024-08-31,3,179.7,Online
5798,P042,4922,2024-10-29,4,294.2,Online
5799,P030,4925,2023-12-17,1,31.9,Online
5800,P019,4926,2024-09-02,2,192.3,Store
5801,P078,4927,2025-08-28,1,134.75,Store
5802,P070,4928,2025-03-17,1,115.6,Online
5803,P044,4928,2026-08-04,2,299.98,Online
5804,P084,4929,2023-09-25,2,339.6,Store
5805,P087,4929,2024-07-27,1,91.7,Online
5806,P006,4929,2025-05-01,1,78.45,Online
5807,P067,4929,2026-02-21,2,65.0,Online
5808,P076,4930,2024-11-10,2,319.8,Online
5809,P052,4930,2025-07-31,1,68.45,Online
5810,P029,4930,2026-03-28,1,76.4,Online
5811,P094,4931,2025-03-30,1,54.8,Online
5812,P093,4931,2026-01-06,3,239.85,Online
5813,P028,4932,2023-08-03,5,643.25,Online
5814,P088,4932,2024-10-22,2,211.7,Online
5815,P078,4932,2026-01-01,1,134.75,Online
5816,P097,4933,2023-05-05,3,217.8,Store
5817,P074,4934,2024-10-23,3,203.25,Online
5818,P079,4934,2026-02-24,1,79.9,Store
5819,P065,4935,2023-11-29,2,149.6,Store
5820,P024,4935,2025-01-26,1,135.75,Online
5821,P087,4935,2026-04-30,1,91.7,Online
5822,P027,4937,2024-08-03,1,105.3,Store
5823,P037,4941,2023-08-13,5,699.0,Store
5824,P052,4941,2024-05-08,1,68.45,Store
5825,P042,4941,2025-01-07,1,73.55,Online
5826,P049,4941,2025-09-19,2,146.62,Store
5827,P031,4941,2026-05-16,2,35.56,Store
5828,P069,4942,2025-04-09,1,81.2,Online
5829,P074,4943,2024-02-01,3,203.25,Online
5830,P038,4943,2024-05-30,2,189.2,Online
5831,P047,4943,2024-09-24,3,168.21,Online
5832,P022,4943,2025-01-15,1,119.9,Online
5833,P097,4943,2025-05-17,5,363.0,Online
5834,P078,4943,2025-09-06,3,404.25,Store
5835,P001,4943,2026-01-03,5,327.8,Online
5836,P093,4943,2026-05-08,1,79.95,Online
5837,P068,4944,2024-11-07,3,176.85,Store
5838,P049,4944,2025-05-18,2,146.62,Online
5839,P003,4945,2023-04-29,1,113.82,Online
5840,P042,4946,2024-03-02,2,147.1,Online
5841,P041,4947,2024-01-14,1,118.9,Store
5842,P061,4947,2025-02-07,1,69.95,Online
5843,P008,4947,2026-04-05,2,97.5,Online
5844,P005,4948,2024-10-16,1,36.06,Online
5845,P066,4948,2025-06-03,5,184.5,Online
5846,P068,4950,2025-04-13,1,58.95,Online
5847,P038,4951,2024-11-10,2,189.2,Online
5848,P004,4954,2023-09-30,2,191.64,Online
5849,P080,4955,2024-12-23,2,199.0,Online
5850,P044,4958,2024-07-19,2,299.98,Online
5851,P006,4959,2025-03-02,1,78.45,Online
5852,P015,4959,2026-08-18,4,365.0,Store
5853,P053,4961,2024-05-28,3,179.4,Online
5854,P053,4961,2025-03-23,1,59.8,Store
5855,P004,4961,2025-12-27,1,95.82,Online
5856,P058,4963,2024-04-24,4,419.6,Online
5857,P029,4967,2023-11-15,4,305.6,Online
5858,P093,4967,2024-05-25,2,159.9,Store
5859,P043,4968,2023-04-26,1,108.4,Online
5860,P047,4969,2023-09-29,3,168.21,Store
5861,P097,4969,2024-02-09,1,72.6,Online
5862,P030,4969,2024-06-13,1,31.9,Store
5863,P006,4969,2024-11-03,2,156.9,Online
5864,P018,4969,2025-03-02,1,131.93,Online
5865,P065,4969,2025-07-12,3,224.4,Store
5866,P083,4969,2025-11-15,1,145.9,Online
5867,P046,4969,2026-03-21,1,39.76,Online
5868,P086,4969,2026-07-26,4,355.8,Store
5869,P060,4971,2023-06-17,1,47.9,Online
5870,P100,4971,2023-11-24,2,189.5,Online
5871,P013,4971,2024-04-29,1,83.6,Online
5872,P051,4971,2024-10-08,2,259.8,Store
5873,P017,4971,2025-03-27,1,22.84,Online
5874,P078,4971,2025-09-19,1,134.75,Online
5875,P038,4971,2026-02-22,4,378.4,Online
5876,P050,4971,2026-08-14,1,54.32,Store
5877,P018,4974,2023-07-31,2,263.86,Store
5878,P032,4974,2024-04-18,1,145.94,Online
5879,P080,4974,2025-01-19,2,199.0,Online
5880,P051,4974,2025-10-14,1,129.9,Online
5881,P060,4974,2026-08-04,2,95.8,Online
5882,P050,4975,2024-10-01,2,108.64,Online
5883,P023,4975,2025-06-07,3,76.5,Online
5884,P067,4975,2026-01-16,2,65.0,Store
5885,P074,4977,2024-06-14,2,135.5,Online
5886,P071,4977,2025-08-12,1,64.9,Store
5887,P027,4979,2023-06-19,2,210.6,Online
5888,P060,4979,2023-11-07,1,47.9,Online
5889,P024,4979,2024-03-18,2,271.5,Online
5890,P032,4979,2024-08-12,2,291.88,Store
5891,P086,4979,2024-12-23,1,88.95,Store
5892,P088,4979,2025-05-15,1,105.85,Online
5893,P089,4979,2025-10-06,2,439.8,Online
5894,P067,4979,2026-02-19,3,97.5,Store
5895,P004,4979,2026-06-26,2,191.64,Store
5896,P054,4981,2024-05-02,1,77.25,Online
5897,P038,4981,2025-02-14,2,189.2,Online
5898,P096,4981,2025-11-13,1,38.9,Online
5899,P083,4981,2026-07-17,1,145.9,Store
5900,P045,4983,2024-02-04,1,67.85,Store
5901,P077,4983,2024-11-24,1,189.5,Online
5902,P006,4984,2024-02-24,1,78.45,Store
5903,P048,4984,2024-08-29,2,171.68,Store
5904,P090,4985,2024-07-25,4,718.0,Online
5905,P045,4985,2025-08-07,1,67.85,Online
5906,P069,4985,2026-08-08,1,81.2,Store
5907,P041,4988,2023-11-03,2,237.8,Online
5908,P029,4989,2023-09-23,1,76.4,Online
5909,P023,4989,2024-12-19,2,51.0,Online
5910,P014,4989,2026-02-11,1,124.5,Online
5911,P034,4990,2023-11-15,3,131.01,Online
5912,P062,4990,2024-08-18,1,39.9,Online
5913,P083,4990,2025-05-28,1,145.9,Store
5914,P078,4990,2026-02-22,2,269.5,Online
5915,P086,4991,2024-04-09,2,177.9,Online
5916,P020,4991,2025-05-25,3,331.77,Online
5917,P007,4991,2026-08-23,1,52.9,Online
5918,P024,4992,2024-05-11,3,407.25,Store
5919,P027,4993,2024-03-21,1,105.3,Online
5920,P054,4993,2024-08-06,2,154.5,Online
5921,P084,4993,2024-12-30,1,169.8,Store
5922,P001,4993,2025-05-22,3,196.68,Online
5923,P083,4993,2025-10-03,4,583.6,Online
5924,P054,4993,2026-02-19,1,77.25,Store
5925,P024,4993,2026-06-30,2,271.5,Online
5926,P022,4994,2024-10-26,2,239.8,Store
5927,P039,4995,2023-04-11,2,313.5,Online
5928,P007,4996,2023-07-26,1,52.9,Online
5929,P027,4996,2024-05-05,3,315.9,Store
5930,P073,4996,2025-03-28,1,89.5,Online
5931,P047,4996,2026-02-26,1,56.07,Store
5932,P009,4997,2024-06-09,3,217.2,Online
5933,P069,4998,2024-03-18,2,162.4,Online
5934,P064,4998,2024-09-23,2,197.5,Online
5935,P035,4999,2024-08-21,1,39.55,Online
5936,P016,4999,2025-02-22,1,36.06,Online
5937,P004,5001,2024-06-11,1,95.82,Store
5938,P026,5001,2025-02-22,1,64.8,Online
5939,P055,5002,2023-12-16,1,45.6,Online
5940,P034,5002,2024-07-20,1,43.67,Online
5941,P016,5003,2024-07-04,1,36.06,Online
5942,P088,5004,2024-01-03,2,211.7,Online
5943,P073,5005,2024-07-05,2,179.0,Online
5944,P069,5006,2023-03-17,2,162.4,Online
5945,P052,5006,2024-05-09,2,136.9,Store
5946,P069,5006,2025-06-28,1,81.2,Online
5947,P060,5006,2026-08-29,2,95.8,Store
5948,P041,5007,2024-09-09,1,118.9,Online
5949,P029,5010,2024-01-03,1,76.4,Store
5950,P092,5011,2023-07-26,3,206.25,Online
5951,P058,5012,2024-08-10,1,104.9,Online
5952,P069,5012,2026-04-10,2,162.4,Store
5953,P088,5013,2023-07-09,3,317.55,Online
5954,P016,5014,2023-07-13,1,36.06,Store
5955,P034,5015,2024-09-19,3,131.01,Online
5956,P035,5015,2025-07-21,1,39.55,Online
5957,P041,5015,2026-06-12,2,237.8,Online
5958,P078,5016,2024-12-13,1,134.75,Online
5959,P020,5016,2025-08-18,2,221.18,Online
5960,P086,5016,2026-05-02,4,355.8,Online
5961,P022,5017,2024-03-24,4,479.6,Online
5962,P033,5017,2024-11-18,3,382.14,Online
5963,P011,5018,2024-01-07,4,245.4,Online
5964,P024,5018,2024-08-29,2,271.5,Online
5965,P008,5019,2024-10-29,3,146.25,Store
5966,P015,5020,2023-12-18,2,182.5,Online
5967,P011,5020,2025-06-26,2,122.7,Online
5968,P002,5022,2024-08-02,2,286.7,Online
5969,P048,5022,2024-12-16,1,85.84,Store
5970,P094,5022,2025-05-14,1,54.8,Online
5971,P038,5022,2025-09-15,2,189.2,Online
5972,P081,5022,2026-01-26,1,42.8,Online
5973,P055,5022,2026-06-19,1,45.6,Store
5974,P031,5024,2025-01-23,2,35.56,Online
5975,P074,5024,2025-07-31,3,203.25,Online
5976,P027,5027,2023-10-10,1,105.3,Online
5977,P085,5027,2024-12-20,2,149.0,Store
5978,P024,5027,2026-03-03,2,271.5,Online
5979,P006,5028,2024-01-18,1,78.45,Online
5980,P024,5028,2024-06-17,3,407.25,Online
5981,P079,5028,2024-11-29,4,319.6,Store
5982,P028,5028,2025-05-07,3,385.95,Store
5983,P091,5028,2025-10-12,1,49.9,Online
5984,P066,5028,2026-04-08,2,73.8,Online
5985,P065,5030,2024-10-31,1,74.8,Store
5986,P058,5030,2026-04-28,1,104.9,Online
5987,P097,5031,2024-05-28,1,72.6,Online
5988,P019,5032,2023-09-15,1,96.15,Online
5989,P017,5033,2025-01-19,3,68.52,Online
5990,P032,5033,2025-11-09,5,729.7,Store
5991,P005,5033,2026-08-18,3,108.18,Online
5992,P070,5035,2023-10-01,3,346.8,Store
5993,P007,5035,2025-05-29,1,52.9,Online
5994,P021,5036,2023-10-15,1,87.45,Store
5995,P017,5037,2024-03-31,1,22.84,Online
5996,P014,5037,2024-10-02,4,498.0,Online
5997,P016,5037,2025-03-20,1,36.06,Online
5998,P039,5037,2025-09-07,2,313.5,Online
5999,P060,5037,2026-02-18,1,47.9,Online
6000,P004,5037,2026-07-31,3,287.46,Online
6001,P030,5040,2024-11-07,4,127.6,Online
6002,P094,5040,2025-11-20,2,109.6,Online
6003,P086,5041,2024-01-21,4,355.8,Store
6004,P019,5043,2023-07-13,1,96.15,Online
6005,P047,5044,2024-11-01,4,224.28,Online
6006,P009,5044,2026-03-01,2,144.8,Online
6007,P085,5046,2024-02-28,2,149.0,Store
6008,P042,5046,2024-08-19,1,73.55,Online
6009,P041,5046,2025-02-21,1,118.9,Online
6010,P011,5046,2025-08-07,1,61.35,Online
6011,P055,5046,2026-01-21,1,45.6,Online
6012,P039,5046,2026-07-18,3,470.25,Store
6013,P098,5048,2023-07-22,1,63.45,Online
6014,P026,5051,2024-04-22,2,129.6,Online
6015,P040,5051,2025-07-06,4,329.2,Online
6016,P024,5051,2026-07-16,4,543.0,Online
6017,P007,5052,2024-03-26,1,52.9,Online
6018,P034,5053,2024-08-04,4,174.68,Store
6019,P039,5053,2024-12-22,4,627.0,Online
6020,P022,5053,2025-05-12,1,119.9,Online
6021,P064,5053,2025-10-05,2,197.5,Online
6022,P037,5053,2026-03-05,1,139.8,Store
6023,P033,5053,2026-08-09,2,254.76,Online
6024,P005,5054,2023-11-21,2,72.12,Online
6025,P065,5054,2025-04-21,3,224.4,Online
6026,P058,5054,2026-08-12,3,314.7,Store
6027,P004,5055,2024-08-04,1,95.82,Online
6028,P084,5055,2025-03-27,3,509.4,Online
6029,P003,5055,2025-10-30,2,227.64,Online
6030,P089,5055,2026-06-22,1,219.9,Online
6031,P077,5057,2025-02-01,3,568.5,Online
6032,P008,5057,2026-05-14,3,146.25,Online
6033,P001,5058,2024-07-28,1,65.56,Store
6034,P048,5058,2025-03-31,2,171.68,Online
6035,P015,5059,2024-02-13,2,182.5,Online
6036,P073,5059,2024-11-10,2,179.0,Online
6037,P091,5059,2025-08-17,3,149.7,Store
6038,P024,5059,2026-04-21,1,135.75,Store
6039,P018,5060,2024-01-19,2,263.86,Store
6040,P090,5060,2024-10-14,1,179.5,Online
6041,P053,5060,2025-07-04,1,59.8,Online
6042,P017,5060,2026-03-21,1,22.84,Online
6043,P043,5061,2025-01-17,5,542.0,Online
6044,P076,5061,2025-10-22,2,319.8,Online
6045,P038,5061,2026-08-12,1,94.6,Online
6046,P013,5064,2024-12-14,2,167.2,Store
6047,P015,5065,2023-10-21,4,365.0,Store
6048,P019,5065,2024-06-06,1,96.15,Online
6049,P005,5065,2025-02-17,2,72.12,Online
6050,P073,5065,2025-10-20,1,89.5,Online
6051,P066,5065,2026-05-31,1,36.9,Online
6052,P031,5066,2023-10-01,2,35.56,Store
6053,P087,5066,2024-07-15,3,275.1,Store
6054,P018,5066,2025-03-18,2,263.86,Online
6055,P017,5066,2025-12-18,4,91.36,Online
6056,P073,5067,2023-02-01,1,89.5,Store
6057,P004,5067,2024-03-28,3,287.46,Online
6058,P081,5067,2025-04-11,3,128.4,Store
6059,P011,5067,2026-06-12,1,61.35,Store
6060,P033,5068,2023-07-15,3,382.14,Online
6061,P007,5071,2023-09-18,3,158.7,Online
6062,P036,5071,2024-03-21,4,449.8,Online
6063,P021,5073,2024-03-14,3,262.35,Store
6064,P091,5073,2025-06-18,4,199.6,Store
6065,P081,5075,2023-03-08,1,42.8,Online
6066,P019,5075,2023-07-29,1,96.15,Online
6067,P080,5075,2024-01-02,2,199.0,Online
6068,P069,5075,2024-06-01,3,243.6,Online
6069,P051,5075,2024-11-09,1,129.9,Online
6070,P021,5075,2025-03-28,2,174.9,Store
6071,P041,5075,2025-08-04,4,475.6,Online
6072,P079,5075,2025-12-30,3,239.7,Online
6073,P027,5075,2026-05-29,1,105.3,Online
6074,P083,5076,2023-03-20,2,291.8,Online
6075,P071,5077,2024-04-02,5,324.5,Online
6076,P090,5078,2024-01-30,2,359.0,Store
6077,P004,5078,2025-03-03,1,95.82,Online
6078,P032,5078,2026-06-05,1,145.94,Online
6079,P022,5079,2024-03-05,1,119.9,Store
6080,P016,5079,2025-09-04,1,36.06,Online
6081,P062,5080,2023-05-06,2,79.8,Online
6082,P026,5080,2023-12-04,3,194.4,Online
6083,P068,5080,2024-06-22,1,58.95,Online
6084,P083,5080,2025-01-24,1,145.9,Online
6085,P068,5080,2025-09-04,3,176.85,Store
6086,P083,5080,2026-05-03,2,291.8,Online
6087,P023,5081,2025-03-30,2,51.0,Online
6088,P012,5081,2025-12-23,1,42.8,Online
6089,P024,5082,2023-09-19,4,543.0,Store
6090,P029,5082,2024-05-23,3,229.2,Online
6091,P045,5083,2024-02-02,2,135.7,Online
6092,P073,5084,2024-06-26,2,179.0,Store
6093,P042,5084,2025-08-13,3,220.65,Online
6094,P022,5085,2025-01-11,3,359.7,Online
6095,P016,5085,2025-10-03,3,108.18,Online
6096,P081,5087,2023-12-13,1,42.8,Online
6097,P057,5088,2024-09-23,1,51.4,Online
6098,P025,5088,2025-05-24,1,99.99,Store
6099,P006,5088,2026-01-07,4,313.8,Online
6100,P011,5090,2023-05-07,3,184.05,Online
6101,P063,5091,2024-12-06,5,222.5,Online
6102,P038,5091,2025-09-10,1,94.6,Online
6103,P058,5091,2026-06-07,1,104.9,Online
6104,P048,5094,2024-02-21,4,343.36,Store
6105,P031,5095,2025-02-04,1,17.78,Online
6106,P072,5096,2024-07-01,1,72.35,Store
6107,P045,5096,2025-02-19,3,203.55,Online
6108,P023,5096,2025-09-26,1,25.5,Store
6109,P065,5096,2026-05-29,3,224.4,Online
6110,P075,5097,2023-08-24,3,307.2,Online
6111,P071,5098,2024-06-05,3,194.7,Store
6112,P042,5098,2025-08-26,4,294.2,Store
6113,P003,5099,2025-03-29,1,113.82,Store
6114,P067,5103,2024-04-28,2,65.0,Online
6115,P032,5103,2025-01-22,2,291.88,Online
6116,P060,5103,2025-09-08,1,47.9,Store
6117,P054,5103,2026-06-11,1,77.25,Store
6118,P039,5105,2023-08-16,1,156.75,Online
6119,P008,5105,2024-04-30,1,48.75,Store
6120,P024,5105,2025-01-24,2,271.5,Online
6121,P048,5105,2025-10-29,3,257.52,Store
6122,P027,5105,2026-07-28,1,105.3,Online
6123,P055,5106,2023-11-03,2,91.2,Store
6124,P020,5107,2023-02-02,2,221.18,Online
6125,P072,5108,2023-12-20,3,217.05,Online
6126,P066,5109,2024-03-25,1,36.9,Online
6127,P094,5109,2025-07-31,1,54.8,Store
6128,P043,5110,2024-07-21,4,433.6,Store
6129,P075,5110,2025-10-07,1,102.4,Online
6130,P030,5112,2024-11-20,2,63.8,Online
6131,P088,5112,2025-07-05,1,105.85,Store
6132,P054,5112,2026-03-20,1,77.25,Online
6133,P097,5113,2024-01-10,2,145.2,Online
6134,P081,5113,2025-06-03,2,85.6,Online
6135,P072,5114,2024-08-05,2,144.7,Online
6136,P068,5114,2025-06-03,1,58.95,Online
6137,P045,5114,2026-03-15,4,271.4,Online
6138,P019,5115,2024-02-09,2,192.3,Online
6139,P074,5115,2024-06-26,1,67.75,Online
6140,P032,5115,2024-11-25,2,291.88,Online
6141,P089,5115,2025-04-14,3,659.7,Online
6142,P079,5115,2025-09-02,1,79.9,Store
6143,P097,5115,2026-02-02,2,145.2,Online
6144,P037,5115,2026-06-30,1,139.8,Online
6145,P054,5116,2024-09-07,1,77.25,Store
6146,P056,5117,2024-11-03,2,185.5,Store
6147,P019,5117,2025-08-04,2,192.3,Online
6148,P038,5117,2026-04-13,1,94.6,Online
6149,P025,5119,2025-01-22,2,199.98,Store
6150,P031,5120,2024-08-11,1,17.78,Store
6151,P042,5120,2025-10-25,2,147.1,Online
6152,P073,5121,2023-08-19,1,89.5,Store
6153,P018,5121,2024-05-26,1,131.93,Online
6154,P016,5121,2025-02-09,2,72.12,Online
6155,P054,5121,2025-10-26,3,231.75,Online
6156,P078,5121,2026-07-22,4,539.0,Online
6157,P068,5122,2025-08-07,1,58.95,Online
6158,P024,5123,2024-06-07,2,271.5,Online
6159,P044,5123,2025-12-30,3,449.97,Online
6160,P058,5124,2023-07-31,1,104.9,Online
6161,P008,5124,2024-04-23,3,146.25,Online
6162,P032,5124,2025-01-10,1,145.94,Online
6163,P020,5124,2025-08-10,4,442.36,Online
6164,P084,5124,2026-04-29,3,509.4,Online
6165,P010,5125,2024-01-06,1,89.99,Store
6166,P072,5128,2024-06-06,1,72.35,Store
6167,P079,5128,2025-04-26,3,239.7,Online
6168,P024,5128,2026-02-18,1,135.75,Store
6169,P013,5129,2025-01-31,2,167.2,Online
6170,P028,5129,2025-09-03,1,128.65,Store
6171,P072,5129,2026-03-30,1,72.35,Store
6172,P058,5132,2024-01-13,1,104.9,Online
6173,P039,5132,2024-08-31,1,156.75,Store
6174,P049,5132,2025-05-07,1,73.31,Online
6175,P075,5132,2025-12-13,1,102.4,Online
6176,P090,5132,2026-08-06,2,359.0,Online
6177,P049,5133,2024-07-21,3,219.93,Online
6178,P009,5133,2025-10-20,2,144.8,Store
6179,P086,5134,2024-07-01,4,355.8,Store
6180,P078,5134,2026-01-10,1,134.75,Store
6181,P081,5135,2024-09-20,3,128.4,Online
6182,P087,5135,2025-01-22,2,183.4,Online
6183,P059,5135,2025-06-05,2,69.5,Store
6184,P012,5135,2025-10-08,2,85.6,Online
6185,P073,5135,2026-02-21,3,268.5,Online
6186,P070,5135,2026-06-23,3,346.8,Online
6187,P040,5136,2023-09-08,1,82.3,Online
6188,P041,5136,2024-04-11,2,237.8,Store
6189,P004,5136,2024-11-25,1,95.82,Online
6190,P009,5136,2025-06-15,1,72.4,Store
6191,P069,5136,2026-02-15,2,162.4,Online
6192,P019,5137,2025-02-13,4,384.6,Store
6193,P023,5137,2025-10-14,3,76.5,Store
6194,P021,5138,2024-05-22,4,349.8,Online
6195,P056,5139,2023-10-09,1,92.75,Store
6196,P053,5140,2025-04-21,2,119.6,Store
6197,P091,5140,2026-05-02,1,49.9,Store
6198,P068,5142,2024-11-10,3,176.85,Online
6199,P010,5142,2025-08-14,4,359.96,Store
6200,P079,5142,2026-05-10,2,159.8,Online
6201,P100,5143,2023-10-03,3,284.25,Online
6202,P025,5143,2024-11-25,1,99.99,Online
6203,P075,5143,2026-01-30,1,102.4,Store
6204,P033,5144,2023-08-02,1,127.38,Online
6205,P042,5145,2023-11-09,2,147.1,Online
6206,P068,5145,2024-07-21,4,235.8,Online
6207,P062,5145,2025-05-20,1,39.9,Store
6208,P081,5145,2026-03-20,4,171.2,Online
6209,P098,5146,2024-06-27,2,126.9,Store
6210,P028,5146,2025-03-30,1,128.65,Online
6211,P049,5146,2025-12-11,1,73.31,Store
6212,P027,5146,2026-07-25,2,210.6,Store
6213,P008,5147,2024-09-07,1,48.75,Online
6214,P008,5147,2025-07-28,1,48.75,Online
6215,P057,5147,2026-06-15,1,51.4,Store
6216,P076,5148,2024-09-07,1,159.9,Store
6217,P075,5149,2024-03-31,1,102.4,Online
6218,P004,5149,2024-09-08,1,95.82,Store
6219,P097,5149,2025-03-07,1,72.6,Online
6220,P024,5149,2025-08-28,1,135.75,Online
6221,P093,5149,2026-02-20,1,79.95,Online
6222,P073,5150,2023-12-21,3,268.5,Online
6223,P001,5151,2023-09-13,3,196.68,Online
6224,P003,5151,2024-04-29,1,113.82,Store
6225,P081,5151,2025-01-05,5,214.0,Online
6226,P086,5151,2025-08-23,2,177.9,Store
6227,P041,5151,2026-04-27,2,237.8,Store
6228,P046,5154,2024-01-25,4,159.04,Online
6229,P074,5155,2023-10-15,2,135.5,Online
6230,P075,5155,2025-04-14,1,102.4,Online
6231,P025,5155,2026-08-21,4,399.96,Online
6232,P054,5156,2025-06-27,1,77.25,Store
6233,P009,5157,2024-06-06,2,144.8,Online
6234,P078,5158,2023-10-15,2,269.5,Store
6235,P054,5158,2024-12-14,1,77.25,Store
6236,P038,5158,2026-02-12,1,94.6,Online
6237,P045,5159,2023-11-24,3,203.55,Store
6238,P097,5159,2024-05-09,4,290.4,Store
6239,P053,5159,2024-10-16,1,59.8,Online
6240,P043,5159,2025-03-25,3,325.2,Online
6241,P039,5159,2025-09-11,1,156.75,Store
6242,P008,5159,2026-02-18,1,48.75,Online
6243,P002,5159,2026-08-17,2,286.7,Store
6244,P026,5161,2024-03-26,3,194.4,Store
6245,P066,5161,2024-11-13,1,36.9,Online
6246,P099,5163,2023-06-09,2,119.8,Online
6247,P082,5163,2023-11-13,2,71.2,Store
6248,P090,5163,2024-04-14,2,359.0,Store
6249,P072,5163,2024-09-05,3,217.05,Online
6250,P097,5163,2025-02-08,3,217.8,Online
6251,P036,5163,2025-07-04,5,562.25,Store
6252,P007,5163,2025-12-16,3,158.7,Online
6253,P094,5163,2026-05-20,2,109.6,Online
6254,P070,5164,2024-10-06,3,346.8,Online
6255,P009,5165,2023-11-21,1,72.4,Online
6256,P078,5165,2024-08-06,2,269.5,Online
6257,P096,5165,2025-05-10,1,38.9,Store
6258,P087,5165,2026-02-15,2,183.4,Online
6259,P028,5166,2024-08-13,1,128.65,Online
6260,P018,5167,2025-09-09,1,131.93,Online
6261,P019,5169,2024-12-31,2,192.3,Store
6262,P053,5169,2026-08-19,4,239.2,Online
6263,P046,5170,2023-07-16,1,39.76,Online
6264,P078,5171,2024-02-14,2,269.5,Online
6265,P017,5171,2024-07-03,3,68.52,Store
6266,P004,5171,2024-11-21,5,479.1,Store
6267,P027,5171,2025-04-09,4,421.2,Store
6268,P052,5171,2025-08-26,4,273.8,Store
6269,P099,5171,2026-01-11,1,59.9,Online
6270,P013,5171,2026-06-09,1,83.6,Online
6271,P095,5174,2024-01-01,3,136.5,Online
6272,P028,5174,2024-10-24,1,128.65,Online
6273,P082,5175,2023-09-03,3,106.8,Online
6274,P066,5177,2024-10-19,3,110.7,Online
6275,P066,5177,2026-05-04,1,36.9,Online
6276,P049,5178,2025-03-22,4,293.24,Online
6277,P039,5178,2026-03-07,2,313.5,Online
6278,P045,5179,2024-12-28,2,135.7,Online
6279,P020,5179,2025-05-23,1,110.59,Store
6280,P011,5179,2025-10-06,2,122.7,Store
6281,P074,5179,2026-02-28,1,67.75,Store
6282,P037,5179,2026-08-06,2,279.6,Online
6283,P001,5180,2024-10-16,2,131.12,Store
6284,P092,5180,2025-05-19,4,275.0,Store
6285,P096,5180,2025-12-26,1,38.9,Online
6286,P016,5180,2026-08-03,1,36.06,Online
6287,P081,5181,2025-03-04,3,128.4,Online
6288,P019,5181,2026-04-17,2,192.3,Online
6289,P026,5183,2025-02-09,1,64.8,Online
6290,P069,5184,2024-05-18,1,81.2,Online
6291,P058,5184,2025-02-16,1,104.9,Store
6292,P096,5184,2025-11-28,5,194.5,Online
6293,P013,5184,2026-08-17,1,83.6,Online
6294,P041,5185,2024-06-04,2,237.8,Online
6295,P018,5185,2024-09-29,2,263.86,Online
6296,P013,5185,2025-01-28,2,167.2,Store
6297,P007,5185,2025-06-09,2,105.8,Online
6298,P002,5185,2025-10-10,2,286.7,Store
6299,P053,5185,2026-02-06,1,59.8,Store
6300,P089,5185,2026-06-21,4,879.6,Online
6301,P056,5186,2023-07-04,2,185.5,Store
6302,P092,5188,2023-09-01,3,206.25,Online
6303,P038,5188,2024-12-02,1,94.6,Online
6304,P050,5188,2026-04-05,1,54.32,Store
6305,P009,5189,2024-05-28,1,72.4,Store
6306,P070,5189,2025-03-21,5,578.0,Online
6307,P099,5189,2025-12-19,1,59.9,Store
6308,P069,5190,2023-11-05,3,243.6,Online
6309,P073,5190,2025-03-02,1,89.5,Store
6310,P059,5190,2026-06-25,2,69.5,Store
6311,P084,5191,2023-07-02,1,169.8,Online
6312,P051,5191,2024-11-13,1,129.9,Online
6313,P067,5191,2026-01-26,1,32.5,Store
6314,P043,5192,2024-08-23,2,216.8,Online
6315,P096,5192,2025-05-25,1,38.9,Store
6316,P058,5192,2026-02-13,3,314.7,Online
6317,P015,5193,2023-06-06,1,91.25,Online
6318,P046,5194,2024-09-16,2,79.52,Online
6319,P059,5194,2025-12-01,2,69.5,Online
6320,P098,5195,2023-08-20,3,190.35,Online
6321,P035,5196,2023-11-19,2,79.1,Store
6322,P049,5196,2024-04-10,1,73.31,Online
6323,P037,5196,2024-08-20,3,419.4,Online
6324,P073,5196,2025-01-22,2,179.0,Online
6325,P086,5196,2025-06-07,1,88.95,Store
6326,P090,5196,2025-11-08,2,359.0,Online
6327,P059,5196,2026-03-25,3,104.25,Online
6328,P045,5196,2026-08-10,2,135.7,Online
6329,P032,5201,2023-08-15,1,145.94,Online
6330,P009,5202,2023-09-20,4,289.6,Online
6331,P077,5203,2024-01-16,4,758.0,Online
6332,P062,5203,2024-09-20,1,39.9,Store
6333,P063,5203,2025-04-28,1,44.5,Online
6334,P095,5203,2025-12-16,1,45.5,Store
6335,P041,5203,2026-07-22,1,118.9,Online
6336,P054,5204,2024-08-20,1,77.25,Online
6337,P013,5204,2025-04-13,2,167.2,Store
6338,P078,5204,2025-12-25,1,134.75,Online
6339,P077,5204,2026-08-12,1,189.5,Online
6340,P038,5205,2024-09-25,4,378.4,Online
6341,P007,5205,2025-05-23,2,105.8,Store
6342,P037,5206,2024-08-08,1,139.8,Online
6343,P096,5206,2026-03-23,1,38.9,Online
6344,P028,5208,2024-08-14,3,385.95,Online
6345,P054,5209,2023-03-29,1,77.25,Online
6346,P073,5209,2023-10-29,1,89.5,Online
6347,P094,5210,2024-08-05,1,54.8,Online
6348,P083,5210,2025-11-03,3,437.7,Store
6349,P074,5214,2023-06-27,1,67.75,Online
6350,P051,5216,2024-03-14,4,519.6,Online
6351,P065,5216,2024-10-10,3,224.4,Store
6352,P035,5217,2024-10-02,2,79.1,Online
6353,P038,5217,2026-06-06,1,94.6,Online
6354,P022,5218,2023-04-06,1,119.9,Store
6355,P065,5218,2023-11-06,3,224.4,Store
6356,P081,5218,2024-06-12,2,85.6,Store
6357,P051,5218,2025-01-12,1,129.9,Online
6358,P069,5218,2025-09-01,2,162.4,Store
6359,P097,5218,2026-04-03,1,72.6,Store
6360,P073,5219,2024-08-26,1,89.5,Online
6361,P045,5219,2025-03-26,5,339.25,Online
6362,P007,5221,2023-04-06,1,52.9,Online
6363,P033,5223,2024-03-26,2,254.76,Store
6364,P070,5223,2025-07-12,1,115.6,Online
6365,P034,5224,2025-01-23,1,43.67,Store
6366,P026,5224,2025-10-25,2,129.6,Online
6367,P069,5224,2026-07-13,1,81.2,Store
6368,P054,5225,2023-07-22,2,154.5,Online
6369,P008,5225,2024-02-27,1,48.75,Store
6370,P051,5226,2023-05-03,4,519.6,Store
6371,P001,5226,2024-08-24,1,65.56,Online
6372,P004,5226,2025-12-03,1,95.82,Online
6373,P059,5227,2024-05-11,1,34.75,Online
6374,P072,5227,2025-05-24,5,361.75,Store
6375,P026,5227,2026-08-12,1,64.8,Online
6376,P098,5230,2023-09-25,2,126.9,Online
6377,P065,5232,2024-04-28,3,224.4,Online
6378,P058,5232,2025-10-20,1,104.9,Online
6379,P048,5233,2025-04-16,2,171.68,Online
6380,P007,5233,2026-05-24,1,52.9,Online
6381,P005,5234,2024-04-16,1,36.06,Store
6382,P031,5235,2023-11-23,2,35.56,Online
6383,P002,5236,2024-12-11,4,573.4,Store
6384,P023,5236,2026-03-20,1,25.5,Online
6385,P028,5237,2023-11-17,1,128.65,Online
6386,P030,5237,2025-03-22,1,31.9,Online
6387,P088,5237,2026-08-12,2,211.7,Online
6388,P032,5238,2025-02-09,2,291.88,Store
6389,P077,5238,2025-12-14,4,758.0,Online
6390,P074,5239,2025-05-27,5,338.75,Online
6391,P097,5239,2026-01-23,1,72.6,Online
6392,P059,5240,2024-04-30,1,34.75,Online
6393,P025,5240,2024-10-30,1,99.99,Online
6394,P027,5240,2025-04-14,3,315.9,Store
6395,P051,5240,2025-10-07,1,129.9,Online
6396,P071,5240,2026-03-15,2,129.8,Online
6397,P041,5240,2026-08-10,1,118.9,Online
6398,P090,5241,2025-02-01,2,359.0,Online
6399,P096,5241,2025-09-26,1,38.9,Online
6400,P001,5242,2024-04-10,2,131.12,Online
6401,P045,5242,2025-02-24,2,135.7,Online
6402,P040,5242,2026-01-27,1,82.3,Store
6403,P034,5244,2024-03-05,1,43.67,Online
6404,P031,5246,2023-03-27,2,35.56,Store
6405,P041,5246,2024-09-03,3,356.7,Online
6406,P090,5246,2026-02-08,4,718.0,Online
6407,P071,5247,2023-05-22,3,194.7,Store
6408,P088,5247,2024-03-02,2,211.7,Online
6409,P045,5247,2024-11-12,1,67.85,Store
6410,P097,5247,2025-09-03,2,145.2,Online
6411,P086,5247,2026-06-08,2,177.9,Store
6412,P027,5248,2024-10-20,2,210.6,Online
6413,P042,5249,2024-04-09,2,147.1,Online
6414,P073,5249,2024-11-21,1,89.5,Online
6415,P090,5249,2025-07-24,1,179.5,Online
6416,P089,5249,2026-03-29,1,219.9,Online
6417,P070,5250,2024-04-02,1,115.6,Online
6418,P018,5250,2024-12-04,1,131.93,Online
6419,P073,5250,2025-07-23,1,89.5,Online
6420,P034,5250,2026-03-16,1,43.67,Online
6421,P026,5251,2024-02-19,1,64.8,Store
6422,P023,5251,2025-07-16,1,25.5,Store
6423,P024,5253,2025-01-31,2,271.5,Online
6424,P020,5253,2025-10-28,1,110.59,Store
6425,P057,5253,2026-08-26,2,102.8,Store
6426,P091,5254,2023-04-25,1,49.9,Online
6427,P035,5254,2023-08-21,2,79.1,Store
6428,P078,5254,2023-12-24,2,269.5,Store
6429,P083,5254,2024-04-29,3,437.7,Online
6430,P003,5254,2024-08-29,2,227.64,Store
6431,P024,5254,2025-01-10,2,271.5,Online
6432,P008,5254,2025-05-06,1,48.75,Online
6433,P072,5254,2025-08-26,1,72.35,Online
6434,P072,5254,2026-01-02,3,217.05,Online
6435,P079,5254,2026-05-06,2,159.8,Online
6436,P028,5255,2025-05-04,3,385.95,Online
6437,P028,5255,2026-06-27,1,128.65,Store
6438,P051,5256,2023-10-09,1,129.9,Store
6439,P100,5256,2025-01-10,2,189.5,Online
6440,P012,5256,2026-06-20,2,85.6,Store
6441,P035,5257,2023-11-04,2,79.1,Online
6442,P095,5257,2025-05-17,2,91.0,Online
6443,P067,5260,2024-06-07,3,97.5,Online
6444,P056,5260,2025-11-17,3,278.25,Online
6445,P009,5262,2024-02-25,1,72.4,Online
6446,P052,5262,2024-12-06,1,68.45,Online
6447,P084,5262,2025-09-28,5,849.0,Store
6448,P013,5262,2026-07-03,2,167.2,Store
6449,P036,5264,2023-04-30,2,224.9,Store
6450,P009,5264,2023-12-02,3,217.2,Online
6451,P025,5265,2023-07-03,2,199.98,Online
6452,P050,5266,2023-07-01,1,54.32,Online
6453,P100,5266,2024-02-10,4,379.0,Online
6454,P054,5266,2024-09-29,2,154.5,Online
6455,P004,5266,2025-05-18,1,95.82,Online
6456,P095,5266,2026-01-01,1,45.5,Store
6457,P021,5266,2026-08-11,5,437.25,Store
6458,P008,5267,2023-10-01,1,48.75,Store
6459,P029,5268,2024-10-08,3,229.2,Online
6460,P012,5268,2025-05-14,1,42.8,Online
6461,P100,5269,2024-12-13,1,94.75,Online
6462,P054,5269,2025-08-03,1,77.25,Online
6463,P071,5270,2023-10-13,3,194.7,Online
6464,P057,5270,2024-03-29,1,51.4,Store
6465,P049,5270,2024-09-23,1,73.31,Store
6466,P069,5270,2025-03-23,1,81.2,Online
6467,P080,5270,2025-08-29,3,298.5,Online
6468,P055,5270,2026-03-02,3,136.8,Store
6469,P062,5270,2026-08-14,2,79.8,Store
6470,P065,5272,2024-06-24,2,149.6,Online
6471,P003,5272,2024-11-03,1,113.82,Online
6472,P023,5272,2025-03-22,3,76.5,Online
6473,P018,5272,2025-08-27,1,131.93,Online
6474,P008,5272,2026-01-18,1,48.75,Online
6475,P014,5272,2026-07-10,2,249.0,Online
6476,P045,5273,2024-10-15,4,271.4,Store
6477,P055,5273,2026-02-11,1,45.6,Online
6478,P062,5274,2023-10-14,2,79.8,Online
6479,P092,5274,2024-08-06,2,137.5,Online
6480,P043,5274,2025-05-21,3,325.2,Online
6481,P072,5274,2026-02-28,1,72.35,Store
6482,P094,5275,2023-03-28,2,109.6,Online
6483,P024,5276,2025-10-04,2,271.5,Online
6484,P055,5280,2024-02-16,2,91.2,Online
6485,P039,5280,2025-03-31,1,156.75,Online
6486,P052,5280,2026-06-08,1,68.45,Store
6487,P098,5281,2025-04-09,2,126.9,Store
6488,P087,5281,2026-08-11,3,275.1,Online
6489,P007,5282,2024-11-18,3,158.7,Online
6490,P036,5282,2025-07-22,2,224.9,Store
6491,P088,5282,2026-03-28,4,423.4,Online
6492,P084,5283,2023-10-11,2,339.6,Online
6493,P078,5283,2024-04-02,1,134.75,Store
6494,P038,5283,2024-09-22,3,283.8,Store
6495,P071,5283,2025-04-01,2,129.8,Store
6496,P023,5283,2025-09-21,2,51.0,Store
6497,P060,5283,2026-03-04,1,47.9,Store
6498,P048,5283,2026-08-21,3,257.52,Online
6499,P025,5284,2024-02-01,2,199.98,Online
6500,P044,5285,2024-01-16,1,149.99,Online
6501,P012,5285,2025-07-13,1,42.8,Online
6502,P010,5286,2024-08-13,1,89.99,Online
6503,P014,5286,2025-01-28,1,124.5,Store
6504,P055,5286,2025-06-27,2,91.2,Online
6505,P044,5286,2025-12-16,1,149.99,Online
6506,P098,5286,2026-05-19,3,190.35,Store
6507,P036,5287,2024-03-23,2,224.9,Store
6508,P061,5287,2024-12-06,1,69.95,Store
6509,P047,5288,2025-08-23,2,112.14,Online
6510,P028,5291,2024-07-27,2,257.3,Online
6511,P053,5291,2025-05-20,1,59.8,Store
6512,P010,5291,2026-03-29,2,179.98,Online
6513,P064,5294,2024-05-17,2,197.5,Store
6514,P036,5294,2026-02-21,2,224.9,Online
6515,P098,5295,2025-01-26,1,63.45,Online
6516,P042,5295,2025-09-14,1,73.55,Online
6517,P099,5297,2024-11-09,4,239.6,Online
6518,P081,5297,2025-09-09,1,42.8,Online
6519,P067,5297,2026-06-07,1,32.5,Online
6520,P042,5298,2024-03-25,4,294.2,Online
6521,P001,5299,2024-12-02,1,65.56,Online
6522,P051,5300,2024-03-03,1,129.9,Store
6523,P051,5300,2024-11-07,1,129.9,Online
6524,P097,5300,2025-07-07,1,72.6,Store
6525,P029,5300,2026-03-12,4,305.6,Store
6526,P031,5301,2025-05-16,1,17.78,Online
6527,P065,5301,2026-08-28,1,74.8,Online
6528,P083,5302,2023-02-03,2,291.8,Online
6529,P057,5302,2023-07-10,1,51.4,Store
6530,P047,5302,2023-12-17,1,56.07,Online
6531,P065,5302,2024-05-17,1,74.8,Online
6532,P097,5302,2024-10-21,1,72.6,Online
6533,P030,5302,2025-03-26,1,31.9,Online
6534,P008,5302,2025-09-03,2,97.5,Online
6535,P032,5302,2026-01-27,4,583.76,Online
6536,P048,5302,2026-06-21,2,171.68,Online
6537,P090,5303,2024-04-26,1,179.5,Store
6538,P024,5303,2025-01-29,1,135.75,Store
6539,P069,5303,2025-12-25,1,81.2,Online
6540,P002,5304,2023-12-13,1,143.35,Store
6541,P008,5304,2025-04-08,1,48.75,Online
6542,P004,5304,2026-06-03,1,95.82,Online
6543,P096,5305,2023-11-22,1,38.9,Store
6544,P004,5305,2025-01-22,2,191.64,Store
6545,P009,5305,2026-04-24,1,72.4,Store
6546,P037,5306,2024-11-22,1,139.8,Online
6547,P014,5306,2025-07-12,1,124.5,Online
6548,P043,5306,2026-02-15,1,108.4,Online
6549,P088,5307,2023-11-23,1,105.85,Store
6550,P029,5307,2024-08-10,1,76.4,Store
6551,P016,5308,2023-05-18,1,36.06,Store
6552,P038,5308,2024-10-22,3,283.8,Online
6553,P093,5308,2026-02-16,1,79.95,Online
6554,P048,5309,2024-08-16,1,85.84,Store
6555,P059,5309,2025-05-29,2,69.5,Online
6556,P045,5309,2026-03-05,2,135.7,Store
6557,P054,5310,2023-10-31,1,77.25,Store
6558,P056,5310,2024-07-01,1,92.75,Online
6559,P082,5312,2023-10-06,2,71.2,Online
6560,P016,5313,2023-12-18,1,36.06,Online
6561,P063,5314,2023-07-15,2,89.0,Store
6562,P085,5314,2024-02-16,1,74.5,Online
6563,P077,5314,2024-08-25,5,947.5,Online
6564,P065,5314,2025-04-15,1,74.8,Store
6565,P072,5314,2025-11-24,1,72.35,Online
6566,P068,5314,2026-07-18,3,176.85,Online
6567,P009,5315,2023-02-11,3,217.2,Online
6568,P003,5316,2024-11-29,1,113.82,Online
6569,P033,5316,2026-05-06,1,127.38,Online
6570,P020,5318,2025-05-10,1,110.59,Online
6571,P060,5318,2025-12-17,2,95.8,Online
6572,P074,5319,2023-11-03,1,67.75,Store
6573,P091,5321,2024-07-12,1,49.9,Online
6574,P030,5323,2024-06-13,1,31.9,Online
6575,P051,5324,2023-06-09,2,259.8,Online
6576,P034,5324,2024-07-16,1,43.67,Store
6577,P089,5324,2025-10-15,2,439.8,Store
6578,P085,5325,2024-08-15,1,74.5,Online
6579,P021,5328,2024-12-25,4,349.8,Online
6580,P021,5329,2024-01-29,2,174.9,Online
6581,P080,5329,2025-08-03,1,99.5,Store
6582,P033,5330,2024-07-31,2,254.76,Online
6583,P051,5332,2025-02-04,1,129.9,Online
6584,P069,5332,2026-06-27,1,81.2,Store
6585,P080,5334,2024-04-05,4,398.0,Store
6586,P055,5334,2024-12-19,1,45.6,Store
6587,P094,5334,2025-08-28,1,54.8,Store
6588,P055,5334,2026-05-21,1,45.6,Store
6589,P027,5335,2025-01-17,2,210.6,Store
6590,P090,5335,2025-07-03,1,179.5,Store
6591,P064,5335,2025-12-17,1,98.75,Online
6592,P033,5335,2026-05-27,4,509.52,Store
6593,P018,5336,2023-08-03,4,527.72,Store
6594,P001,5336,2024-05-01,1,65.56,Online
6595,P010,5336,2025-01-22,2,179.98,Online
6596,P071,5336,2025-10-20,1,64.9,Online
6597,P029,5336,2026-07-26,1,76.4,Online
6598,P061,5338,2024-07-22,1,69.95,Online
6599,P046,5339,2024-04-24,3,119.28,Store
6600,P091,5339,2024-11-09,2,99.8,Online
6601,P018,5340,2023-08-29,1,131.93,Online
6602,P077,5340,2024-02-19,2,379.0,Online
6603,P023,5340,2024-07-30,1,25.5,Online
6604,P057,5340,2024-12-26,3,154.2,Online
6605,P045,5340,2025-05-30,1,67.85,Online
6606,P020,5340,2025-11-06,1,110.59,Online
6607,P094,5340,2026-04-05,2,109.6,Online
6608,P069,5341,2024-03-05,2,162.4,Store
6609,P094,5342,2024-01-04,2,109.6,Store
6610,P048,5342,2024-09-23,1,85.84,Store
6611,P078,5342,2025-07-29,3,404.25,Online
6612,P065,5342,2026-05-08,3,224.4,Online
6613,P100,5343,2023-06-25,1,94.75,Store
6614,P064,5343,2024-05-12,2,197.5,Store
6615,P056,5343,2025-01-31,3,278.25,Online
6616,P057,5343,2025-11-18,1,51.4,Store
6617,P062,5343,2026-08-06,2,79.8,Store
6618,P078,5344,2023-11-29,4,539.0,Online
6619,P038,5346,2024-11-27,2,189.2,Store
6620,P071,5346,2025-08-24,1,64.9,Store
6621,P072,5346,2026-06-08,3,217.05,Online
6622,P057,5347,2024-03-12,2,102.8,Online
6623,P025,5348,2024-05-24,2,199.98,Online
6624,P028,5348,2025-03-02,2,257.3,Store
6625,P015,5348,2025-11-07,2,182.5,Online
6626,P085,5348,2026-08-09,1,74.5,Store
6627,P091,5349,2024-11-18,1,49.9,Store
6628,P076,5350,2024-05-21,1,159.9,Store
6629,P086,5350,2025-11-07,1,88.95,Online
6630,P029,5352,2024-02-21,1,76.4,Online
6631,P089,5352,2024-12-23,3,659.7,Online
6632,P013,5352,2025-12-05,1,83.6,Online
6633,P094,5353,2024-01-08,2,109.6,Store
6634,P050,5353,2024-09-28,3,162.96,Online
6635,P024,5353,2025-06-22,1,135.75,Store
6636,P053,5353,2026-02-23,1,59.8,Store
6637,P043,5354,2024-02-09,1,108.4,Online
6638,P006,5355,2024-12-19,1,78.45,Online
6639,P057,5356,2023-10-16,1,51.4,Online
6640,P049,5356,2024-06-26,1,73.31,Online
6641,P006,5356,2025-03-13,1,78.45,Online
6642,P043,5356,2025-12-10,2,216.8,Online
6643,P025,5357,2025-04-03,1,99.99,Store
6644,P012,5359,2024-01-12,2,85.6,Online
6645,P010,5359,2024-09-14,1,89.99,Store
6646,P075,5359,2025-05-12,5,512.0,Store
6647,P011,5359,2026-01-29,2,122.7,Store
6648,P092,5361,2024-03-05,2,137.5,Online
6649,P096,5362,2024-05-27,1,38.9,Store
6650,P027,5362,2025-01-09,1,105.3,Online
6651,P045,5362,2025-10-13,2,135.7,Online
6652,P012,5362,2026-06-16,1,42.8,Online
6653,P016,5363,2025-01-31,2,72.12,Online
6654,P040,5363,2025-07-04,2,164.6,Store
6655,P066,5363,2025-11-25,2,73.8,Online
6656,P088,5363,2026-05-06,1,105.85,Store
6657,P004,5364,2023-12-26,3,287.46,Online
6658,P004,5364,2024-04-25,2,191.64,Store
6659,P025,5364,2024-09-06,3,299.97,Online
6660,P059,5364,2025-01-17,4,139.0,Online
6661,P050,5364,2025-05-10,1,54.32,Online
6662,P081,5364,2025-09-12,2,85.6,Store
6663,P096,5364,2026-01-17,5,194.5,Online
6664,P042,5364,2026-05-17,2,147.1,Online
6665,P021,5368,2025-02-14,1,87.45,Online
6666,P055,5369,2024-06-01,4,182.4,Store
6667,P048,5369,2025-12-14,2,171.68,Online
6668,P045,5370,2024-03-11,1,67.85,Online
6669,P024,5370,2024-12-08,1,135.75,Store
6670,P039,5371,2023-10-14,1,156.75,Store
6671,P066,5373,2023-05-14,1,36.9,Store
6672,P069,5374,2024-03-21,5,406.0,Online
6673,P068,5374,2024-11-30,1,58.95,Store
6674,P019,5374,2025-08-17,5,480.75,Online
6675,P051,5374,2026-04-09,2,259.8,Online
6676,P070,5376,2023-07-31,5,578.0,Store
6677,P014,5376,2024-04-24,4,498.0,Online
6678,P062,5377,2023-09-12,2,79.8,Store
6679,P095,5379,2023-05-25,1,45.5,Online
6680,P014,5379,2024-01-09,4,498.0,Online
6681,P022,5381,2024-01-21,3,359.7,Online
6682,P045,5381,2024-08-29,5,339.25,Store
6683,P095,5382,2024-11-17,2,91.0,Store
6684,P065,5382,2026-04-01,1,74.8,Online
6685,P030,5383,2023-09-16,1,31.9,Online
6686,P038,5383,2024-06-29,1,94.6,Online
6687,P095,5383,2025-03-29,2,91.0,Store
6688,P054,5383,2025-11-28,1,77.25,Online
6689,P010,5384,2025-03-26,1,89.99,Online
6690,P012,5384,2026-01-19,3,128.4,Online
6691,P028,5385,2024-11-25,2,257.3,Store
6692,P052,5385,2025-06-30,1,68.45,Online
6693,P065,5387,2024-11-19,1,74.8,Online
6694,P087,5389,2023-07-19,1,91.7,Online
6695,P012,5389,2024-05-29,4,171.2,Online
6696,P087,5389,2025-05-25,4,366.8,Store
6697,P084,5389,2026-03-27,2,339.6,Online
6698,P088,5391,2024-10-21,1,105.85,Store
6699,P003,5392,2023-07-28,2,227.64,Store
6700,P058,5394,2023-11-29,2,209.8,Online
6701,P014,5394,2024-07-20,2,249.0,Store
6702,P072,5394,2025-03-29,2,144.7,Online
6703,P001,5394,2025-12-01,2,131.12,Store
6704,P042,5394,2026-07-26,2,147.1,Online
6705,P027,5397,2023-08-19,4,421.2,Online
6706,P056,5397,2025-01-15,2,185.5,Online
6707,P001,5397,2026-07-13,2,131.12,Store
6708,P023,5398,2024-11-05,1,25.5,Online
6709,P009,5398,2025-09-08,2,144.8,Store
6710,P010,5398,2026-06-01,1,89.99,Online
6711,P099,5400,2025-02-26,1,59.9,Store
6712,P026,5400,2026-03-25,3,194.4,Online
6713,P007,5406,2024-08-12,1,52.9,Store
6714,P031,5407,2023-11-06,1,17.78,Store
6715,P073,5407,2024-07-29,4,358.0,Online
6716,P081,5407,2025-04-24,5,214.0,Online
6717,P100,5407,2026-01-21,1,94.75,Online
6718,P067,5408,2024-08-31,1,32.5,Store
6719,P035,5408,2025-05-27,2,79.1,Online
6720,P076,5409,2025-03-08,1,159.9,Online
6721,P033,5411,2023-04-24,1,127.38,Online
6722,P013,5411,2023-09-03,3,250.8,Store
6723,P037,5411,2024-01-07,1,139.8,Online
6724,P016,5411,2024-05-20,4,144.24,Online
6725,P016,5411,2024-09-22,3,108.18,Store
6726,P066,5411,2025-02-03,1,36.9,Online
6727,P019,5411,2025-06-02,1,96.15,Store
6728,P023,5411,2025-10-14,3,76.5,Online
6729,P098,5411,2026-02-26,3,190.35,Online
6730,P024,5411,2026-06-24,1,135.75,Online
6731,P084,5412,2024-02-07,3,509.4,Online
6732,P001,5412,2025-02-27,2,131.12,Online
6733,P091,5412,2026-06-23,1,49.9,Online
6734,P022,5413,2024-12-15,1,119.9,Online
6735,P063,5413,2025-08-28,2,89.0,Online
6736,P036,5413,2026-04-22,1,112.45,Online
6737,P032,5415,2025-08-14,1,145.94,Online
6738,P049,5416,2024-05-11,1,73.31,Online
6739,P021,5416,2024-12-14,2,174.9,Store
6740,P100,5416,2025-08-23,2,189.5,Online
6741,P012,5416,2026-03-20,1,42.8,Online
6742,P064,5419,2023-12-27,1,98.75,Online
6743,P032,5419,2024-05-12,1,145.94,Online
6744,P025,5419,2024-09-26,2,199.98,Online
6745,P001,5419,2025-01-31,1,65.56,Online
6746,P017,5419,2025-06-18,1,22.84,Online
6747,P090,5419,2025-10-30,2,359.0,Store
6748,P099,5419,2026-03-05,1,59.9,Online
6749,P083,5419,2026-07-16,1,145.9,Store
6750,P041,5420,2023-10-08,5,594.5,Online
6751,P006,5420,2024-05-28,3,235.35,Online
6752,P050,5420,2025-01-07,1,54.32,Online
6753,P031,5420,2025-07-05,1,17.78,Online
6754,P063,5420,2026-01-30,1,44.5,Online
6755,P052,5421,2023-11-11,4,273.8,Store
6756,P072,5422,2025-11-30,2,144.7,Online
6757,P001,5423,2024-04-22,1,65.56,Online
6758,P100,5424,2024-12-26,3,284.25,Online
6759,P051,5424,2025-06-12,1,129.9,Online
6760,P028,5424,2025-12-21,3,385.95,Online
6761,P084,5424,2026-06-07,3,509.4,Store
6762,P041,5425,2025-04-01,1,118.9,Online
6763,P060,5425,2025-11-14,2,95.8,Store
6764,P006,5425,2026-06-20,1,78.45,Online
6765,P089,5426,2023-07-20,1,219.9,Store
6766,P089,5426,2024-03-23,4,879.6,Online
6767,P083,5426,2024-11-22,5,729.5,Online
6768,P013,5426,2025-07-12,3,250.8,Store
6769,P062,5426,2026-02-27,1,39.9,Online
6770,P008,5428,2023-12-09,1,48.75,Store
6771,P052,5428,2024-07-15,1,68.45,Store
6772,P080,5428,2025-03-10,3,298.5,Online
6773,P048,5428,2025-11-10,1,85.84,Store
6774,P037,5428,2026-07-05,2,279.6,Online
6775,P044,5429,2024-11-09,3,449.97,Online
6776,P061,5430,2024-10-11,2,139.9,Online
6777,P049,5430,2025-07-25,1,73.31,Online
6778,P006,5431,2023-02-16,1,78.45,Online
6779,P094,5432,2024-08-19,4,219.2,Online
6780,P049,5432,2025-01-16,1,73.31,Online
6781,P096,5432,2025-06-20,1,38.9,Store
6782,P014,5432,2025-11-20,5,622.5,Online
6783,P024,5432,2026-04-11,3,407.25,Online
6784,P093,5433,2024-07-22,2,159.9,Online
6785,P005,5433,2025-09-19,1,36.06,Store
6786,P099,5434,2024-08-01,2,119.8,Store
6787,P014,5434,2026-03-03,2,249.0,Store
6788,P046,5435,2024-08-28,4,159.04,Online
6789,P025,5437,2024-09-05,1,99.99,Online
6790,P084,5437,2026-01-04,2,339.6,Online
6791,P058,5438,2024-01-13,3,314.7,Online
6792,P006,5440,2024-09-07,3,235.35,Online
6793,P073,5440,2025-05-06,1,89.5,Store
6794,P093,5440,2026-01-22,1,79.95,Online
6795,P049,5442,2023-06-07,1,73.31,Store
6796,P034,5444,2024-08-13,3,131.01,Store
6797,P012,5444,2025-12-18,2,85.6,Online
6798,P012,5445,2023-12-06,1,42.8,Online
6799,P011,5446,2023-11-14,3,184.05,Online
6800,P015,5446,2024-07-05,5,456.25,Store
6801,P089,5446,2025-02-15,2,439.8,Online
6802,P003,5446,2025-09-21,1,113.82,Online
6803,P082,5446,2026-05-05,2,71.2,Online
6804,P100,5447,2023-07-07,1,94.75,Online
6805,P086,5448,2024-11-09,1,88.95,Online
6806,P052,5449,2024-08-15,1,68.45,Store
6807,P002,5449,2025-06-03,2,286.7,Store
6808,P051,5449,2026-03-04,1,129.9,Online
6809,P010,5452,2023-07-23,2,179.98,Online
6810,P030,5453,2024-06-08,1,31.9,Store
6811,P048,5453,2025-12-21,1,85.84,Store
6812,P021,5454,2024-10-22,1,87.45,Online
6813,P044,5455,2024-10-25,1,149.99,Store
6814,P006,5455,2025-05-08,2,156.9,Online
6815,P090,5456,2023-02-12,3,538.5,Store
6816,P076,5458,2025-01-08,3,479.7,Store
6817,P031,5458,2026-07-07,4,71.12,Online
6818,P085,5459,2024-01-05,1,74.5,Online
6819,P002,5460,2024-09-18,1,143.35,Online
6820,P044,5460,2025-06-02,1,149.99,Online
6821,P009,5460,2026-01-11,1,72.4,Store
6822,P021,5461,2024-11-11,2,174.9,Online
6823,P078,5461,2026-03-30,3,404.25,Store
6824,P077,5462,2024-09-10,1,189.5,Online
6825,P096,5462,2026-02-25,1,38.9,Online
6826,P012,5463,2024-09-05,5,214.0,Store
6827,P030,5463,2026-02-01,3,95.7,Online
6828,P001,5464,2025-03-13,2,131.12,Online
6829,P072,5464,2026-05-04,2,144.7,Store
6830,P093,5466,2023-05-21,3,239.85,Online
6831,P083,5467,2024-07-05,2,291.8,Online
6832,P030,5468,2024-03-24,3,95.7,Store
6833,P030,5468,2024-08-06,2,63.8,Online
6834,P040,5468,2024-11-30,2,164.6,Online
6835,P078,5468,2025-03-27,4,539.0,Store
6836,P093,5468,2025-07-14,1,79.95,Online
6837,P066,5468,2025-11-19,1,36.9,Store
6838,P085,5468,2026-03-16,1,74.5,Online
6839,P073,5468,2026-07-31,1,89.5,Online
6840,P017,5469,2023-12-05,1,22.84,Online
6841,P001,5469,2025-08-05,3,196.68,Online
6842,P048,5470,2024-08-09,2,171.68,Online
6843,P012,5471,2023-10-04,1,42.8,Store
6844,P048,5472,2024-10-16,3,257.52,Online
6845,P017,5473,2024-10-29,2,45.68,Online
6846,P016,5473,2025-06-24,1,36.06,Online
6847,P045,5474,2025-05-09,2,135.7,Online
6848,P005,5475,2025-05-24,1,36.06,Online
6849,P056,5476,2025-01-24,2,185.5,Store
6850,P006,5476,2026-05-11,2,156.9,Online
6851,P053,5478,2024-03-01,1,59.8,Online
6852,P002,5478,2024-07-19,5,716.75,Online
6853,P020,5478,2024-12-12,1,110.59,Online
6854,P070,5478,2025-05-06,2,231.2,Online
6855,P056,5478,2025-10-12,1,92.75,Store
6856,P044,5478,2026-03-12,1,149.99,Store
6857,P090,5478,2026-08-08,4,718.0,Online
6858,P067,5479,2025-06-28,3,97.5,Store
6859,P050,5480,2025-02-22,2,108.64,Online
6860,P043,5480,2025-11-12,1,108.4,Store
6861,P082,5480,2026-08-01,1,35.6,Online
6862,P026,5481,2023-08-01,2,129.6,Store
6863,P016,5482,2023-04-19,2,72.12,Store
6864,P026,5483,2023-08-10,1,64.8,Online
6865,P012,5484,2025-03-31,2,85.6,Online
6866,P020,5485,2025-02-13,1,110.59,Store
6867,P052,5485,2026-07-20,2,136.9,Store
6868,P010,5487,2024-10-05,1,89.99,Online
6869,P003,5488,2024-07-22,4,455.28,Store
6870,P005,5488,2024-11-15,1,36.06,Online
6871,P064,5488,2025-03-19,1,98.75,Online
6872,P019,5488,2025-08-01,4,384.6,Online
6873,P076,5488,2025-12-03,2,319.8,Online
6874,P057,5488,2026-03-27,3,154.2,Online
6875,P084,5488,2026-08-07,2,339.6,Online
6876,P018,5489,2024-09-09,1,131.93,Store
6877,P093,5490,2024-06-23,1,79.95,Online
6878,P024,5490,2024-12-17,1,135.75,Online
6879,P016,5492,2024-04-11,1,36.06,Online
6880,P099,5493,2024-01-20,2,119.8,Online
6881,P008,5493,2024-08-08,4,195.0,Store
6882,P020,5494,2024-01-20,1,110.59,Store
6883,P066,5494,2025-08-28,1,36.9,Online
6884,P068,5495,2023-09-03,1,58.95,Online
6885,P037,5497,2024-04-04,1,139.8,Store
6886,P068,5497,2025-08-18,1,58.95,Store
6887,P081,5498,2024-04-07,2,85.6,Online
6888,P077,5498,2025-06-19,3,568.5,Online
6889,P012,5499,2023-08-07,2,85.6,Online
6890,P100,5499,2023-12-06,2,189.5,Online
6891,P017,5499,2024-04-13,1,22.84,Store
6892,P008,5499,2024-08-17,2,97.5,Online
6893,P053,5499,2024-12-31,3,179.4,Store
6894,P059,5499,2025-05-02,1,34.75,Store
6895,P017,5499,2025-09-19,1,22.84,Store
6896,P037,5499,2026-02-01,3,419.4,Online
6897,P036,5499,2026-06-18,5,562.25,Online
6898,P073,5500,2024-01-01,2,179.0,Online
6899,P026,5500,2025-02-10,3,194.4,Online
6900,P022,5500,2026-03-13,2,239.8,Online
6901,P055,5501,2023-10-14,1,45.6,Online
6902,P078,5502,2024-10-29,3,404.25,Online
6903,P095,5504,2023-09-06,2,91.0,Online
6904,P061,5505,2024-04-13,1,69.95,Online
6905,P041,5506,2024-06-20,1,118.9,Online
6906,P030,5507,2026-05-17,1,31.9,Store
6907,P033,5509,2024-05-08,2,254.76,Store
6908,P005,5509,2025-11-29,1,36.06,Online
6909,P069,5510,2023-12-23,1,81.2,Online
6910,P019,5510,2025-06-13,2,192.3,Online
6911,P056,5511,2024-08-08,1,92.75,Online
6912,P054,5511,2024-12-24,2,154.5,Online
6913,P090,5511,2025-06-02,2,359.0,Online
6914,P001,5511,2025-11-09,4,262.24,Store
6915,P098,5511,2026-05-02,5,317.25,Store
6916,P035,5512,2024-08-11,1,39.55,Online
6917,P079,5512,2025-09-04,2,159.8,Online
6918,P062,5514,2024-05-31,3,119.7,Online
6919,P003,5515,2023-12-23,1,113.82,Online
6920,P022,5515,2024-09-22,3,359.7,Online
6921,P087,5515,2025-06-19,3,275.1,Online
6922,P030,5515,2026-03-22,2,63.8,Online
6923,P056,5519,2024-09-05,2,185.5,Online
6924,P043,5519,2026-03-05,1,108.4,Online
6925,P053,5520,2023-05-28,2,119.6,Store
6926,P068,5520,2024-12-03,1,58.95,Online
6927,P008,5520,2026-05-23,1,48.75,Online
6928,P071,5521,2024-05-30,4,259.6,Online
6929,P024,5521,2025-12-17,3,407.25,Store
6930,P065,5523,2024-04-28,3,224.4,Online
6931,P100,5523,2024-10-04,1,94.75,Online
6932,P094,5523,2025-03-19,1,54.8,Store
6933,P093,5523,2025-08-26,2,159.9,Online
6934,P083,5523,2026-01-25,1,145.9,Online
6935,P064,5523,2026-07-02,2,197.5,Online
6936,P065,5524,2024-07-21,2,149.6,Store
6937,P043,5525,2024-11-25,3,325.2,Online
6938,P045,5525,2025-12-09,1,67.85,Online
6939,P024,5526,2024-08-17,1,135.75,Online
6940,P031,5526,2025-06-20,5,88.9,Online
6941,P088,5526,2026-03-17,2,211.7,Online
6942,P062,5528,2023-02-09,1,39.9,Store
6943,P045,5529,2023-08-29,3,203.55,Store
6944,P023,5530,2023-12-29,1,25.5,Online
6945,P082,5530,2024-07-05,3,106.8,Online
6946,P067,5531,2024-02-17,2,65.0,Store
6947,P078,5531,2024-08-21,2,269.5,Online
6948,P060,5532,2025-02-28,1,47.9,Store
6949,P031,5532,2026-06-14,1,17.78,Online
6950,P031,5533,2024-01-09,4,71.12,Online
6951,P030,5533,2024-08-20,3,95.7,Store
6952,P015,5533,2025-05-25,1,91.25,Store
6953,P081,5533,2026-01-23,3,128.4,Online
6954,P067,5534,2023-05-06,4,130.0,Online
6955,P073,5534,2024-03-31,4,358.0,Online
6956,P090,5534,2025-02-06,2,359.0,Online
6957,P024,5534,2025-12-06,1,135.75,Online
6958,P076,5535,2024-02-22,1,159.9,Store
6959,P060,5535,2024-10-03,2,95.8,Online
6960,P056,5536,2023-10-30,3,278.25,Store
6961,P071,5536,2024-07-04,2,129.8,Online
6962,P027,5536,2025-03-22,1,105.3,Online
6963,P057,5536,2025-12-30,2,102.8,Store
6964,P012,5537,2024-09-08,3,128.4,Online
6965,P062,5538,2023-03-18,3,119.7,Online
6966,P012,5538,2023-09-13,1,42.8,Online
6967,P089,5538,2024-03-02,3,659.7,Online
6968,P096,5538,2024-08-23,2,77.8,Online
6969,P040,5538,2025-02-15,1,82.3,Online
6970,P051,5538,2025-07-27,3,389.7,Online
6971,P047,5538,2025-12-28,1,56.07,Online
6972,P086,5538,2026-06-11,1,88.95,Online
6973,P097,5540,2024-02-22,2,145.2,Online
6974,P098,5543,2025-05-01,2,126.9,Online
6975,P087,5543,2026-01-11,1,91.7,Online
6976,P039,5544,2023-12-02,1,156.75,Online
6977,P040,5546,2023-04-22,1,82.3,Online
6978,P010,5547,2023-03-26,1,89.99,Store
6979,P055,5548,2025-02-17,1,45.6,Store
6980,P050,5548,2025-12-10,1,54.32,Online
6981,P089,5549,2024-08-21,4,879.6,Online
6982,P043,5550,2023-07-20,5,542.0,Online
6983,P069,5550,2023-12-24,2,162.4,Online
6984,P060,5550,2024-06-09,3,143.7,Online
6985,P069,5550,2024-12-02,2,162.4,Online
6986,P012,5550,2025-05-27,1,42.8,Online
6987,P012,5550,2025-11-09,3,128.4,Online
6988,P098,5550,2026-04-29,4,253.8,Online
6989,P052,5552,2024-05-03,4,273.8,Store
6990,P026,5552,2024-12-01,1,64.8,Online
6991,P056,5553,2023-09-30,1,92.75,Store
6992,P011,5553,2025-04-04,2,122.7,Store
6993,P063,5554,2024-06-18,1,44.5,Online
6994,P056,5554,2025-03-07,4,371.0,Online
6995,P051,5554,2025-10-14,2,259.8,Online
6996,P024,5554,2026-05-29,1,135.75,Store
6997,P058,5555,2024-01-03,1,104.9,Store
6998,P003,5556,2024-11-19,1,113.82,Online
6999,P004,5558,2024-10-22,1,95.82,Store
7000,P093,5558,2025-07-26,4,319.8,Online
7001,P060,5558,2026-06-23,1,47.9,Online
7002,P013,5559,2023-12-03,2,167.2,Online
7003,P079,5559,2024-07-15,1,79.9,Online
7004,P051,5560,2025-05-05,1,129.9,Store
7005,P007,5561,2023-05-11,1,52.9,Store
7006,P035,5561,2023-08-31,2,79.1,Online
7007,P098,5561,2024-01-14,3,190.35,Online
7008,P057,5561,2024-05-29,1,51.4,Store
7009,P036,5561,2024-10-10,1,112.45,Online
7010,P086,5561,2025-02-23,1,88.95,Online
7011,P100,5561,2025-06-25,1,94.75,Online
7012,P090,5561,2025-11-12,1,179.5,Online
7013,P013,5561,2026-03-11,2,167.2,Online
7014,P001,5561,2026-07-19,1,65.56,Store
7015,P055,5562,2024-06-14,2,91.2,Online
7016,P004,5562,2024-11-07,2,191.64,Online
7017,P059,5562,2025-03-29,2,69.5,Store
7018,P023,5562,2025-08-13,2,51.0,Online
7019,P071,5562,2025-12-25,1,64.9,Store
7020,P087,5562,2026-05-07,1,91.7,Online
7021,P046,5563,2024-10-28,4,159.04,Online
7022,P096,5564,2023-10-02,1,38.9,Online
7023,P072,5564,2024-12-28,3,217.05,Online
7024,P061,5564,2026-02-24,1,69.95,Online
7025,P065,5568,2023-07-04,2,149.6,Store
7026,P099,5568,2023-12-14,1,59.9,Online
7027,P030,5568,2024-06-23,5,159.5,Online
7028,P060,5568,2024-12-10,2,95.8,Online
7029,P098,5568,2025-05-23,1,63.45,Store
7030,P038,5568,2025-11-06,2,189.2,Online
7031,P023,5568,2026-05-02,1,25.5,Online
7032,P060,5569,2025-07-07,1,47.9,Store
7033,P050,5569,2026-03-27,1,54.32,Online
7034,P036,5570,2023-09-18,1,112.45,Online
7035,P060,5570,2024-06-19,1,47.9,Store
7036,P050,5571,2023-10-15,3,162.96,Online
7037,P009,5571,2024-02-08,1,72.4,Online
7038,P027,5571,2024-06-12,3,315.9,Online
7039,P054,5571,2024-10-23,4,309.0,Store
7040,P057,5571,2025-02-26,3,154.2,Store
7041,P099,5571,2025-07-15,3,179.7,Online
7042,P027,5571,2025-11-16,1,105.3,Online
7043,P002,5571,2026-03-27,1,143.35,Store
7044,P026,5571,2026-07-31,1,64.8,Online
7045,P050,5573,2023-09-23,3,162.96,Store
7046,P055,5573,2024-05-15,1,45.6,Online
7047,P003,5573,2024-12-20,2,227.64,Store
7048,P058,5573,2025-08-04,1,104.9,Online
7049,P057,5573,2026-03-18,3,154.2,Store
7050,P015,5576,2024-12-20,2,182.5,Store
7051,P051,5577,2024-03-17,1,129.9,Store
7052,P078,5577,2024-12-18,2,269.5,Online
7053,P007,5577,2025-09-29,2,105.8,Online
7054,P093,5577,2026-07-20,1,79.95,Store
7055,P083,5580,2024-07-03,2,291.8,Store
7056,P021,5580,2025-10-10,1,87.45,Online
7057,P089,5582,2024-05-18,1,219.9,Store
7058,P033,5582,2024-11-02,2,254.76,Online
7059,P072,5582,2025-05-04,2,144.7,Online
7060,P052,5582,2025-10-07,2,136.9,Online
7061,P068,5582,2026-03-11,1,58.95,Store
7062,P031,5582,2026-08-29,1,17.78,Online
7063,P023,5583,2025-04-07,2,51.0,Online
7064,P021,5585,2023-05-01,1,87.45,Online
7065,P053,5585,2024-01-05,1,59.8,Online
7066,P043,5586,2024-12-30,1,108.4,Store
7067,P043,5586,2025-05-08,1,108.4,Store
7068,P037,5586,2025-09-02,2,279.6,Online
7069,P016,5586,2026-01-05,1,36.06,Store
7070,P005,5586,2026-05-04,1,36.06,Online
7071,P046,5587,2024-09-21,2,79.52,Store
7072,P046,5587,2026-03-11,1,39.76,Store
7073,P088,5589,2023-09-26,2,211.7,Online
7074,P023,5590,2025-04-15,3,76.5,Store
7075,P086,5590,2026-07-11,1,88.95,Online
7076,P041,5591,2024-08-26,2,237.8,Online
7077,P067,5591,2025-03-27,2,65.0,Online
7078,P032,5592,2024-08-07,4,583.76,Online
7079,P081,5594,2024-08-30,3,128.4,Online
7080,P082,5594,2026-01-02,1,35.6,Online
7081,P001,5597,2023-09-23,3,196.68,Online
7082,P027,5598,2023-11-09,1,105.3,Online
7083,P010,5598,2024-05-22,3,269.97,Online
7084,P016,5599,2025-12-22,1,36.06,Online
7085,P036,5600,2024-01-18,3,337.35,Online
7086,P053,5600,2025-05-21,1,59.8,Online
7087,P039,5600,2026-08-19,1,156.75,Online
7088,P096,5601,2023-04-22,1,38.9,Online
7089,P080,5603,2023-01-27,3,298.5,Store
7090,P011,5604,2025-04-09,1,61.35,Online
7091,P006,5604,2025-10-28,1,78.45,Online
7092,P046,5604,2026-07-06,1,39.76,Online
7093,P006,5605,2024-10-25,2,156.9,Online
7094,P039,5606,2023-04-20,1,156.75,Online
7095,P075,5607,2024-07-23,5,512.0,Online
7096,P051,5607,2025-03-18,3,389.7,Store
7097,P006,5607,2025-11-06,2,156.9,Online
7098,P089,5607,2026-07-22,1,219.9,Store
7099,P059,5608,2023-08-10,1,34.75,Online
7100,P055,5611,2023-07-12,3,136.8,Online
7101,P011,5612,2023-11-23,2,122.7,Store
7102,P081,5613,2024-02-08,1,42.8,Store
7103,P054,5613,2024-06-26,1,77.25,Online
7104,P049,5613,2024-11-13,1,73.31,Online
7105,P064,5613,2025-04-06,1,98.75,Store
7106,P012,5613,2025-08-22,4,171.2,Online
7107,P021,5613,2026-01-06,1,87.45,Store
7108,P093,5613,2026-05-14,2,159.9,Online
7109,P079,5614,2024-11-09,2,159.8,Store
7110,P009,5614,2025-08-12,1,72.4,Store
7111,P071,5614,2026-05-16,2,129.8,Online
7112,P008,5615,2024-10-19,1,48.75,Online
7113,P089,5615,2025-04-13,1,219.9,Store
7114,P048,5615,2025-09-14,1,85.84,Online
7115,P057,5615,2026-02-11,5,257.0,Online
7116,P086,5615,2026-08-03,2,177.9,Store
7117,P072,5617,2025-11-13,1,72.35,Online
7118,P019,5618,2024-03-07,2,192.3,Online
7119,P032,5618,2025-08-24,1,145.94,Store
7120,P057,5619,2024-01-21,3,154.2,Online
7121,P068,5619,2024-10-30,3,176.85,Online
7122,P062,5619,2025-07-07,4,159.6,Online
7123,P095,5619,2026-04-03,2,91.0,Online
7124,P017,5621,2024-08-27,1,22.84,Online
7125,P048,5621,2025-05-21,1,85.84,Store
7126,P080,5621,2026-03-02,2,199.0,Online
7127,P098,5622,2024-11-17,1,63.45,Store
7128,P085,5622,2026-05-19,1,74.5,Store
7129,P033,5623,2024-02-28,1,127.38,Online
7130,P084,5623,2025-05-26,2,339.6,Store
7131,P029,5623,2026-08-16,1,76.4,Online
7132,P078,5624,2023-08-29,2,269.5,Online
7133,P050,5624,2024-05-03,5,271.6,Online
7134,P054,5624,2025-01-08,1,77.25,Store
7135,P093,5624,2025-08-25,5,399.75,Store
7136,P073,5624,2026-04-22,1,89.5,Online
7137,P001,5625,2025-02-10,2,131.12,Online
7138,P076,5625,2026-05-23,2,319.8,Online
7139,P027,5626,2024-12-25,1,105.3,Online
7140,P014,5626,2025-05-22,4,498.0,Store
7141,P091,5626,2025-10-20,5,249.5,Online
7142,P060,5626,2026-03-19,2,95.8,Online
7143,P052,5626,2026-07-27,1,68.45,Online
7144,P024,5627,2024-03-10,2,271.5,Online
7145,P097,5627,2025-06-12,3,217.8,Store
7146,P089,5628,2024-12-18,1,219.9,Store
7147,P081,5629,2025-07-15,2,85.6,Online
7148,P037,5632,2023-12-28,2,279.6,Online
7149,P035,5633,2024-07-25,4,158.2,Online
7150,P100,5634,2024-08-09,1,94.75,Online
7151,P017,5634,2025-04-23,2,45.68,Online
7152,P030,5634,2026-01-24,1,31.9,Store
7153,P082,5635,2024-09-26,2,71.2,Online
7154,P058,5636,2023-04-14,3,314.7,Store
7155,P077,5637,2024-11-22,2,379.0,Online
7156,P040,5637,2025-09-27,2,164.6,Online
7157,P050,5637,2026-06-17,2,108.64,Store
7158,P007,5638,2023-08-05,3,158.7,Online
7159,P072,5638,2024-04-18,4,289.4,Online
7160,P056,5639,2024-03-26,1,92.75,Online
7161,P068,5639,2024-10-06,1,58.95,Store
7162,P045,5639,2025-03-26,2,135.7,Store
7163,P073,5639,2025-09-11,1,89.5,Store
7164,P094,5639,2026-03-13,2,109.6,Online
7165,P024,5640,2024-02-06,1,135.75,Online
7166,P036,5640,2025-09-20,1,112.45,Store
7167,P066,5641,2024-11-07,1,36.9,Online
7168,P049,5643,2024-07-05,1,73.31,Online
7169,P092,5643,2024-11-20,2,137.5,Online
7170,P054,5643,2025-04-04,1,77.25,Online
7171,P067,5643,2025-08-08,3,97.5,Online
7172,P001,5643,2025-12-20,1,65.56,Online
7173,P020,5643,2026-05-04,1,110.59,Online
7174,P021,5644,2025-09-26,1,87.45,Online
7175,P008,5645,2024-09-21,1,48.75,Online
7176,P006,5645,2026-02-07,1,78.45,Store
7177,P093,5646,2024-03-13,1,79.95,Online
7178,P002,5646,2025-11-05,3,430.05,Store
7179,P035,5647,2025-02-07,2,79.1,Store
7180,P025,5647,2025-11-03,1,99.99,Online
7181,P071,5648,2024-07-07,1,64.9,Online
7182,P076,5649,2023-03-31,5,799.5,Store
7183,P041,5650,2024-03-18,1,118.9,Online
7184,P100,5650,2024-08-10,3,284.25,Online
7185,P031,5650,2024-12-21,3,53.34,Store
7186,P091,5650,2025-05-06,1,49.9,Online
7187,P021,5650,2025-09-25,2,174.9,Store
7188,P064,5650,2026-02-20,3,296.25,Online
7189,P041,5650,2026-06-29,1,118.9,Store
7190,P092,5651,2023-12-20,1,68.75,Online
7191,P066,5651,2024-10-28,1,36.9,Online
7192,P030,5651,2025-09-28,1,31.9,Online
7193,P053,5651,2026-08-03,1,59.8,Online
7194,P021,5652,2025-06-20,2,174.9,Store
7195,P050,5652,2026-08-01,1,54.32,Online
7196,P018,5654,2025-04-30,1,131.93,Online
7197,P020,5655,2023-05-29,5,552.95,Store
7198,P066,5655,2023-11-27,1,36.9,Online
7199,P090,5656,2024-08-16,3,538.5,Online
7200,P090,5656,2026-03-01,1,179.5,Online
7201,P065,5657,2023-12-24,2,149.6,Online
7202,P075,5657,2024-07-11,1,102.4,Online
7203,P030,5658,2024-09-29,3,95.7,Online
7204,P030,5658,2025-02-02,1,31.9,Online
7205,P057,5658,2025-05-26,2,102.8,Store
7206,P032,5658,2025-09-29,2,291.88,Store
7207,P016,5658,2026-02-07,1,36.06,Store
7208,P035,5658,2026-06-12,3,118.65,Store
7209,P090,5659,2025-02-01,2,359.0,Online
7210,P046,5659,2026-06-17,3,119.28,Online
7211,P100,5660,2024-05-12,2,189.5,Store
7212,P069,5660,2025-01-18,2,162.4,Online
7213,P041,5660,2025-10-04,2,237.8,Online
7214,P015,5660,2026-06-21,5,456.25,Online
7215,P098,5662,2024-03-16,1,63.45,Online
7216,P043,5662,2024-08-08,3,325.2,Online
7217,P052,5662,2025-01-04,1,68.45,Online
7218,P020,5662,2025-05-27,4,442.36,Online
7219,P033,5662,2025-11-03,2,254.76,Online
7220,P096,5662,2026-04-05,1,38.9,Online
7221,P015,5662,2026-08-22,5,456.25,Online
7222,P057,5664,2024-10-06,1,51.4,Online
7223,P095,5666,2024-04-02,2,91.0,Store
7224,P011,5666,2024-11-28,1,61.35,Store
7225,P085,5666,2025-07-30,5,372.5,Online
7226,P045,5666,2026-02-28,2,135.7,Store
7227,P063,5668,2024-09-21,1,44.5,Online
7228,P064,5668,2025-05-20,2,197.5,Store
7229,P084,5668,2026-02-03,3,509.4,Online
7230,P088,5670,2024-04-21,3,317.55,Online
7231,P014,5670,2024-11-04,3,373.5,Online
7232,P053,5670,2025-06-15,1,59.8,Store
7233,P062,5670,2026-02-07,2,79.8,Online
7234,P047,5674,2024-09-16,2,112.14,Online
7235,P041,5674,2025-10-12,4,475.6,Online
7236,P056,5677,2023-12-30,1,92.75,Online
7237,P042,5678,2025-02-07,2,147.1,Online
7238,P098,5678,2025-10-05,2,126.9,Online
7239,P008,5680,2025-02-14,1,48.75,Online
7240,P020,5680,2025-08-08,5,552.95,Store
7241,P018,5681,2024-12-01,2,263.86,Online
7242,P036,5681,2026-03-30,2,224.9,Store
7243,P045,5682,2023-05-10,2,135.7,Online
7244,P063,5682,2024-01-17,1,44.5,Store
7245,P014,5682,2024-10-03,1,124.5,Online
7246,P096,5682,2025-07-20,2,77.8,Online
7247,P026,5682,2026-04-24,4,259.2,Store
7248,P070,5683,2024-01-04,1,115.6,Store
7249,P044,5683,2024-08-10,1,149.99,Online
7250,P009,5684,2024-06-21,5,362.0,Online
7251,P051,5685,2024-05-17,3,389.7,Store
7252,P061,5685,2025-03-28,5,349.75,Online
7253,P058,5685,2026-01-23,2,209.8,Store
7254,P050,5686,2025-05-25,1,54.32,Online
7255,P053,5687,2024-11-08,1,59.8,Store
7256,P088,5688,2023-09-04,2,211.7,Online
7257,P006,5688,2024-02-20,5,392.25,Store
7258,P004,5688,2024-07-22,1,95.82,Online
7259,P059,5688,2024-12-22,1,34.75,Online
7260,P073,5688,2025-05-24,2,179.0,Store
7261,P017,5688,2025-10-18,1,22.84,Online
7262,P044,5688,2026-03-28,1,149.99,Online
7263,P060,5688,2026-08-12,1,47.9,Store
7264,P042,5689,2024-04-17,3,220.65,Store
7265,P099,5689,2025-10-04,1,59.9,Store
7266,P013,5691,2023-05-24,2,167.2,Online
7267,P012,5691,2024-01-02,2,85.6,Store
7268,P095,5691,2024-08-18,1,45.5,Online
7269,P045,5691,2025-03-25,1,67.85,Online
7270,P002,5691,2025-11-28,1,143.35,Online
7271,P063,5691,2026-07-19,1,44.5,Online
7272,P082,5692,2024-05-14,2,71.2,Store
7273,P089,5692,2024-09-13,1,219.9,Online
7274,P089,5692,2025-01-16,4,879.6,Store
7275,P004,5692,2025-05-16,1,95.82,Online
7276,P019,5692,2025-09-19,3,288.45,Store
7277,P009,5692,2026-01-30,1,72.4,Online
7278,P033,5692,2026-05-30,2,254.76,Store
7279,P005,5693,2024-05-14,2,72.12,Online
7280,P085,5693,2025-12-10,3,223.5,Store
7281,P018,5694,2023-10-20,2,263.86,Online
7282,P038,5694,2024-06-08,1,94.6,Store
7283,P057,5694,2025-02-05,3,154.2,Online
7284,P015,5694,2025-09-10,4,365.0,Online
7285,P008,5694,2026-04-13,1,48.75,Online
7286,P010,5696,2023-06-04,4,359.96,Online
7287,P058,5697,2024-02-12,3,314.7,Online
7288,P046,5698,2024-07-16,1,39.76,Online
7289,P083,5699,2024-07-29,1,145.9,Online
7290,P001,5700,2023-07-27,4,262.24,Online
7291,P082,5700,2025-01-27,2,71.2,Online
7292,P085,5702,2024-05-21,1,74.5,Store
7293,P011,5702,2025-01-06,1,61.35,Online
7294,P080,5703,2023-09-30,3,298.5,Online
7295,P080,5704,2024-12-16,1,99.5,Store
7296,P097,5704,2025-05-18,1,72.6,Store
7297,P034,5704,2025-10-26,1,43.67,Online
7298,P084,5704,2026-04-16,1,169.8,Online
7299,P066,5705,2024-12-07,1,36.9,Online
7300,P013,5705,2025-08-29,3,250.8,Store
7301,P063,5706,2025-11-19,2,89.0,Store
7302,P027,5708,2023-05-22,1,105.3,Store
7303,P021,5708,2023-10-22,1,87.45,Online
7304,P036,5708,2024-03-15,2,224.9,Online
7305,P100,5708,2024-08-03,2,189.5,Online
7306,P086,5708,2024-12-26,4,355.8,Online
7307,P085,5708,2025-05-13,2,149.0,Online
7308,P068,5708,2025-10-08,2,117.9,Online
7309,P055,5708,2026-02-27,1,45.6,Online
7310,P054,5708,2026-07-20,1,77.25,Online
7311,P096,5709,2024-08-05,1,38.9,Online
7312,P037,5709,2025-04-03,1,139.8,Online
7313,P050,5709,2025-12-06,1,54.32,Online
7314,P071,5710,2023-11-24,3,194.7,Store
7315,P050,5711,2023-08-16,2,108.64,Online
7316,P042,5711,2025-02-27,2,147.1,Store
7317,P083,5712,2023-04-29,2,291.8,Online
7318,P082,5712,2024-01-21,1,35.6,Online
7319,P028,5712,2024-09-28,2,257.3,Store
7320,P059,5712,2025-06-17,3,104.25,Store
7321,P066,5712,2026-02-15,3,110.7,Online
7322,P006,5713,2025-01-06,1,78.45,Store
7323,P049,5714,2024-05-09,1,73.31,Online
7324,P086,5714,2025-07-20,1,88.95,Online
7325,P096,5715,2024-02-04,2,77.8,Online
7326,P082,5717,2024-07-28,2,71.2,Store
7327,P022,5717,2025-05-01,3,359.7,Online
7328,P027,5717,2026-01-23,1,105.3,Online
7329,P031,5718,2023-10-18,1,17.78,Online
7330,P050,5718,2025-03-07,1,54.32,Online
7331,P047,5718,2026-07-28,1,56.07,Online
7332,P039,5719,2024-03-17,1,156.75,Online
7333,P063,5719,2024-11-14,2,89.0,Store
7334,P025,5719,2025-07-09,1,99.99,Online
7335,P074,5719,2026-03-12,1,67.75,Online
7336,P060,5721,2024-07-03,1,47.9,Online
7337,P059,5721,2025-06-01,1,34.75,Store
7338,P069,5721,2026-03-02,1,81.2,Online
7339,P059,5722,2023-11-10,1,34.75,Online
7340,P078,5722,2024-06-25,4,539.0,Store
7341,P018,5722,2025-02-12,3,395.79,Store
7342,P019,5722,2025-09-25,1,96.15,Online
7343,P088,5722,2026-05-23,2,211.7,Store
7344,P081,5723,2023-10-13,3,128.4,Store
7345,P090,5723,2024-12-22,2,359.0,Online
7346,P078,5723,2026-03-05,1,134.75,Online
7347,P076,5724,2023-09-30,2,319.8,Store
7348,P100,5724,2024-05-06,2,189.5,Online
7349,P013,5724,2024-12-16,1,83.6,Store
7350,P074,5724,2025-08-09,4,271.0,Online
7351,P028,5724,2026-03-16,2,257.3,Store
7352,P069,5725,2023-08-06,2,162.4,Online
7353,P020,5725,2024-07-07,2,221.18,Store
7354,P054,5725,2025-05-28,1,77.25,Online
7355,P021,5725,2026-04-19,1,87.45,Online
7356,P018,5726,2023-05-31,1,131.93,Store
7357,P071,5727,2024-07-13,2,129.8,Online
7358,P005,5727,2025-01-21,2,72.12,Online
7359,P096,5728,2024-06-23,3,116.7,Store
7360,P092,5729,2024-11-22,4,275.0,Online
7361,P006,5729,2025-07-24,1,78.45,Online
7362,P030,5729,2026-04-20,1,31.9,Online
7363,P072,5732,2024-07-23,1,72.35,Online
7364,P010,5733,2024-08-25,1,89.99,Store
7365,P058,5735,2024-09-16,1,104.9,Online
7366,P088,5735,2025-05-19,3,317.55,Store
7367,P022,5735,2026-02-07,2,239.8,Online
7368,P022,5736,2025-02-02,1,119.9,Online
7369,P035,5736,2025-10-25,1,39.55,Store
7370,P021,5737,2024-03-29,1,87.45,Store
7371,P100,5739,2024-01-24,4,379.0,Store
7372,P051,5739,2024-08-29,1,129.9,Online
7373,P005,5739,2025-03-28,1,36.06,Online
7374,P029,5739,2025-11-18,1,76.4,Store
7375,P036,5739,2026-07-14,2,224.9,Online
7376,P054,5740,2024-01-31,1,77.25,Online
7377,P026,5741,2024-07-03,1,64.8,Online
7378,P035,5741,2025-09-24,3,118.65,Online
7379,P079,5742,2024-09-29,3,239.7,Store
7380,P066,5742,2025-07-28,4,147.6,Online
7381,P081,5742,2026-06-08,3,128.4,Store
7382,P046,5743,2023-12-23,1,39.76,Online
7383,P030,5743,2024-11-13,1,31.9,Online
7384,P049,5743,2025-09-10,1,73.31,Online
7385,P020,5743,2026-07-23,3,331.77,Online
7386,P019,5744,2024-02-17,1,96.15,Online
7387,P033,5746,2024-09-08,5,636.9,Online
7388,P091,5746,2025-02-13,3,149.7,Store
7389,P013,5746,2025-07-31,5,418.0,Online
7390,P006,5746,2025-12-22,2,156.9,Online
7391,P028,5746,2026-06-04,1,128.65,Store
7392,P037,5747,2024-10-20,1,139.8,Store
7393,P011,5747,2025-04-13,1,61.35,Online
7394,P081,5747,2025-10-15,4,171.2,Online
7395,P075,5747,2026-04-14,1,102.4,Online
7396,P048,5748,2024-12-06,1,85.84,Online
7397,P100,5748,2025-08-18,1,94.75,Online
7398,P059,5748,2026-05-10,1,34.75,Online
7399,P021,5750,2024-05-07,1,87.45,Online
7400,P087,5751,2024-09-16,3,275.1,Online
7401,P029,5751,2025-12-01,3,229.2,Online
7402,P034,5753,2024-08-16,3,131.01,Store
7403,P077,5753,2025-01-16,2,379.0,Store
7404,P022,5753,2025-07-06,1,119.9,Store
7405,P008,5753,2025-12-25,1,48.75,Online
7406,P090,5753,2026-05-25,1,179.5,Online
7407,P094,5754,2024-12-26,1,54.8,Online
7408,P001,5754,2025-06-29,1,65.56,Store
7409,P011,5754,2025-12-23,2,122.7,Online
7410,P039,5754,2026-06-04,3,470.25,Online
7411,P089,5756,2024-01-13,2,439.8,Store
7412,P029,5756,2024-09-16,2,152.8,Store
7413,P043,5760,2025-08-23,2,216.8,Store
7414,P048,5761,2024-11-26,3,257.52,Online
7415,P089,5761,2025-09-11,1,219.9,Online
7416,P079,5761,2026-06-19,1,79.9,Online
7417,P065,5763,2024-04-18,3,224.4,Online
7418,P087,5763,2025-08-14,1,91.7,Online
7419,P027,5764,2025-01-09,1,105.3,Online
7420,P033,5764,2025-12-09,1,127.38,Store
7421,P064,5765,2023-12-07,2,197.5,Online
7422,P067,5765,2024-06-21,3,97.5,Store
7423,P037,5766,2024-04-20,1,139.8,Online
7424,P080,5766,2025-09-25,1,99.5,Online
7425,P035,5767,2023-06-09,1,39.55,Online
7426,P044,5767,2024-01-24,2,299.98,Online
7427,P095,5767,2024-09-05,3,136.5,Online
7428,P068,5767,2025-04-07,2,117.9,Store
7429,P030,5767,2025-11-26,1,31.9,Online
7430,P005,5767,2026-07-09,2,72.12,Online
7431,P082,5768,2024-02-06,2,71.2,Online
7432,P022,5768,2024-12-01,1,119.9,Online
7433,P027,5769,2023-11-22,2,210.6,Online
7434,P042,5769,2024-07-04,1,73.55,Online
7435,P015,5769,2025-02-21,3,273.75,Online
7436,P038,5769,2025-10-23,4,378.4,Online
7437,P097,5769,2026-05-25,1,72.6,Store
7438,P021,5771,2024-03-02,4,349.8,Online
7439,P004,5772,2023-04-21,1,95.82,Online
7440,P026,5772,2023-09-22,1,64.8,Online
7441,P016,5772,2024-02-22,1,36.06,Online
7442,P085,5772,2024-08-15,1,74.5,Online
7443,P018,5772,2025-01-19,2,263.86,Online
7444,P087,5772,2025-06-20,3,275.1,Online
7445,P056,5772,2025-11-27,2,185.5,Online
7446,P086,5772,2026-05-10,2,177.9,Store
7447,P062,5774,2024-10-30,1,39.9,Online
7448,P009,5775,2025-04-24,4,289.6,Store
7449,P065,5776,2023-08-10,4,299.2,Online
7450,P025,5776,2024-12-30,2,199.98,Store
7451,P061,5776,2026-06-12,1,69.95,Store
7452,P012,5779,2023-07-26,4,171.2,Store
7453,P056,5780,2024-02-04,1,92.75,Online
7454,P031,5782,2024-12-18,2,35.56,Store
7455,P090,5782,2026-08-06,1,179.5,Online
7456,P012,5783,2023-06-29,1,42.8,Online
7457,P005,5784,2024-06-13,1,36.06,Online
7458,P042,5785,2023-08-01,1,73.55,Online
7459,P019,5785,2024-02-12,2,192.3,Online
7460,P091,5786,2024-10-07,2,99.8,Store
7461,P072,5786,2026-05-16,2,144.7,Store
7462,P059,5787,2024-07-30,1,34.75,Store
7463,P095,5787,2025-04-09,2,91.0,Online
7464,P080,5787,2025-12-31,2,199.0,Store
7465,P098,5787,2026-08-17,1,63.45,Online
7466,P022,5788,2023-11-21,1,119.9,Store
7467,P056,5788,2024-07-23,3,278.25,Store
7468,P016,5788,2025-03-28,2,72.12,Store
7469,P012,5788,2025-12-06,4,171.2,Online
7470,P089,5788,2026-07-21,2,439.8,Online
7471,P006,5791,2024-11-05,2,156.9,Online
7472,P046,5792,2024-11-29,3,119.28,Online
7473,P030,5792,2025-08-08,4,127.6,Store
7474,P009,5792,2026-04-04,1,72.4,Store
7475,P042,5793,2024-07-27,1,73.55,Online
7476,P061,5794,2023-07-04,1,69.95,Store
7477,P079,5794,2024-11-05,2,159.8,Store
7478,P025,5794,2026-01-26,4,399.96,Online
7479,P073,5795,2024-06-04,3,268.5,Online
7480,P014,5795,2024-10-17,1,124.5,Online
7481,P064,5795,2025-03-02,2,197.5,Online
7482,P017,5795,2025-07-10,1,22.84,Online
7483,P076,5795,2025-11-28,4,639.6,Store
7484,P037,5795,2026-04-08,1,139.8,Store
7485,P058,5795,2026-08-27,1,104.9,Store
7486,P001,5796,2024-03-23,2,131.12,Store
7487,P082,5796,2025-01-11,4,142.4,Online
7488,P088,5796,2025-11-14,2,211.7,Online
7489,P028,5796,2026-08-30,2,257.3,Online
7490,P026,5798,2024-04-19,1,64.8,Online
7491,P033,5800,2025-10-07,1,127.38,Online
7492,P032,5801,2024-10-27,4,583.76,Online
7493,P032,5801,2025-08-21,2,291.88,Store
7494,P044,5801,2026-06-08,1,149.99,Store
7495,P068,5802,2024-05-07,1,58.95,Online
7496,P026,5804,2024-04-01,1,64.8,Online
7497,P060,5804,2025-01-07,1,47.9,Online
7498,P033,5806,2024-10-05,5,636.9,Online
7499,P003,5806,2025-06-30,1,113.82,Online
7500,P007,5807,2024-01-11,2,105.8,Online
7501,P058,5808,2023-11-28,1,104.9,Online
7502,P100,5809,2024-04-18,2,189.5,Online
7503,P049,5809,2025-01-09,1,73.31,Store
7504,P015,5809,2025-11-08,1,91.25,Online
7505,P100,5809,2026-08-27,1,94.75,Store
7506,P083,5810,2024-05-09,2,291.8,Online
7507,P086,5810,2025-01-05,2,177.9,Online
7508,P023,5810,2025-08-16,2,51.0,Online
7509,P062,5810,2026-04-06,1,39.9,Online
7510,P009,5812,2023-09-13,1,72.4,Online
7511,P082,5814,2024-11-02,1,35.6,Store
7512,P003,5814,2026-01-20,3,341.46,Online
7513,P011,5815,2025-01-09,1,61.35,Online
7514,P010,5815,2026-08-05,1,89.99,Online
7515,P028,5816,2024-02-16,1,128.65,Online
7516,P043,5817,2025-01-05,2,216.8,Online
7517,P031,5817,2026-02-21,1,17.78,Online
7518,P051,5818,2024-12-15,2,259.8,Store
7519,P051,5818,2026-05-09,3,389.7,Online
7520,P032,5819,2023-05-31,2,291.88,Online
7521,P064,5819,2023-12-27,3,296.25,Online
7522,P010,5820,2024-06-27,2,179.98,Store
7523,P094,5820,2024-12-02,4,219.2,Store
7524,P007,5820,2025-05-09,4,211.6,Online
7525,P040,5820,2025-10-14,1,82.3,Online
7526,P055,5820,2026-03-10,3,136.8,Store
7527,P044,5820,2026-08-09,1,149.99,Online
7528,P020,5821,2024-11-19,2,221.18,Online
7529,P024,5821,2026-03-23,1,135.75,Online
7530,P096,5822,2024-08-02,2,77.8,Online
7531,P030,5822,2024-12-17,2,63.8,Online
7532,P053,5822,2025-05-05,4,239.2,Online
7533,P029,5822,2025-09-17,3,229.2,Online
7534,P043,5822,2026-01-09,3,325.2,Online
7535,P072,5822,2026-05-12,2,144.7,Online
7536,P039,5823,2024-07-10,2,313.5,Online
7537,P071,5823,2025-04-17,2,129.8,Online
7538,P087,5824,2024-01-03,1,91.7,Online
7539,P071,5825,2023-09-12,4,259.6,Online
7540,P055,5826,2023-11-28,1,45.6,Online
7541,P008,5826,2024-04-25,1,48.75,Online
7542,P079,5826,2024-10-08,3,239.7,Store
7543,P039,5826,2025-03-22,1,156.75,Online
7544,P069,5826,2025-09-15,1,81.2,Online
7545,P013,5826,2026-02-21,2,167.2,Online
7546,P054,5826,2026-07-28,1,77.25,Store
7547,P015,5827,2024-12-17,1,91.25,Online
7548,P036,5827,2025-10-21,1,112.45,Online
7549,P048,5827,2026-08-04,2,171.68,Store
7550,P038,5829,2024-12-30,1,94.6,Online
7551,P045,5829,2025-10-15,1,67.85,Online
7552,P033,5829,2026-07-19,2,254.76,Store
7553,P070,5830,2025-01-02,1,115.6,Online
7554,P090,5830,2026-07-27,2,359.0,Store
7555,P060,5833,2024-05-17,2,95.8,Online
7556,P056,5834,2023-11-02,2,185.5,Online
7557,P067,5834,2025-02-28,2,65.0,Store
7558,P024,5834,2026-07-21,2,271.5,Store
7559,P047,5835,2023-10-21,5,280.35,Store
7560,P034,5836,2025-07-11,3,131.01,Online
7561,P056,5836,2026-08-18,1,92.75,Online
7562,P060,5839,2024-06-04,1,47.9,Online
7563,P026,5839,2024-10-30,1,64.8,Online
7564,P038,5839,2025-04-17,2,189.2,Online
7565,P075,5839,2025-10-05,1,102.4,Online
7566,P032,5839,2026-03-22,4,583.76,Store
7567,P076,5840,2023-06-08,2,319.8,Online
7568,P042,5840,2023-11-06,2,147.1,Online
7569,P009,5840,2024-04-26,1,72.4,Online
7570,P046,5840,2024-10-18,2,79.52,Online
7571,P092,5840,2025-03-15,2,137.5,Online
7572,P046,5840,2025-08-22,2,79.52,Online
7573,P089,5840,2026-02-08,1,219.9,Store
7574,P058,5840,2026-07-26,1,104.9,Store
7575,P042,5841,2023-05-10,4,294.2,Online
7576,P041,5841,2023-09-14,2,237.8,Online
7577,P080,5841,2024-02-05,5,497.5,Store
7578,P077,5841,2024-06-10,1,189.5,Store
7579,P040,5841,2024-10-24,1,82.3,Store
7580,P027,5841,2025-03-15,4,421.2,Store
7581,P082,5841,2025-08-03,2,71.2,Online
7582,P061,5841,2025-12-19,1,69.95,Online
7583,P038,5841,2026-05-14,2,189.2,Online
7584,P052,5842,2023-09-04,2,136.9,Online
7585,P070,5842,2025-01-27,1,115.6,Online
7586,P018,5842,2026-07-14,2,263.86,Online
7587,P012,5843,2025-03-25,2,85.6,Online
7588,P075,5843,2026-08-26,1,102.4,Online
7589,P066,5844,2024-11-05,3,110.7,Online
7590,P031,5844,2025-07-07,2,35.56,Online
7591,P031,5845,2025-04-28,1,17.78,Store
7592,P047,5846,2024-07-20,1,56.07,Online
7593,P036,5846,2026-03-01,2,224.9,Store
7594,P023,5847,2023-07-22,1,25.5,Store
7595,P093,5847,2024-12-16,2,159.9,Store
7596,P075,5847,2026-05-05,4,409.6,Store
7597,P040,5848,2024-08-13,1,82.3,Online
7598,P036,5848,2025-05-31,3,337.35,Online
7599,P055,5848,2026-02-12,1,45.6,Online
7600,P010,5852,2023-07-15,1,89.99,Store
7601,P012,5852,2025-02-27,1,42.8,Store
7602,P010,5855,2024-03-12,1,89.99,Online
7603,P017,5856,2023-09-03,1,22.84,Online
7604,P023,5856,2024-07-27,3,76.5,Online
7605,P053,5856,2025-05-22,3,179.4,Online
7606,P037,5856,2026-03-27,3,419.4,Online
7607,P097,5859,2023-08-07,1,72.6,Store
7608,P078,5861,2023-06-04,4,539.0,Online
7609,P029,5862,2024-01-03,1,76.4,Store
7610,P014,5863,2024-10-05,2,249.0,Store
7611,P075,5863,2025-12-08,3,307.2,Online
7612,P010,5864,2024-09-26,1,89.99,Store
7613,P045,5865,2024-03-04,1,67.85,Store
7614,P079,5865,2024-08-16,1,79.9,Store
7615,P083,5865,2025-02-02,1,145.9,Store
7616,P028,5865,2025-07-22,3,385.95,Online
7617,P082,5865,2025-12-30,3,106.8,Online
7618,P031,5865,2026-06-25,1,17.78,Online
7619,P040,5866,2024-05-10,2,164.6,Online
7620,P092,5866,2025-01-09,2,137.5,Online
7621,P080,5866,2025-09-25,1,99.5,Store
7622,P064,5866,2026-05-27,1,98.75,Online
7623,P069,5868,2024-01-25,1,81.2,Store
7624,P047,5870,2023-10-26,1,56.07,Store
7625,P055,5871,2024-07-31,1,45.6,Online
7626,P045,5871,2025-04-30,1,67.85,Online
7627,P043,5871,2026-01-20,1,108.4,Store
7628,P035,5872,2024-10-13,2,79.1,Store
7629,P084,5872,2026-02-26,1,169.8,Store
7630,P006,5874,2023-05-22,2,156.9,Store
7631,P041,5875,2024-11-08,1,118.9,Store
7632,P099,5875,2026-08-26,1,59.9,Online
7633,P098,5877,2024-11-10,3,190.35,Online
7634,P012,5878,2023-09-16,2,85.6,Online
7635,P082,5878,2024-07-10,2,71.2,Store
7636,P084,5878,2025-04-30,2,339.6,Online
7637,P074,5878,2026-03-14,2,135.5,Online
7638,P071,5879,2023-03-20,2,129.8,Store
7639,P046,5879,2024-07-04,1,39.76,Store
7640,P079,5879,2025-12-04,1,79.9,Store
7641,P062,5881,2024-07-14,4,159.6,Online
7642,P046,5881,2025-05-18,2,79.52,Online
7643,P011,5881,2026-03-20,1,61.35,Online
7644,P016,5882,2024-09-11,2,72.12,Online
7645,P037,5882,2025-07-24,1,139.8,Online
7646,P100,5882,2026-05-31,2,189.5,Store
7647,P037,5883,2024-05-25,2,279.6,Online
7648,P005,5883,2025-01-04,1,36.06,Store
7649,P070,5884,2024-03-13,1,115.6,Online
7650,P092,5884,2025-06-08,3,206.25,Online
7651,P048,5885,2024-08-24,1,85.84,Store
7652,P045,5885,2025-05-10,1,67.85,Online
7653,P034,5885,2026-03-29,2,87.34,Store
7654,P004,5886,2023-11-08,3,287.46,Online
7655,P022,5886,2025-06-17,1,119.9,Online
7656,P092,5887,2023-05-23,1,68.75,Online
7657,P014,5887,2023-10-04,1,124.5,Online
7658,P007,5887,2024-02-15,1,52.9,Store
7659,P084,5887,2024-06-21,1,169.8,Online
7660,P059,5887,2024-11-13,1,34.75,Store
7661,P095,5887,2025-04-03,1,45.5,Online
7662,P035,5887,2025-08-09,2,79.1,Store
7663,P063,5887,2025-12-27,2,89.0,Online
7664,P064,5887,2026-04-30,1,98.75,Online
7665,P085,5889,2025-02-27,1,74.5,Online
7666,P067,5892,2023-08-28,2,65.0,Online
7667,P085,5893,2024-09-16,1,74.5,Store
7668,P009,5893,2025-06-17,2,144.8,Online
7669,P061,5893,2026-02-27,3,209.85,Store
7670,P016,5894,2023-02-12,1,36.06,Store
7671,P016,5896,2025-01-31,4,144.24,Store
7672,P008,5896,2026-06-04,3,146.25,Store
7673,P062,5897,2023-09-10,3,119.7,Online
7674,P068,5897,2024-06-24,1,58.95,Store
7675,P069,5897,2025-04-09,2,162.4,Online
7676,P080,5897,2026-02-09,3,298.5,Online
7677,P077,5898,2024-05-31,3,568.5,Store
7678,P046,5900,2025-02-19,2,79.52,Online
7679,P020,5902,2025-12-15,2,221.18,Store
7680,P060,5904,2024-07-22,1,47.9,Online
7681,P009,5905,2024-01-31,2,144.8,Store
7682,P077,5905,2024-07-07,3,568.5,Online
7683,P087,5905,2024-11-27,2,183.4,Store
7684,P063,5905,2025-04-22,2,89.0,Online
7685,P035,5905,2025-09-25,1,39.55,Online
7686,P042,5905,2026-02-25,2,147.1,Online
7687,P015,5905,2026-08-03,2,182.5,Online
7688,P085,5906,2024-03-10,1,74.5,Store
7689,P042,5906,2025-06-04,1,73.55,Store
7690,P025,5906,2026-08-10,2,199.98,Store
7691,P031,5907,2024-05-23,2,35.56,Store
7692,P058,5907,2025-07-31,3,314.7,Store
7693,P082,5908,2024-03-30,1,35.6,Online
7694,P010,5908,2024-09-26,1,89.99,Store
7695,P046,5908,2025-03-15,2,79.52,Store
7696,P073,5908,2025-09-19,2,179.0,Online
7697,P007,5908,2026-03-12,2,105.8,Online
7698,P058,5908,2026-08-30,1,104.9,Online
7699,P024,5909,2024-05-27,4,543.0,Online
7700,P016,5909,2025-10-12,1,36.06,Online
7701,P082,5910,2024-04-22,2,71.2,Store
7702,P055,5910,2025-01-07,1,45.6,Online
7703,P082,5910,2025-09-18,1,35.6,Online
7704,P089,5910,2026-06-09,1,219.9,Online
7705,P060,5911,2025-07-16,1,47.9,Online
7706,P075,5912,2023-08-23,2,204.8,Online
7707,P063,5912,2024-02-17,4,178.0,Store
7708,P030,5912,2024-07-31,1,31.9,Online
7709,P019,5912,2025-01-14,1,96.15,Store
7710,P075,5912,2025-07-11,1,102.4,Store
7711,P003,5912,2025-12-11,3,341.46,Store
7712,P030,5912,2026-05-28,1,31.9,Online
7713,P064,5913,2023-02-18,2,197.5,Store
7714,P062,5913,2023-07-10,1,39.9,Online
7715,P005,5913,2023-12-16,1,36.06,Store
7716,P002,5913,2024-05-31,4,573.4,Store
7717,P076,5913,2024-10-26,1,159.9,Online
7718,P017,5913,2025-03-30,2,45.68,Online
7719,P058,5913,2025-09-02,1,104.9,Store
7720,P012,5913,2026-02-04,2,85.6,Online
7721,P098,5913,2026-07-05,2,126.9,Store
7722,P061,5914,2023-11-20,1,69.95,Online
7723,P025,5915,2023-12-07,3,299.97,Online
7724,P028,5915,2024-08-20,2,257.3,Online
7725,P081,5916,2024-07-14,4,171.2,Store
7726,P049,5916,2025-08-27,1,73.31,Store
7727,P091,5918,2023-10-20,2,99.8,Online
7728,P069,5918,2024-07-14,3,243.6,Online
7729,P073,5918,2025-03-29,1,89.5,Online
7730,P084,5918,2025-11-28,1,169.8,Store
7731,P055,5919,2023-11-23,2,91.2,Online
7732,P078,5919,2024-08-01,1,134.75,Online
7733,P071,5919,2025-04-11,2,129.8,Online
7734,P085,5919,2025-12-19,1,74.5,Store
7735,P041,5919,2026-08-18,3,356.7,Online
7736,P011,5920,2023-08-28,3,184.05,Store
7737,P086,5922,2023-11-07,1,88.95,Online
7738,P054,5922,2024-03-22,2,154.5,Online
7739,P051,5922,2024-07-31,1,129.9,Store
7740,P084,5922,2024-12-14,1,169.8,Online
7741,P049,5922,2025-04-30,4,293.24,Store
7742,P015,5922,2025-09-26,2,182.5,Store
7743,P099,5922,2026-02-03,2,119.8,Store
7744,P012,5922,2026-06-14,1,42.8,Online
7745,P013,5924,2023-09-27,2,167.2,Online
7746,P027,5924,2024-06-05,1,105.3,Online
7747,P040,5924,2025-02-17,1,82.3,Online
7748,P032,5924,2025-11-26,1,145.94,Online
7749,P029,5924,2026-07-27,2,152.8,Online
7750,P001,5927,2023-09-04,1,65.56,Online
7751,P086,5927,2024-04-13,1,88.95,Online
7752,P069,5927,2024-11-16,1,81.2,Online
7753,P046,5927,2025-07-23,1,39.76,Online
7754,P011,5927,2026-03-03,1,61.35,Online
7755,P074,5928,2025-04-01,1,67.75,Online
7756,P010,5928,2026-01-21,1,89.99,Store
7757,P027,5929,2024-09-10,1,105.3,Online
7758,P012,5929,2025-01-08,2,85.6,Online
7759,P083,5929,2025-05-14,1,145.9,Online
7760,P007,5929,2025-09-16,1,52.9,Online
7761,P055,5929,2026-01-11,2,91.2,Store
7762,P085,5929,2026-05-06,2,149.0,Online
7763,P013,5930,2024-05-04,1,83.6,Store
7764,P024,5930,2025-10-06,1,135.75,Online
7765,P075,5932,2023-04-02,1,102.4,Online
7766,P095,5933,2024-12-10,4,182.0,Online
7767,P029,5935,2024-09-01,2,152.8,Store
7768,P016,5935,2025-05-06,1,36.06,Online
7769,P088,5935,2026-03-05,1,105.85,Store
7770,P059,5936,2024-07-11,4,139.0,Online
7771,P067,5939,2025-02-06,3,97.5,Online
7772,P045,5939,2026-04-20,2,135.7,Online
7773,P090,5940,2024-01-07,1,179.5,Online
7774,P067,5940,2025-07-26,1,32.5,Online
7775,P073,5942,2024-09-02,1,89.5,Store
7776,P099,5942,2025-01-10,1,59.9,Store
7777,P097,5942,2025-05-15,1,72.6,Online
7778,P098,5942,2025-09-20,2,126.9,Online
7779,P085,5942,2026-01-20,2,149.0,Online
7780,P097,5942,2026-06-03,2,145.2,Online
7781,P024,5944,2024-07-31,2,271.5,Online
7782,P071,5946,2025-02-20,1,64.9,Online
7783,P089,5946,2026-01-04,1,219.9,Store
7784,P034,5948,2024-09-12,2,87.34,Store
7785,P077,5948,2025-06-13,2,379.0,Store
7786,P041,5948,2026-04-30,4,475.6,Store
7787,P097,5949,2023-08-21,3,217.8,Online
7788,P075,5949,2025-01-05,2,204.8,Store
7789,P071,5949,2026-06-29,1,64.9,Store
7790,P058,5950,2024-09-12,4,419.6,Store
7791,P045,5951,2024-12-15,2,135.7,Online
7792,P091,5951,2026-03-24,1,49.9,Store
7793,P094,5952,2024-07-21,2,109.6,Online
7794,P030,5952,2025-04-20,1,31.9,Store
7795,P087,5952,2026-01-19,2,183.4,Online
7796,P061,5953,2024-07-24,3,209.85,Online
7797,P079,5953,2025-08-18,1,79.9,Store
7798,P086,5954,2023-08-15,2,177.9,Online
7799,P015,5955,2023-11-14,1,91.25,Online
7800,P067,5955,2024-10-05,1,32.5,Online
7801,P022,5955,2025-09-05,2,239.8,Online
7802,P074,5955,2026-06-25,1,67.75,Online
7803,P014,5956,2023-11-26,2,249.0,Store
7804,P094,5956,2025-07-03,1,54.8,Store
7805,P022,5958,2024-12-14,2,239.8,Online
7806,P069,5958,2026-01-02,1,81.2,Online
7807,P073,5959,2024-02-09,1,89.5,Online
7808,P062,5960,2025-02-16,5,199.5,Online
7809,P043,5960,2025-11-01,1,108.4,Online
7810,P055,5960,2026-06-30,3,136.8,Store
7811,P031,5961,2023-10-03,1,17.78,Online
7812,P071,5961,2025-03-23,2,129.8,Online
7813,P051,5962,2025-08-22,1,129.9,Online
7814,P098,5963,2024-04-12,2,126.9,Online
7815,P025,5963,2024-09-09,2,199.98,Online
7816,P026,5963,2025-02-04,1,64.8,Online
7817,P007,5963,2025-06-16,1,52.9,Online
7818,P080,5963,2025-11-16,2,199.0,Online
7819,P010,5963,2026-04-23,1,89.99,Store
7820,P028,5964,2024-03-18,5,643.25,Store
7821,P010,5964,2024-12-16,1,89.99,Online
7822,P017,5964,2025-09-22,3,68.52,Online
7823,P012,5964,2026-06-05,2,85.6,Store
7824,P028,5965,2024-06-16,2,257.3,Online
7825,P008,5965,2025-12-18,2,97.5,Online
7826,P052,5966,2024-01-27,1,68.45,Online
7827,P049,5966,2024-10-20,3,219.93,Online
7828,P080,5966,2025-08-12,4,398.0,Store
7829,P026,5966,2026-04-14,1,64.8,Store
7830,P072,5968,2023-07-18,1,72.35,Online
7831,P072,5968,2024-12-11,3,217.05,Store
7832,P041,5968,2026-03-13,2,237.8,Store
7833,P055,5969,2023-10-09,2,91.2,Store
7834,P008,5969,2024-04-01,1,48.75,Online
7835,P080,5969,2024-09-06,5,497.5,Online
7836,P086,5969,2025-02-04,3,266.85,Online
7837,P087,5969,2025-07-13,3,275.1,Store
7838,P066,5969,2025-12-22,2,73.8,Online
7839,P058,5969,2026-06-04,2,209.8,Store
7840,P035,5970,2023-05-31,1,39.55,Online
7841,P091,5971,2024-05-16,1,49.9,Online
7842,P054,5971,2025-06-19,4,309.0,Store
7843,P052,5971,2026-08-11,2,136.9,Online
7844,P018,5972,2024-06-27,1,131.93,Online
7845,P013,5972,2025-08-30,2,167.2,Online
7846,P051,5975,2023-05-22,1,129.9,Store
7847,P074,5977,2023-05-23,2,135.5,Online
7848,P076,5978,2024-03-23,3,479.7,Store
7849,P028,5979,2024-04-24,1,128.65,Store
7850,P088,5980,2024-02-16,1,105.85,Online
7851,P030,5982,2024-10-07,3,95.7,Online
7852,P069,5985,2024-09-18,4,324.8,Store
7853,P009,5986,2023-12-28,3,217.2,Online
7854,P040,5986,2024-06-04,3,246.9,Online
7855,P002,5986,2024-11-21,4,573.4,Online
7856,P071,5986,2025-05-02,1,64.9,Online
7857,P069,5986,2025-10-11,2,162.4,Store
7858,P068,5986,2026-03-13,2,117.9,Store
7859,P019,5986,2026-08-27,1,96.15,Store
7860,P042,5988,2023-11-05,2,147.1,Online
7861,P008,5988,2024-09-27,2,97.5,Online
7862,P091,5988,2025-09-02,5,249.5,Online
7863,P094,5988,2026-08-01,2,109.6,Online
7864,P068,5990,2023-03-24,1,58.95,Online
7865,P049,5991,2025-11-09,1,73.31,Online
7866,P061,5992,2023-08-26,3,209.85,Store
7867,P007,5993,2024-07-26,1,52.9,Online
7868,P003,5993,2025-12-23,1,113.82,Store
7869,P058,5994,2024-12-05,2,209.8,Store
7870,P054,5995,2024-09-22,1,77.25,Online
7871,P036,5995,2025-06-16,2,224.9,Online
7872,P062,5995,2026-02-22,3,119.7,Store
7873,P033,5998,2024-09-15,1,127.38,Store
7874,P019,5998,2025-06-11,2,192.3,Store
7875,P082,5999,2024-03-10,3,106.8,Store
7876,P066,6000,2025-01-04,2,73.8,Online
7877,P088,6002,2023-08-23,4,423.4,Online
7878,P002,6003,2024-11-26,1,143.35,Online
7879,P068,6003,2025-08-06,1,58.95,Online
7880,P018,6004,2023-03-19,1,131.93,Online
7881,P077,6004,2023-07-28,2,379.0,Online
7882,P076,6004,2023-12-07,1,159.9,Online
7883,P094,6004,2024-04-13,1,54.8,Online
7884,P028,6004,2024-09-06,3,385.95,Store
7885,P070,6004,2025-01-19,2,231.2,Online
7886,P014,6004,2025-06-10,2,249.0,Store
7887,P013,6004,2025-11-05,2,167.2,Store
7888,P043,6004,2026-03-27,4,433.6,Online
7889,P028,6004,2026-08-14,2,257.3,Online
7890,P082,6005,2024-12-07,2,71.2,Online
7891,P073,6005,2025-08-04,2,179.0,Online
7892,P047,6005,2026-04-12,1,56.07,Online
7893,P080,6006,2024-01-11,1,99.5,Online
7894,P057,6007,2024-09-22,2,102.8,Online
7895,P066,6008,2024-01-10,2,73.8,Online
7896,P065,6008,2024-05-15,2,149.6,Online
7897,P068,6008,2024-09-25,3,176.85,Online
7898,P061,6008,2025-02-03,2,139.9,Online
7899,P001,6008,2025-06-24,2,131.12,Store
7900,P036,6008,2025-11-13,2,224.9,Store
7901,P039,6008,2026-03-22,1,156.75,Store
7902,P099,6008,2026-07-29,3,179.7,Store
7903,P077,6009,2024-12-23,1,189.5,Online
7904,P024,6009,2025-08-29,1,135.75,Store
7905,P037,6011,2024-12-30,2,279.6,Online
7906,P087,6011,2025-10-26,2,183.4,Online
7907,P018,6012,2023-12-28,1,131.93,Store
7908,P091,6012,2024-11-22,1,49.9,Store
7909,P034,6012,2025-10-04,1,43.67,Store
7910,P100,6012,2026-08-14,5,473.75,Online
7911,P025,6013,2024-04-12,4,399.96,Online
7912,P043,6013,2024-11-25,2,216.8,Online
7913,P024,6013,2025-09-02,3,407.25,Online
7914,P010,6013,2026-05-12,1,89.99,Online
7915,P027,6014,2024-11-25,1,105.3,Online
7916,P006,6014,2025-07-02,2,156.9,Store
7917,P064,6016,2023-09-05,1,98.75,Online
7918,P003,6016,2024-11-21,2,227.64,Online
7919,P089,6016,2026-02-11,2,439.8,Online
7920,P043,6017,2025-10-08,3,325.2,Store
7921,P098,6018,2024-01-09,1,63.45,Online
7922,P015,6021,2024-02-26,1,91.25,Store
7923,P040,6022,2024-01-12,1,82.3,Online
7924,P090,6022,2024-10-19,1,179.5,Store
7925,P034,6022,2025-09-13,1,43.67,Store
7926,P092,6022,2026-07-17,1,68.75,Store
7927,P018,6024,2023-11-13,4,527.72,Online
7928,P029,6025,2024-05-26,1,76.4,Online
7929,P074,6025,2025-02-25,1,67.75,Online
7930,P099,6026,2024-07-06,2,119.8,Online
7931,P040,6026,2024-12-05,3,246.9,Online
7932,P046,6026,2025-05-01,1,39.76,Online
7933,P049,6026,2025-10-07,2,146.62,Online
7934,P053,6026,2026-03-07,2,119.6,Store
7935,P056,6026,2026-07-31,2,185.5,Store
7936,P086,6027,2024-07-14,1,88.95,Online
7937,P009,6027,2026-03-20,1,72.4,Online
7938,P032,6028,2025-07-07,1,145.94,Online
7939,P081,6028,2026-04-24,1,42.8,Store
7940,P038,6029,2025-03-15,1,94.6,Store
7941,P087,6029,2025-11-03,2,183.4,Store
7942,P021,6029,2026-06-15,5,437.25,Online
7943,P061,6030,2024-10-02,1,69.95,Online
7944,P065,6030,2026-04-07,1,74.8,Online
7945,P067,6033,2024-10-11,4,130.0,Store
7946,P014,6033,2025-07-02,3,373.5,Online
7947,P070,6033,2026-04-20,1,115.6,Online
7948,P073,6034,2024-11-18,1,89.5,Store
7949,P066,6034,2026-03-06,1,36.9,Online
7950,P018,6035,2024-04-24,2,263.86,Online
7951,P080,6035,2025-02-06,1,99.5,Store
7952,P098,6035,2025-11-28,1,63.45,Online
7953,P025,6036,2024-02-16,4,399.96,Online
7954,P084,6036,2025-06-18,4,679.2,Online
7955,P077,6037,2024-06-14,1,189.5,Store
7956,P035,6037,2025-04-08,1,39.55,Online
7957,P079,6037,2026-02-21,4,319.6,Store
7958,P053,6040,2024-10-12,2,119.6,Online
7959,P096,6041,2024-06-13,1,38.9,Store
7960,P049,6041,2025-08-01,2,146.62,Online
7961,P083,6041,2026-08-11,1,145.9,Store
7962,P052,6042,2024-03-01,1,68.45,Store
7963,P034,6042,2024-11-20,5,218.35,Store
7964,P063,6042,2025-08-19,1,44.5,Online
7965,P033,6042,2026-05-11,2,254.76,Online
7966,P093,6043,2023-11-02,4,319.8,Online
7967,P062,6043,2024-03-10,1,39.9,Online
7968,P041,6043,2024-08-08,2,237.8,Store
7969,P017,6043,2024-12-29,1,22.84,Store
7970,P031,6043,2025-06-01,2,35.56,Online
7971,P058,6043,2025-10-24,4,419.6,Store
7972,P087,6043,2026-03-19,1,91.7,Online
7973,P021,6043,2026-08-03,1,87.45,Store
7974,P081,6044,2023-07-14,3,128.4,Store
7975,P078,6044,2023-12-09,1,134.75,Online
7976,P065,6044,2024-04-27,1,74.8,Online
7977,P033,6044,2024-09-14,5,636.9,Online
7978,P056,6044,2025-01-28,4,371.0,Online
7979,P043,6044,2025-06-16,1,108.4,Store
7980,P064,6044,2025-11-13,3,296.25,Online
7981,P005,6044,2026-03-30,1,36.06,Online
7982,P019,6044,2026-08-22,2,192.3,Store
7983,P094,6045,2023-04-29,1,54.8,Online
7984,P042,6046,2024-11-07,5,367.75,Online
7985,P032,6046,2025-07-27,1,145.94,Store
7986,P031,6047,2024-02-24,2,35.56,Online
7987,P093,6047,2025-04-05,1,79.95,Online
7988,P006,6047,2026-05-26,2,156.9,Store
7989,P039,6048,2023-09-19,1,156.75,Online
7990,P095,6048,2024-04-28,3,136.5,Online
7991,P088,6048,2024-11-26,1,105.85,Store
7992,P030,6048,2025-06-25,1,31.9,Online
7993,P014,6048,2026-02-24,2,249.0,Online
7994,P042,6051,2023-12-17,1,73.55,Online
7995,P087,6052,2026-03-04,1,91.7,Store
7996,P081,6054,2023-07-24,1,42.8,Store
7997,P097,6054,2025-02-13,1,72.6,Online
7998,P047,6054,2026-08-04,5,280.35,Online
7999,P007,6056,2023-08-03,3,158.7,Store
8000,P068,6057,2024-06-21,1,58.95,Store
8001,P011,6057,2025-05-06,2,122.7,Online
8002,P099,6057,2026-02-24,2,119.8,Online
8003,P028,6058,2023-07-30,1,128.65,Online
8004,P077,6058,2024-05-11,4,758.0,Store
8005,P018,6058,2025-01-19,2,263.86,Store
8006,P015,6058,2025-09-27,4,365.0,Online
8007,P008,6058,2026-05-26,3,146.25,Online
8008,P019,6059,2023-11-12,1,96.15,Store
8009,P062,6059,2024-06-03,1,39.9,Online
8010,P037,6062,2025-01-24,1,139.8,Online
8011,P050,6062,2025-07-01,1,54.32,Online
8012,P095,6062,2025-12-18,4,182.0,Online
8013,P044,6062,2026-05-26,5,749.95,Online
8014,P065,6063,2024-08-25,2,149.6,Store
8015,P068,6063,2025-12-20,1,58.95,Online
8016,P020,6064,2024-06-29,1,110.59,Online
8017,P024,6064,2025-02-21,1,135.75,Online
8018,P076,6064,2025-10-30,2,319.8,Online
8019,P008,6064,2026-06-18,3,146.25,Online
8020,P026,6065,2024-02-09,1,64.8,Online
8021,P072,6065,2024-07-22,2,144.7,Store
8022,P053,6065,2024-12-30,1,59.8,Store
8023,P015,6065,2025-06-12,1,91.25,Store
8024,P034,6065,2025-12-04,1,43.67,Online
8025,P041,6065,2026-05-29,2,237.8,Online
8026,P094,6067,2024-08-25,3,164.4,Online
8027,P098,6069,2025-01-05,1,63.45,Online
8028,P029,6069,2025-09-09,4,305.6,Online
8029,P093,6070,2024-06-20,3,239.85,Online
8030,P024,6070,2024-11-06,2,271.5,Online
8031,P041,6070,2025-03-27,1,118.9,Store
8032,P001,6070,2025-08-13,1,65.56,Online
8033,P051,6070,2025-12-23,1,129.9,Store
8034,P057,6070,2026-04-29,2,102.8,Store
8035,P030,6071,2023-12-18,1,31.9,Online
8036,P020,6071,2025-04-14,2,221.18,Online
8037,P062,6071,2026-08-12,2,79.8,Online
8038,P055,6072,2024-11-18,1,45.6,Online
8039,P008,6072,2025-04-19,1,48.75,Online
8040,P067,6072,2025-10-24,1,32.5,Online
8041,P078,6072,2026-04-29,2,269.5,Online
8042,P022,6073,2025-06-02,2,239.8,Online
8043,P010,6073,2026-02-12,3,269.97,Online
8044,P065,6074,2023-09-16,1,74.8,Store
8045,P043,6074,2024-06-25,1,108.4,Store
8046,P085,6074,2025-04-15,1,74.5,Online
8047,P061,6074,2026-01-14,1,69.95,Store
8048,P022,6075,2023-10-05,2,239.8,Store
8049,P039,6078,2023-08-10,1,156.75,Online
8050,P041,6080,2023-06-13,1,118.9,Online
8051,P092,6080,2024-01-09,2,137.5,Online
8052,P078,6081,2024-09-21,1,134.75,Online
8053,P047,6082,2024-03-03,1,56.07,Online
8054,P014,6082,2025-05-24,1,124.5,Online
8055,P016,6083,2025-05-16,2,72.12,Store
8056,P069,6083,2026-04-07,2,162.4,Online
8057,P057,6084,2023-12-06,2,102.8,Store
8058,P020,6084,2024-09-25,3,331.77,Online
8059,P072,6084,2025-06-26,3,217.05,Store
8060,P080,6084,2026-04-17,1,99.5,Online
8061,P066,6085,2023-11-01,1,36.9,Online
8062,P040,6085,2024-11-13,1,82.3,Online
8063,P094,6085,2026-01-04,5,274.0,Store
8064,P019,6087,2024-01-27,2,192.3,Online
8065,P027,6087,2024-07-07,1,105.3,Online
8066,P062,6087,2024-12-13,3,119.7,Online
8067,P029,6087,2025-05-15,3,229.2,Store
8068,P079,6087,2025-10-19,1,79.9,Online
8069,P065,6087,2026-04-08,2,149.6,Online
8070,P033,6088,2023-05-03,2,254.76,Online
8071,P014,6088,2024-10-04,1,124.5,Online
8072,P076,6088,2026-03-16,1,159.9,Online
8073,P015,6089,2023-07-29,2,182.5,Online
8074,P008,6090,2023-06-19,3,146.25,Store
8075,P005,6090,2024-02-07,2,72.12,Store
8076,P057,6090,2024-09-14,3,154.2,Store
8077,P007,6090,2025-05-04,2,105.8,Online
8078,P095,6090,2026-01-08,2,91.0,Online
8079,P015,6090,2026-08-30,1,91.25,Store
8080,P076,6091,2025-01-05,1,159.9,Online
8081,P086,6091,2026-03-30,1,88.95,Store
8082,P082,6093,2025-03-16,2,71.2,Online
8083,P018,6093,2026-03-28,2,263.86,Online
8084,P034,6094,2023-10-22,2,87.34,Online
8085,P039,6094,2025-03-19,3,470.25,Store
8086,P095,6094,2026-07-13,1,45.5,Online
8087,P058,6095,2024-02-14,3,314.7,Store
8088,P056,6096,2023-11-09,3,278.25,Online
8089,P057,6097,2024-08-27,1,51.4,Store
8090,P012,6097,2026-05-23,1,42.8,Store
8091,P034,6098,2024-04-09,1,43.67,Online
8092,P066,6098,2024-09-24,1,36.9,Store
8093,P024,6098,2025-03-17,4,543.0,Store
8094,P063,6098,2025-09-04,1,44.5,Online
8095,P019,6098,2026-02-14,1,96.15,Store
8096,P006,6098,2026-08-01,3,235.35,Store
8097,P098,6100,2023-10-08,1,63.45,Store
8098,P032,6102,2023-12-26,4,583.76,Online
8099,P054,6102,2024-05-05,2,154.5,Online
8100,P057,6102,2024-09-02,1,51.4,Online
8101,P005,6102,2025-01-01,5,180.3,Online
8102,P070,6102,2025-05-04,2,231.2,Online
8103,P020,6102,2025-09-02,4,442.36,Online
8104,P018,6102,2025-12-27,1,131.93,Store
8105,P089,6102,2026-05-04,1,219.9,Online
8106,P017,6104,2023-08-01,2,45.68,Online
8107,P026,6105,2024-07-21,4,259.2,Store
8108,P089,6105,2025-04-09,1,219.9,Online
8109,P092,6105,2025-12-14,3,206.25,Store
8110,P093,6106,2023-08-09,1,79.95,Online
8111,P043,6106,2025-04-02,1,108.4,Store
8112,P007,6107,2024-09-18,3,158.7,Online
8113,P097,6107,2025-03-16,1,72.6,Online
8114,P012,6108,2024-09-22,3,128.4,Online
8115,P044,6108,2025-01-16,1,149.99,Online
8116,P020,6108,2025-05-19,1,110.59,Store
8117,P060,6108,2025-09-21,5,239.5,Online
8118,P020,6108,2026-01-23,2,221.18,Online
8119,P020,6108,2026-06-05,3,331.77,Online
8120,P085,6109,2023-11-07,2,149.0,Online
8121,P097,6110,2024-02-20,4,290.4,Store
8122,P004,6110,2024-08-24,3,287.46,Online
8123,P023,6111,2023-12-15,1,25.5,Online
8124,P035,6112,2025-09-10,2,79.1,Online
8125,P058,6113,2024-08-01,3,314.7,Online
8126,P034,6114,2024-02-22,4,174.68,Store
8127,P026,6114,2025-05-24,2,129.6,Online
8128,P036,6114,2026-08-15,2,224.9,Online
8129,P048,6115,2024-07-20,2,171.68,Online
8130,P056,6115,2025-08-01,3,278.25,Online
8131,P090,6117,2023-04-04,3,538.5,Online
8132,P071,6117,2023-12-12,1,64.9,Online
8133,P023,6117,2024-08-23,1,25.5,Online
8134,P061,6117,2025-06-24,2,139.9,Online
8135,P038,6117,2026-03-25,3,283.8,Online
8136,P030,6118,2024-10-14,2,63.8,Online
8137,P021,6118,2025-07-18,2,174.9,Store
8138,P091,6118,2026-05-06,1,49.9,Online
8139,P051,6120,2024-02-18,1,129.9,Store
8140,P064,6120,2024-06-22,2,197.5,Store
8141,P058,6120,2024-11-13,1,104.9,Online
8142,P060,6120,2025-03-24,2,95.8,Store
8143,P063,6120,2025-07-27,2,89.0,Online
8144,P022,6120,2025-12-11,1,119.9,Online
8145,P082,6120,2026-05-03,1,35.6,Online
8146,P045,6121,2023-06-05,1,67.85,Store
8147,P016,6122,2024-08-18,2,72.12,Online
8148,P090,6124,2024-01-08,1,179.5,Online
8149,P044,6124,2024-09-20,1,149.99,Store
8150,P053,6125,2024-03-25,5,299.0,Online
8151,P010,6126,2024-02-29,1,89.99,Online
8152,P082,6127,2024-03-22,1,35.6,Online
8153,P060,6130,2023-10-29,2,95.8,Store
8154,P018,6132,2023-10-26,4,527.72,Store
8155,P085,6133,2023-05-09,3,223.5,Store
8156,P087,6134,2024-01-17,1,91.7,Online
8157,P090,6134,2025-10-05,5,897.5,Online
8158,P015,6135,2024-05-30,1,91.25,Online
8159,P083,6135,2025-10-24,1,145.9,Online
8160,P025,6137,2024-06-01,3,299.97,Online
8161,P021,6137,2025-08-19,2,174.9,Online
8162,P082,6140,2024-08-04,1,35.6,Online
8163,P027,6140,2025-04-14,3,315.9,Store
8164,P054,6140,2025-12-08,1,77.25,Online
8165,P059,6140,2026-06-25,2,69.5,Store
8166,P029,6142,2024-10-31,1,76.4,Store
8167,P085,6142,2026-04-21,4,298.0,Online
8168,P092,6143,2024-06-03,4,275.0,Store
8169,P076,6143,2025-02-27,4,639.6,Online
8170,P057,6144,2024-10-01,1,51.4,Online
8171,P064,6144,2025-04-30,3,296.25,Online
8172,P099,6144,2026-01-10,3,179.7,Online
8173,P017,6144,2026-08-05,1,22.84,Store
8174,P029,6145,2024-10-02,1,76.4,Online
8175,P092,6146,2024-11-25,2,137.5,Online
8176,P026,6147,2023-05-22,3,194.4,Online
8177,P017,6148,2024-01-05,5,114.2,Online
8178,P031,6148,2024-09-06,2,35.56,Online
8179,P071,6148,2025-05-24,2,129.8,Online
8180,P007,6148,2026-03-26,1,52.9,Store
8181,P025,6149,2024-11-17,1,99.99,Store
8182,P093,6149,2025-07-09,2,159.9,Online
8183,P092,6149,2026-03-19,1,68.75,Store
8184,P057,6150,2025-03-12,2,102.8,Store
8185,P006,6150,2025-11-27,2,156.9,Online
8186,P031,6150,2026-08-25,1,17.78,Online
8187,P006,6151,2023-07-29,1,78.45,Online
8188,P081,6151,2023-12-11,2,85.6,Store
8189,P026,6151,2024-05-05,1,64.8,Store
8190,P062,6151,2024-09-27,4,159.6,Online
8191,P062,6151,2025-02-13,2,79.8,Online
8192,P084,6151,2025-06-29,2,339.6,Store
8193,P061,6151,2025-11-30,1,69.95,Online
8194,P077,6151,2026-04-13,2,379.0,Online
8195,P043,6152,2024-03-20,2,216.8,Online
8196,P059,6152,2024-10-24,2,69.5,Online
8197,P007,6153,2024-07-11,2,105.8,Store
8198,P031,6153,2025-04-01,4,71.12,Store
8199,P063,6154,2024-10-23,2,89.0,Online
8200,P040,6155,2024-12-03,4,329.2,Online
8201,P010,6155,2026-03-30,1,89.99,Online
8202,P031,6156,2023-02-07,2,35.56,Online
8203,P099,6156,2023-06-06,2,119.8,Online
8204,P024,6156,2023-10-16,1,135.75,Online
8205,P099,6156,2024-02-14,2,119.8,Online
8206,P013,6156,2024-06-18,2,167.2,Online
8207,P057,6156,2024-10-26,1,51.4,Online
8208,P030,6156,2025-02-21,2,63.8,Online
8209,P073,6156,2025-06-17,1,89.5,Store
8210,P089,6156,2025-10-20,2,439.8,Online
8211,P060,6156,2026-02-27,1,47.9,Store
8212,P041,6156,2026-07-10,2,237.8,Online
8213,P068,6157,2024-10-19,2,117.9,Online
8214,P084,6157,2025-06-26,3,509.4,Online
8215,P100,6158,2023-09-21,2,189.5,Online
8216,P017,6158,2024-05-05,1,22.84,Online
8217,P049,6159,2025-04-20,1,73.31,Online
8218,P051,6160,2023-01-19,1,129.9,Store
8219,P029,6160,2024-07-20,3,229.2,Store
8220,P065,6160,2026-02-10,1,74.8,Online
8221,P054,6161,2025-01-06,2,154.5,Online
8222,P011,6161,2026-04-09,3,184.05,Store
8223,P096,6162,2024-07-25,1,38.9,Online
8224,P045,6162,2025-01-24,4,271.4,Online
8225,P003,6163,2024-01-21,1,113.82,Online
8226,P091,6163,2025-06-11,2,99.8,Store
8227,P005,6164,2024-03-22,1,36.06,Online
8228,P062,6164,2025-06-14,1,39.9,Online
8229,P094,6166,2023-03-09,3,164.4,Store
8230,P009,6167,2024-05-07,1,72.4,Online
8231,P070,6167,2024-11-28,2,231.2,Online
8232,P076,6168,2024-03-26,2,319.8,Online
8233,P013,6170,2023-12-09,4,334.4,Store
8234,P037,6170,2025-04-16,5,699.0,Online
8235,P022,6171,2024-05-20,1,119.9,Online
8236,P002,6171,2024-10-19,5,716.75,Store
8237,P023,6171,2025-03-11,1,25.5,Store
8238,P012,6171,2025-08-02,1,42.8,Online
8239,P002,6171,2026-01-01,2,286.7,Online
8240,P006,6171,2026-06-02,2,156.9,Online
8241,P088,6172,2024-10-13,1,105.85,Store
8242,P053,6172,2025-05-08,1,59.8,Online
8243,P091,6173,2023-10-03,1,49.9,Store
8244,P100,6173,2025-06-05,2,189.5,Online
8245,P063,6174,2023-06-18,3,133.5,Store
8246,P074,6174,2024-02-14,1,67.75,Online
8247,P047,6175,2023-07-31,1,56.07,Store
8248,P065,6175,2024-06-07,2,149.6,Online
8249,P071,6175,2025-03-13,1,64.9,Online
8250,P053,6175,2026-01-01,2,119.6,Online
8251,P093,6177,2025-01-05,2,159.9,Store
8252,P044,6177,2025-07-20,4,599.96,Store
8253,P091,6178,2024-11-10,1,49.9,Online
8254,P008,6178,2026-04-08,3,146.25,Online
8255,P074,6179,2024-08-20,3,203.25,Online
8256,P058,6180,2023-07-18,2,209.8,Online
8257,P008,6181,2023-04-09,2,97.5,Online
8258,P029,6181,2023-12-24,3,229.2,Store
8259,P022,6182,2024-08-30,2,239.8,Store
8260,P041,6182,2025-01-21,2,237.8,Online
8261,P044,6182,2025-06-12,2,299.98,Online
8262,P005,6182,2025-11-18,2,72.12,Online
8263,P002,6182,2026-04-27,1,143.35,Store
8264,P029,6183,2023-05-11,1,76.4,Online
8265,P019,6183,2024-02-01,3,288.45,Online
8266,P086,6184,2024-01-22,4,355.8,Online
8267,P057,6184,2025-05-27,1,51.4,Online
8268,P052,6186,2023-05-10,2,136.9,Online
8269,P064,6187,2024-03-23,5,493.75,Store
8270,P078,6190,2024-02-29,1,134.75,Online
8271,P034,6190,2024-07-19,3,131.01,Online
8272,P023,6190,2024-12-16,2,51.0,Store
8273,P015,6190,2025-05-19,1,91.25,Online
8274,P012,6190,2025-10-09,2,85.6,Online
8275,P032,6190,2026-03-09,2,291.88,Store
8276,P026,6190,2026-07-20,2,129.6,Store
8277,P033,6191,2023-01-24,4,509.52,Online
8278,P073,6194,2024-01-25,4,358.0,Store
8279,P004,6194,2024-10-19,1,95.82,Online
8280,P099,6194,2025-06-03,2,119.8,Store
8281,P056,6194,2026-01-23,2,185.5,Online
8282,P029,6195,2024-11-11,1,76.4,Store
8283,P085,6195,2026-02-10,2,149.0,Store
8284,P097,6196,2024-09-08,2,145.2,Online
8285,P040,6196,2025-06-20,2,164.6,Store
8286,P075,6196,2026-06-08,4,409.6,Online
8287,P015,6198,2023-12-26,1,91.25,Online
8288,P043,6199,2024-07-16,1,108.4,Online
8289,P056,6199,2025-12-18,2,185.5,Online
8290,P039,6200,2024-01-06,2,313.5,Online
8291,P097,6200,2025-06-08,2,145.2,Store
8292,P016,6201,2024-10-09,3,108.18,Online
8293,P032,6201,2025-07-01,2,291.88,Online
8294,P027,6201,2026-02-27,1,105.3,Online
8295,P017,6203,2023-12-10,2,45.68,Online
8296,P086,6203,2025-01-08,3,266.85,Online
8297,P063,6203,2026-02-08,2,89.0,Online
8298,P047,6204,2025-02-13,1,56.07,Store
8299,P054,6204,2026-07-24,1,77.25,Online
8300,P075,6206,2024-02-19,2,204.8,Online
8301,P061,6206,2024-11-16,1,69.95,Online
8302,P051,6207,2023-05-10,2,259.8,Store
8303,P064,6207,2024-06-19,3,296.25,Store
8304,P040,6207,2025-09-04,3,246.9,Online
8305,P058,6208,2023-11-26,2,209.8,Online
8306,P085,6208,2025-06-10,1,74.5,Online
8307,P034,6209,2023-10-15,4,174.68,Online
8308,P003,6209,2024-02-09,2,227.64,Online
8309,P025,6209,2024-06-09,2,199.98,Online
8310,P010,6209,2024-10-09,1,89.99,Store
8311,P035,6209,2025-02-18,3,118.65,Online
8312,P037,6209,2025-06-19,1,139.8,Online
8313,P009,6209,2025-10-24,2,144.8,Online
8314,P017,6209,2026-02-19,2,45.68,Online
8315,P099,6209,2026-07-03,2,119.8,Store
8316,P046,6210,2023-11-23,3,119.28,Store
8317,P009,6210,2025-07-08,2,144.8,Online
8318,P029,6211,2025-02-11,2,152.8,Store
8319,P058,6211,2025-10-02,1,104.9,Online
8320,P100,6211,2026-06-05,3,284.25,Online
8321,P100,6212,2024-12-11,2,189.5,Store
8322,P062,6212,2026-07-02,5,199.5,Online
8323,P070,6213,2023-04-22,1,115.6,Online
8324,P077,6213,2024-03-26,3,568.5,Online
8325,P074,6213,2025-01-13,1,67.75,Online
8326,P008,6213,2025-11-26,3,146.25,Online
8327,P091,6214,2023-12-28,1,49.9,Online
8328,P083,6215,2023-05-26,2,291.8,Online
8329,P019,6215,2023-12-22,4,384.6,Online
8330,P094,6217,2024-11-18,2,109.6,Store
8331,P009,6217,2026-05-08,1,72.4,Online
8332,P075,6219,2023-10-18,3,307.2,Store
8333,P038,6219,2024-02-18,1,94.6,Online
8334,P028,6219,2024-06-30,2,257.3,Store
8335,P071,6219,2024-10-18,3,194.7,Store
8336,P022,6219,2025-01-27,2,239.8,Online
8337,P049,6219,2025-05-28,1,73.31,Store
8338,P017,6219,2025-09-22,4,91.36,Online
8339,P091,6219,2026-01-22,2,99.8,Online
8340,P022,6219,2026-05-28,2,239.8,Online
8341,P010,6220,2023-10-07,1,89.99,Online
8342,P032,6220,2024-05-27,2,291.88,Online
8343,P015,6221,2024-06-27,3,273.75,Online
8344,P046,6221,2025-05-14,1,39.76,Online
8345,P006,6221,2026-03-29,2,156.9,Online
8346,P071,6222,2023-03-20,4,259.6,Store
8347,P075,6223,2024-09-27,1,102.4,Online
8348,P098,6224,2023-03-04,1,63.45,Store
8349,P014,6225,2024-08-17,2,249.0,Online
8350,P075,6227,2024-03-28,5,512.0,Store
8351,P071,6229,2023-06-04,3,194.7,Store
8352,P017,6229,2024-01-07,1,22.84,Store
8353,P074,6230,2025-01-08,3,203.25,Store
8354,P021,6230,2026-02-03,2,174.9,Store
8355,P035,6232,2024-03-23,5,197.75,Online
8356,P069,6234,2023-04-11,1,81.2,Store
8357,P006,6234,2023-11-24,2,156.9,Online
8358,P091,6235,2024-05-07,1,49.9,Online
8359,P030,6235,2025-06-18,3,95.7,Store
8360,P075,6235,2026-07-15,2,204.8,Online
8361,P038,6237,2025-05-18,3,283.8,Online
8362,P073,6240,2023-08-20,3,268.5,Online
8363,P086,6240,2023-12-20,1,88.95,Store
8364,P081,6240,2024-04-18,1,42.8,Online
8365,P089,6240,2024-08-15,3,659.7,Store
8366,P031,6240,2024-12-19,3,53.34,Store
8367,P001,6240,2025-04-25,2,131.12,Store
8368,P077,6240,2025-09-06,2,379.0,Online
8369,P047,6240,2025-12-21,1,56.07,Store
8370,P055,6240,2026-04-15,1,45.6,Online
8371,P049,6240,2026-08-12,3,219.93,Online
8372,P058,6241,2024-11-03,1,104.9,Online
8373,P073,6242,2023-09-04,1,89.5,Online
8374,P022,6243,2024-05-25,1,119.9,Online
8375,P041,6244,2025-02-12,3,356.7,Online
8376,P031,6244,2026-08-18,1,17.78,Online
8377,P080,6247,2023-06-21,2,199.0,Online
8378,P024,6247,2024-12-26,2,271.5,Online
8379,P074,6247,2026-07-29,3,203.25,Online
8380,P079,6248,2023-03-26,1,79.9,Online
8381,P014,6248,2023-12-14,2,249.0,Online
8382,P003,6250,2024-08-31,3,341.46,Online
8383,P090,6250,2025-10-29,2,359.0,Online
8384,P023,6251,2024-05-15,2,51.0,Online
8385,P025,6251,2024-10-10,2,199.98,Store
8386,P047,6251,2025-03-01,2,112.14,Store
8387,P091,6251,2025-07-28,1,49.9,Online
8388,P023,6251,2025-12-17,5,127.5,Online
8389,P068,6251,2026-05-21,1,58.95,Online
8390,P096,6252,2024-02-19,2,77.8,Online
8391,P002,6253,2024-04-17,2,286.7,Store
8392,P073,6253,2025-07-18,2,179.0,Online
8393,P011,6254,2023-07-01,1,61.35,Online
8394,P045,6254,2024-08-21,3,203.55,Online
8395,P003,6254,2025-10-06,3,341.46,Store
8396,P062,6255,2024-08-16,2,79.8,Online
8397,P028,6255,2025-12-30,3,385.95,Online
8398,P036,6256,2023-07-19,1,112.45,Store
8399,P009,6256,2024-01-06,1,72.4,Online
8400,P003,6256,2024-07-19,1,113.82,Online
8401,P055,6256,2025-01-18,2,91.2,Online
8402,P035,6256,2025-07-21,3,118.65,Store
8403,P038,6256,2026-01-15,2,189.2,Online
8404,P069,6256,2026-07-08,2,162.4,Online
8405,P007,6258,2024-01-10,1,52.9,Store
8406,P082,6258,2024-10-03,2,71.2,Store
8407,P055,6258,2025-07-18,3,136.8,Online
8408,P081,6258,2026-04-25,1,42.8,Online
8409,P097,6260,2024-01-10,2,145.2,Store
8410,P044,6260,2025-07-14,1,149.99,Online
8411,P076,6263,2024-06-16,1,159.9,Online
8412,P093,6263,2024-10-04,1,79.95,Online
8413,P013,6263,2025-02-07,1,83.6,Store
8414,P001,6263,2025-06-09,2,131.12,Store
8415,P053,6263,2025-10-13,1,59.8,Online
8416,P017,6263,2026-02-14,3,68.52,Store
8417,P013,6263,2026-06-22,1,83.6,Store
8418,P011,6265,2023-11-09,1,61.35,Online
8419,P049,6265,2024-05-15,2,146.62,Online
8420,P042,6267,2024-02-16,2,147.1,Store
8421,P010,6267,2024-11-07,2,179.98,Online
8422,P064,6268,2024-12-23,2,197.5,Online
8423,P064,6268,2025-09-19,1,98.75,Store
8424,P014,6269,2024-02-11,1,124.5,Online
8425,P036,6269,2024-11-04,1,112.45,Store
8426,P097,6269,2025-08-14,1,72.6,Online
8427,P065,6269,2026-04-12,2,149.6,Store
8428,P082,6270,2023-12-22,1,35.6,Online
8429,P069,6270,2024-09-13,3,243.6,Store
8430,P010,6270,2025-05-12,1,89.99,Store
8431,P033,6270,2026-02-13,1,127.38,Store
8432,P039,6272,2024-05-03,3,470.25,Store
8433,P093,6272,2025-01-12,1,79.95,Online
8434,P078,6272,2025-09-29,2,269.5,Store
8435,P049,6272,2026-05-05,2,146.62,Online
8436,P045,6273,2024-11-29,4,271.4,Online
8437,P023,6273,2025-08-30,2,51.0,Online
8438,P032,6273,2026-05-21,2,291.88,Online
8439,P028,6274,2024-03-23,1,128.65,Store
8440,P018,6275,2024-02-05,1,131.93,Store
8441,P098,6275,2024-09-07,2,126.9,Online
8442,P041,6276,2024-07-25,3,356.7,Online
8443,P099,6277,2023-12-29,2,119.8,Store
8444,P065,6277,2024-09-22,1,74.8,Online
8445,P032,6277,2025-04-27,3,437.82,Online
8446,P006,6277,2025-12-26,5,392.25,Online
8447,P021,6277,2026-08-09,2,174.9,Online
8448,P069,6278,2024-10-16,2,162.4,Online
8449,P084,6278,2025-04-06,1,169.8,Online
8450,P015,6278,2025-10-09,1,91.25,Online
8451,P084,6278,2026-04-14,3,509.4,Online
8452,P014,6280,2023-12-12,2,249.0,Store
8453,P023,6280,2024-08-21,1,25.5,Online
8454,P085,6280,2025-03-26,2,149.0,Online
8455,P036,6280,2025-11-10,1,112.45,Store
8456,P024,6280,2026-06-24,2,271.5,Store
8457,P066,6282,2024-06-18,1,36.9,Online
8458,P023,6282,2025-01-25,1,25.5,Online
8459,P049,6282,2025-08-12,1,73.31,Online
8460,P089,6282,2026-02-22,2,439.8,Online
8461,P007,6283,2024-05-23,1,52.9,Online
8462,P058,6284,2023-02-18,2,209.8,Online
8463,P078,6285,2023-06-08,2,269.5,Store
8464,P052,6285,2024-11-23,1,68.45,Online
8465,P071,6285,2026-06-19,1,64.9,Store
8466,P007,6286,2023-03-22,4,211.6,Online
8467,P081,6286,2023-09-28,3,128.4,Online
8468,P081,6288,2024-05-15,1,42.8,Store
8469,P060,6288,2024-09-14,3,143.7,Online
8470,P021,6288,2025-01-21,2,174.9,Store
8471,P004,6288,2025-05-29,1,95.82,Online
8472,P088,6288,2025-09-20,2,211.7,Online
8473,P058,6288,2026-01-29,1,104.9,Online
8474,P031,6288,2026-06-08,3,53.34,Store
8475,P052,6290,2024-10-19,2,136.9,Store
8476,P084,6290,2025-08-03,1,169.8,Store
8477,P064,6290,2026-04-27,1,98.75,Online
8478,P021,6291,2024-01-27,3,262.35,Online
8479,P017,6292,2023-04-30,1,22.84,Online
8480,P030,6292,2024-11-07,2,63.8,Online
8481,P081,6292,2026-02-27,4,171.2,Online
8482,P025,6293,2023-06-03,1,99.99,Online
8483,P029,6293,2024-09-23,2,152.8,Online
8484,P058,6293,2026-03-16,2,209.8,Online
8485,P083,6294,2024-11-07,1,145.9,Store
8486,P091,6294,2025-03-07,3,149.7,Online
8487,P071,6294,2025-07-07,1,64.9,Online
8488,P061,6294,2025-11-16,1,69.95,Online
8489,P046,6294,2026-03-16,3,119.28,Online
8490,P009,6294,2026-07-25,2,144.8,Online
8491,P035,6295,2024-02-26,2,79.1,Online
8492,P082,6296,2023-08-31,1,35.6,Online
8493,P055,6299,2025-04-30,2,91.2,Online
8494,P095,6301,2025-07-09,1,45.5,Online
8495,P027,6301,2026-05-18,1,105.3,Online
8496,P079,6302,2024-02-05,3,239.7,Online
8497,P048,6302,2024-08-02,2,171.68,Store
8498,P058,6302,2025-01-22,4,419.6,Online
8499,P073,6302,2025-07-10,2,179.0,Store
8500,P073,6302,2026-01-14,1,89.5,Online
8501,P008,6302,2026-07-24,3,146.25,Online
8502,P038,6303,2024-10-24,1,94.6,Online
8503,P002,6304,2024-01-07,1,143.35,Store
8504,P088,6306,2023-05-16,1,105.85,Online
8505,P091,6308,2025-04-16,3,149.7,Online
8506,P006,6309,2024-02-22,1,78.45,Store
8507,P001,6309,2025-08-21,1,65.56,Store
8508,P026,6310,2023-07-01,1,64.8,Online
8509,P031,6311,2025-03-28,4,71.12,Store
8510,P051,6311,2026-01-08,3,389.7,Online
8511,P060,6312,2025-03-13,1,47.9,Online
8512,P052,6312,2026-08-11,1,68.45,Online
8513,P093,6316,2024-12-26,2,159.9,Online
8514,P067,6316,2025-08-18,1,32.5,Online
8515,P063,6316,2026-05-05,2,89.0,Online
8516,P026,6317,2024-04-18,2,129.6,Online
8517,P059,6317,2025-01-06,1,34.75,Online
8518,P004,6318,2023-08-31,5,479.1,Online
8519,P006,6319,2025-02-22,2,156.9,Online
8520,P096,6319,2025-08-24,1,38.9,Online
8521,P040,6319,2026-02-14,2,164.6,Store
8522,P044,6319,2026-08-12,5,749.95,Online
8523,P075,6320,2024-06-16,4,409.6,Store
8524,P069,6320,2025-01-01,1,81.2,Store
8525,P012,6321,2023-10-23,4,171.2,Online
8526,P077,6321,2025-02-17,4,758.0,Store
8527,P078,6321,2026-04-07,2,269.5,Online
8528,P087,6322,2024-10-06,1,91.7,Online
8529,P064,6323,2023-07-29,1,98.75,Online
8530,P083,6324,2024-05-03,2,291.8,Online
8531,P008,6324,2024-09-07,4,195.0,Online
8532,P089,6324,2025-01-16,2,439.8,Online
8533,P035,6324,2025-06-06,2,79.1,Online
8534,P046,6324,2025-10-21,2,79.52,Store
8535,P077,6324,2026-02-19,2,379.0,Store
8536,P075,6324,2026-07-09,1,102.4,Online
8537,P004,6325,2024-08-03,4,383.28,Online
8538,P060,6325,2025-11-24,1,47.9,Store
8539,P059,6326,2023-06-03,3,104.25,Online
8540,P049,6327,2023-12-15,3,219.93,Online
8541,P031,6327,2024-09-25,1,17.78,Online
8542,P066,6327,2025-08-17,2,73.8,Store
8543,P017,6327,2026-06-26,1,22.84,Online
8544,P097,6328,2023-07-04,2,145.2,Store
8545,P018,6329,2023-09-11,1,131.93,Online
8546,P077,6330,2023-07-01,2,379.0,Online
8547,P054,6330,2023-11-05,1,77.25,Online
8548,P024,6330,2024-03-17,2,271.5,Store
8549,P069,6330,2024-07-07,1,81.2,Online
8550,P074,6330,2024-11-23,2,135.5,Store
8551,P052,6330,2025-03-13,1,68.45,Online
8552,P036,6330,2025-07-20,1,112.45,Online
8553,P046,6330,2025-11-14,2,79.52,Online
8554,P063,6330,2026-04-03,4,178.0,Store
8555,P026,6330,2026-08-11,2,129.6,Online
8556,P013,6331,2024-04-02,1,83.6,Store
8557,P042,6331,2024-08-06,1,73.55,Store
8558,P076,6331,2024-12-14,3,479.7,Store
8559,P074,6331,2025-04-26,1,67.75,Online
8560,P076,6331,2025-09-30,3,479.7,Online
8561,P074,6331,2026-02-02,1,67.75,Online
8562,P062,6331,2026-06-09,2,79.8,Store
8563,P098,6333,2024-03-22,1,63.45,Online
8564,P069,6333,2024-08-14,3,243.6,Online
8565,P085,6333,2025-01-10,1,74.5,Store
8566,P051,6333,2025-05-22,3,389.7,Online
8567,P072,6333,2025-09-28,1,72.35,Online
8568,P038,6333,2026-02-11,2,189.2,Online
8569,P018,6333,2026-07-07,5,659.65,Online
8570,P095,6334,2023-09-04,2,91.0,Online
8571,P049,6334,2024-04-05,3,219.93,Store
8572,P041,6335,2024-10-15,1,118.9,Online
8573,P040,6335,2026-02-10,1,82.3,Online
8574,P010,6336,2023-11-26,2,179.98,Online
8575,P084,6337,2025-09-30,1,169.8,Online
8576,P074,6339,2024-05-25,3,203.25,Online
8577,P021,6340,2024-10-27,2,174.9,Online
8578,P079,6341,2025-01-25,2,159.8,Online
8579,P081,6341,2025-07-19,2,85.6,Store
8580,P012,6342,2024-01-24,3,128.4,Online
8581,P088,6342,2024-06-24,1,105.85,Online
8582,P006,6342,2024-12-02,3,235.35,Online
8583,P077,6342,2025-05-03,1,189.5,Online
8584,P086,6342,2025-09-25,2,177.9,Store
8585,P012,6342,2026-02-26,1,42.8,Online
8586,P043,6342,2026-07-31,2,216.8,Online
8587,P095,6344,2024-05-08,3,136.5,Online
8588,P036,6344,2025-08-17,2,224.9,Store
8589,P057,6345,2024-01-08,2,102.8,Store
8590,P090,6345,2024-09-16,1,179.5,Store
8591,P005,6345,2025-06-16,1,36.06,Online
8592,P100,6345,2026-03-27,1,94.75,Store
8593,P069,6348,2024-09-09,3,243.6,Online
8594,P093,6348,2025-07-22,4,319.8,Online
8595,P050,6348,2026-05-19,1,54.32,Store
8596,P008,6350,2025-04-03,1,48.75,Store
8597,P049,6350,2025-09-23,2,146.62,Online
8598,P075,6350,2026-03-15,2,204.8,Online
8599,P012,6351,2023-07-15,3,128.4,Online
8600,P002,6351,2023-12-23,2,286.7,Store
8601,P001,6351,2024-05-30,2,131.12,Online
8602,P043,6351,2024-11-16,1,108.4,Online
8603,P081,6351,2025-04-24,1,42.8,Online
8604,P055,6351,2025-09-04,2,91.2,Store
8605,P029,6351,2026-02-04,1,76.4,Online
8606,P098,6351,2026-07-10,2,126.9,Online
8607,P028,6352,2023-07-20,2,257.3,Store
8608,P066,6352,2024-03-22,1,36.9,Online
8609,P054,6352,2024-11-07,3,231.75,Store
8610,P028,6352,2025-07-03,2,257.3,Online
8611,P004,6352,2026-03-05,2,191.64,Online
8612,P062,6353,2024-04-09,2,79.8,Online
8613,P097,6355,2025-01-26,1,72.6,Online
8614,P087,6355,2026-05-11,4,366.8,Online
8615,P088,6356,2023-05-02,2,211.7,Store
8616,P029,6356,2023-10-04,2,152.8,Online
8617,P087,6356,2024-03-11,2,183.4,Online
8618,P074,6356,2024-08-16,2,135.5,Online
8619,P079,6356,2025-01-16,2,159.8,Store
8620,P040,6356,2025-06-18,1,82.3,Online
8621,P053,6356,2025-11-14,2,119.6,Online
8622,P088,6356,2026-04-10,1,105.85,Online
8623,P100,6359,2023-02-18,1,94.75,Online
8624,P087,6360,2024-10-07,1,91.7,Online
8625,P093,6360,2026-06-15,1,79.95,Store
8626,P028,6361,2023-10-20,2,257.3,Online
8627,P098,6362,2025-10-11,2,126.9,Store
8628,P020,6364,2025-07-24,5,552.95,Online
8629,P004,6365,2025-04-24,2,191.64,Online
8630,P043,6365,2026-02-25,2,216.8,Store
8631,P077,6366,2024-11-11,4,758.0,Store
8632,P031,6366,2025-04-18,2,35.56,Store
8633,P062,6366,2025-10-18,2,79.8,Store
8634,P057,6366,2026-04-08,2,102.8,Store
8635,P087,6367,2023-07-15,1,91.7,Online
8636,P068,6368,2023-08-01,1,58.95,Online
8637,P061,6369,2023-11-10,2,139.9,Online
8638,P038,6369,2024-05-04,1,94.6,Online
8639,P097,6370,2023-10-13,1,72.6,Store
8640,P032,6370,2024-10-20,3,437.82,Store
8641,P073,6370,2025-10-31,4,358.0,Online
8642,P064,6371,2023-03-20,3,296.25,Store
8643,P061,6371,2023-12-15,3,209.85,Online
8644,P017,6371,2024-09-01,2,45.68,Store
8645,P032,6371,2025-06-07,1,145.94,Store
8646,P054,6371,2026-02-15,3,231.75,Online
8647,P072,6372,2024-02-08,1,72.35,Store
8648,P062,6372,2024-11-28,1,39.9,Online
8649,P082,6372,2025-09-25,2,71.2,Online
8650,P025,6372,2026-07-02,3,299.97,Store
8651,P024,6373,2024-04-07,1,135.75,Store
8652,P093,6373,2025-06-14,1,79.95,Online
8653,P027,6373,2026-08-18,3,315.9,Online
8654,P050,6374,2023-04-04,2,108.64,Online
8655,P100,6375,2023-08-01,1,94.75,Online
8656,P032,6375,2024-02-04,1,145.94,Online
8657,P035,6375,2024-08-07,1,39.55,Online
8658,P004,6375,2025-02-25,2,191.64,Store
8659,P080,6375,2025-08-20,2,199.0,Store
8660,P014,6375,2026-02-04,1,124.5,Store
8661,P002,6375,2026-08-07,5,716.75,Online
8662,P061,6377,2025-02-08,3,209.85,Online
8663,P097,6377,2026-07-07,3,217.8,Store
8664,P055,6378,2023-09-29,1,45.6,Store
8665,P010,6381,2023-09-29,1,89.99,Online
8666,P026,6381,2024-04-18,3,194.4,Online
8667,P062,6382,2023-09-11,1,39.9,Online
8668,P006,6382,2024-11-27,1,78.45,Online
8669,P078,6382,2026-02-15,1,134.75,Online
8670,P092,6384,2024-04-08,1,68.75,Online
8671,P019,6384,2024-12-12,1,96.15,Online
8672,P043,6386,2023-07-28,1,108.4,Store
8673,P067,6386,2024-03-08,1,32.5,Online
8674,P084,6387,2023-07-10,1,169.8,Online
8675,P077,6387,2024-09-10,1,189.5,Store
8676,P006,6387,2025-11-22,1,78.45,Store
8677,P001,6388,2023-11-15,3,196.68,Online
8678,P015,6388,2024-09-02,1,91.25,Online
8679,P043,6388,2025-06-29,1,108.4,Online
8680,P004,6388,2026-05-11,1,95.82,Online
8681,P025,6392,2023-03-08,1,99.99,Store
8682,P060,6393,2023-08-31,2,95.8,Online
8683,P011,6394,2023-10-01,2,122.7,Online
8684,P036,6394,2024-03-20,1,112.45,Online
8685,P068,6394,2024-09-01,2,117.9,Online
8686,P061,6394,2025-02-19,2,139.9,Online
8687,P046,6394,2025-07-18,4,159.04,Online
8688,P100,6394,2025-12-13,2,189.5,Online
8689,P081,6394,2026-05-20,1,42.8,Online
8690,P062,6395,2024-10-12,1,39.9,Online
8691,P054,6395,2025-07-08,2,154.5,Online
8692,P020,6395,2026-06-02,1,110.59,Online
8693,P076,6396,2024-08-02,1,159.9,Online
8694,P018,6396,2025-07-01,1,131.93,Online
8695,P084,6396,2026-04-10,1,169.8,Online
8696,P029,6398,2024-08-25,3,229.2,Online
8697,P080,6398,2025-07-15,2,199.0,Online
8698,P084,6398,2026-06-09,3,509.4,Online
8699,P063,6399,2024-11-01,1,44.5,Store
8700,P089,6399,2025-02-28,1,219.9,Online
8701,P061,6399,2025-07-10,1,69.95,Online
8702,P001,6399,2025-11-02,1,65.56,Online
8703,P002,6399,2026-02-28,1,143.35,Online
8704,P059,6399,2026-07-08,2,69.5,Store
8705,P041,6400,2023-03-19,1,118.9,Store
8706,P019,6400,2023-11-27,1,96.15,Online
8707,P082,6400,2024-06-23,2,71.2,Online
8708,P048,6400,2025-02-01,2,171.68,Online
8709,P017,6400,2025-09-02,2,45.68,Store
8710,P008,6400,2026-04-11,2,97.5,Store
8711,P094,6401,2023-04-25,1,54.8,Online
8712,P010,6402,2024-04-17,4,359.96,Online
8713,P090,6403,2023-05-09,2,359.0,Online
8714,P028,6404,2024-07-25,1,128.65,Online
8715,P046,6404,2026-02-10,1,39.76,Online
8716,P084,6405,2024-10-25,1,169.8,Online
8717,P030,6405,2025-04-14,1,31.9,Store
8718,P094,6406,2024-11-07,4,219.2,Online
8719,P093,6407,2023-02-11,2,159.9,Store
8720,P028,6410,2024-09-22,2,257.3,Online
8721,P083,6410,2025-08-07,3,437.7,Online
8722,P033,6410,2026-05-25,1,127.38,Online
8723,P047,6411,2023-07-21,4,224.28,Store
8724,P031,6411,2024-11-19,1,17.78,Online
8725,P089,6411,2026-04-28,2,439.8,Store
8726,P006,6412,2023-07-09,1,78.45,Online
8727,P035,6413,2024-08-19,3,118.65,Store
8728,P006,6413,2025-04-20,1,78.45,Store
8729,P007,6413,2025-12-22,4,211.6,Store
8730,P017,6414,2025-07-08,4,91.36,Online
8731,P080,6416,2024-09-05,1,99.5,Store
8732,P070,6416,2025-06-10,2,231.2,Online
8733,P061,6416,2026-02-27,1,69.95,Online
8734,P089,6417,2024-07-25,1,219.9,Store
8735,P042,6418,2024-06-08,1,73.55,Online
8736,P012,6418,2024-11-12,1,42.8,Store
8737,P030,6418,2025-04-06,1,31.9,Store
8738,P092,6418,2025-09-12,2,137.5,Online
8739,P022,6418,2026-02-28,1,119.9,Online
8740,P020,6418,2026-08-07,1,110.59,Store
8741,P071,6419,2025-03-11,1,64.9,Online
8742,P066,6419,2025-10-22,1,36.9,Store
8743,P016,6419,2026-05-19,2,72.12,Store
8744,P001,6420,2024-05-11,4,262.24,Store
8745,P090,6420,2024-10-21,2,359.0,Online
8746,P032,6420,2025-03-25,4,583.76,Online
8747,P013,6420,2025-09-05,2,167.2,Online
8748,P073,6420,2026-01-26,2,179.0,Online
8749,P019,6420,2026-07-02,2,192.3,Online
8750,P011,6421,2024-05-06,1,61.35,Store
8751,P046,6421,2025-02-19,3,119.28,Online
8752,P097,6422,2023-02-03,1,72.6,Online
8753,P002,6422,2023-08-08,2,286.7,Online
8754,P025,6422,2024-02-10,1,99.99,Online
8755,P059,6422,2024-08-17,1,34.75,Online
8756,P073,6422,2025-01-21,1,89.5,Store
8757,P078,6422,2025-07-10,1,134.75,Online
8758,P051,6422,2026-01-14,2,259.8,Online
8759,P092,6422,2026-07-07,1,68.75,Store
8760,P084,6424,2024-03-24,1,169.8,Store
8761,P099,6425,2023-08-30,2,119.8,Online
8762,P094,6425,2024-10-28,2,109.6,Online
8763,P043,6425,2026-01-28,3,325.2,Store
8764,P066,6426,2024-09-12,1,36.9,Online
8765,P083,6426,2025-06-11,3,437.7,Online
8766,P006,6426,2026-03-30,2,156.9,Online
8767,P066,6427,2025-11-12,3,110.7,Store
8768,P032,6428,2024-04-10,2,291.88,Online
8769,P090,6428,2025-01-06,1,179.5,Online
8770,P094,6428,2025-09-28,1,54.8,Online
8771,P038,6428,2026-05-29,3,283.8,Online
8772,P014,6429,2025-05-25,1,124.5,Online
8773,P096,6430,2025-08-18,2,77.8,Store
8774,P082,6431,2023-07-22,1,35.6,Store
8775,P068,6432,2023-10-06,1,58.95,Store
8776,P068,6432,2025-01-20,3,176.85,Online
8777,P071,6432,2026-03-26,1,64.9,Online
8778,P007,6433,2024-07-08,3,158.7,Store
8779,P066,6433,2025-10-30,2,73.8,Online
8780,P035,6434,2023-11-18,3,118.65,Online
8781,P045,6434,2025-06-07,1,67.85,Store
8782,P066,6437,2024-12-20,1,36.9,Store
8783,P041,6437,2026-06-09,4,475.6,Store
8784,P028,6443,2025-03-07,1,128.65,Store
8785,P009,6443,2026-01-15,4,289.6,Store
8786,P074,6444,2023-09-23,1,67.75,Online
8787,P066,6445,2024-08-31,1,36.9,Online
8788,P070,6445,2026-03-23,2,231.2,Store
8789,P025,6446,2024-02-08,1,99.99,Online
8790,P053,6447,2025-02-20,2,119.6,Online
8791,P081,6447,2026-08-09,3,128.4,Online
8792,P096,6450,2024-09-29,1,38.9,Online
8793,P076,6452,2023-07-30,1,159.9,Online
8794,P058,6452,2023-12-23,4,419.6,Online
8795,P095,6452,2024-04-24,1,45.5,Online
8796,P021,6452,2024-08-28,2,174.9,Online
8797,P019,6452,2024-12-30,1,96.15,Online
8798,P075,6452,2025-04-30,2,204.8,Online
8799,P039,6452,2025-08-27,2,313.5,Store
8800,P019,6452,2026-01-10,1,96.15,Online
8801,P055,6452,2026-05-29,2,91.2,Online
8802,P090,6453,2024-10-27,3,538.5,Online
8803,P089,6454,2025-06-10,1,219.9,Online
8804,P098,6458,2023-12-03,4,253.8,Store
8805,P037,6460,2024-07-19,1,139.8,Online
8806,P027,6460,2026-02-27,1,105.3,Store
8807,P088,6461,2023-04-20,1,105.85,Online
8808,P008,6461,2023-10-01,3,146.25,Online
8809,P062,6461,2024-03-01,1,39.9,Online
8810,P006,6461,2024-07-29,1,78.45,Online
8811,P031,6461,2024-12-18,2,35.56,Online
8812,P041,6461,2025-05-27,2,237.8,Store
8813,P048,6461,2025-10-28,3,257.52,Online
8814,P083,6461,2026-03-21,2,291.8,Store
8815,P069,6461,2026-08-14,1,81.2,Store
8816,P077,6462,2024-10-21,1,189.5,Online
8817,P038,6462,2026-02-18,2,189.2,Online
8818,P045,6463,2024-05-15,1,67.85,Online
8819,P010,6464,2025-01-04,3,269.97,Online
8820,P069,6464,2025-07-22,1,81.2,Store
8821,P004,6464,2026-01-16,2,191.64,Online
8822,P087,6464,2026-07-06,4,366.8,Online
8823,P078,6465,2024-11-22,1,134.75,Online
8824,P035,6465,2025-06-30,2,79.1,Online
8825,P100,6466,2023-09-12,1,94.75,Online
8826,P093,6466,2024-12-22,2,159.9,Store
8827,P098,6466,2026-04-08,3,190.35,Online
8828,P064,6468,2024-06-28,2,197.5,Online
8829,P031,6469,2024-04-16,4,71.12,Online
8830,P054,6469,2025-12-01,1,77.25,Online
8831,P042,6471,2024-07-11,4,294.2,Online
8832,P001,6471,2024-11-17,3,196.68,Online
8833,P054,6471,2025-04-02,3,231.75,Online
8834,P064,6471,2025-08-22,4,395.0,Store
8835,P016,6471,2026-01-21,3,108.18,Online
8836,P010,6471,2026-05-26,4,359.96,Store
8837,P076,6472,2024-06-27,1,159.9,Online
8838,P009,6472,2025-01-02,2,144.8,Store
8839,P002,6473,2025-03-28,2,286.7,Online
8840,P054,6473,2026-07-27,1,77.25,Online
8841,P078,6474,2024-08-31,5,673.75,Online
8842,P045,6474,2025-11-26,1,67.85,Store
8843,P001,6475,2023-08-10,1,65.56,Online
8844,P091,6475,2024-05-10,5,249.5,Online
8845,P015,6475,2025-03-01,1,91.25,Online
8846,P045,6475,2025-12-04,1,67.85,Store
8847,P012,6477,2024-07-04,1,42.8,Store
8848,P063,6477,2025-03-04,5,222.5,Online
8849,P089,6477,2025-10-11,1,219.9,Online
8850,P075,6477,2026-05-04,1,102.4,Online
8851,P031,6479,2024-05-28,1,17.78,Online
8852,P075,6481,2023-09-13,1,102.4,Online
8853,P063,6481,2024-01-30,1,44.5,Store
8854,P061,6481,2024-06-13,2,139.9,Online
8855,P068,6481,2024-11-04,2,117.9,Store
8856,P070,6481,2025-03-03,3,346.8,Online
8857,P096,6481,2025-07-12,1,38.9,Online
8858,P025,6481,2025-12-08,2,199.98,Online
8859,P071,6481,2026-04-13,1,64.9,Store
8860,P038,6481,2026-08-30,1,94.6,Online
8861,P061,6484,2024-08-12,2,139.9,Online
8862,P009,6484,2026-01-02,1,72.4,Store
8863,P041,6485,2024-04-07,5,594.5,Store
8864,P025,6485,2024-10-09,3,299.97,Store
8865,P098,6486,2023-11-22,2,126.9,Online
8866,P041,6486,2024-09-18,1,118.9,Online
8867,P057,6486,2025-08-05,1,51.4,Store
8868,P065,6486,2026-05-24,3,224.4,Store
8869,P031,6487,2025-03-09,2,35.56,Online
8870,P011,6487,2026-01-07,1,61.35,Online
8871,P059,6488,2024-09-16,4,139.0,Online
8872,P033,6488,2026-01-11,1,127.38,Online
8873,P011,6489,2024-01-15,2,122.7,Online
8874,P076,6489,2025-05-18,2,319.8,Online
8875,P058,6490,2024-04-14,2,209.8,Online
8876,P067,6491,2023-02-11,3,97.5,Store
8877,P022,6493,2023-06-20,3,359.7,Online
8878,P027,6493,2024-03-01,2,210.6,Online
8879,P076,6493,2024-11-05,4,639.6,Store
8880,P010,6493,2025-07-13,2,179.98,Store
8881,P029,6493,2026-04-11,3,229.2,Online
8882,P096,6496,2024-07-21,1,38.9,Online
8883,P058,6497,2023-04-04,1,104.9,Online
8884,P048,6500,2024-09-01,3,257.52,Online
8885,P019,6502,2023-12-23,1,96.15,Store
8886,P100,6502,2024-07-28,3,284.25,Store
8887,P004,6503,2024-11-26,3,287.46,Online
8888,P008,6503,2026-07-01,2,97.5,Online
8889,P033,6505,2023-08-28,3,382.14,Store
8890,P088,6505,2024-11-17,1,105.85,Online
8891,P012,6505,2026-01-22,3,128.4,Store
8892,P067,6507,2023-10-04,1,32.5,Online
8893,P085,6508,2024-04-21,3,223.5,Store
8894,P022,6508,2025-07-27,1,119.9,Online
8895,P047,6509,2023-06-22,1,56.07,Online
8896,P027,6509,2024-11-20,1,105.3,Store
8897,P079,6509,2026-03-07,2,159.8,Online
8898,P018,6512,2024-10-08,2,263.86,Online
8899,P085,6512,2026-01-18,4,298.0,Store
8900,P022,6514,2024-05-18,1,119.9,Online
8901,P013,6515,2024-03-26,1,83.6,Online
8902,P064,6517,2024-04-12,2,197.5,Online
8903,P071,6518,2024-07-04,1,64.9,Online
8904,P003,6519,2024-08-01,2,227.64,Online
8905,P054,6519,2025-01-20,4,309.0,Online
8906,P014,6519,2025-07-09,2,249.0,Online
8907,P023,6519,2026-01-08,2,51.0,Store
8908,P092,6519,2026-06-26,1,68.75,Online
8909,P018,6522,2024-02-03,3,395.79,Online
8910,P007,6523,2024-05-10,3,158.7,Store
8911,P072,6523,2025-07-15,1,72.35,Online
8912,P096,6524,2023-09-26,4,155.6,Online
8913,P049,6524,2024-04-05,1,73.31,Online
8914,P030,6525,2024-03-30,1,31.9,Online
8915,P026,6525,2024-08-25,1,64.8,Online
8916,P099,6525,2025-01-20,1,59.9,Store
8917,P059,6525,2025-06-24,2,69.5,Online
8918,P052,6525,2025-11-24,1,68.45,Store
8919,P066,6525,2026-04-15,1,36.9,Online
8920,P009,6526,2024-01-05,2,144.8,Store
8921,P077,6526,2024-12-09,2,379.0,Store
8922,P033,6526,2025-10-26,1,127.38,Online
8923,P042,6526,2026-07-23,1,73.55,Online
8924,P058,6529,2024-08-23,2,209.8,Online
8925,P084,6529,2025-03-29,2,339.6,Online
8926,P034,6529,2025-11-05,1,43.67,Store
8927,P041,6529,2026-06-03,2,237.8,Online
8928,P082,6531,2023-11-22,1,35.6,Online
8929,P011,6531,2024-03-19,2,122.7,Online
8930,P082,6531,2024-08-15,2,71.2,Online
8931,P028,6531,2024-12-30,1,128.65,Store
8932,P084,6531,2025-05-06,1,169.8,Online
8933,P097,6531,2025-09-26,1,72.6,Online
8934,P041,6531,2026-02-10,2,237.8,Store
8935,P077,6531,2026-06-13,2,379.0,Store
8936,P084,6532,2024-06-05,1,169.8,Online
8937,P069,6532,2025-10-01,2,162.4,Online
8938,P069,6533,2024-08-04,2,162.4,Online
8939,P086,6534,2023-02-28,3,266.85,Store
8940,P078,6536,2024-02-21,2,269.5,Online
8941,P006,6538,2024-02-13,1,78.45,Online
8942,P022,6539,2024-06-12,1,119.9,Online
8943,P086,6539,2025-03-02,1,88.95,Online
8944,P060,6539,2026-02-07,2,95.8,Store
8945,P096,6542,2023-09-16,1,38.9,Online
8946,P052,6543,2023-12-30,3,205.35,Online
8947,P029,6543,2025-04-30,1,76.4,Store
8948,P024,6544,2024-12-29,3,407.25,Online
8949,P029,6544,2025-05-02,2,152.8,Online
8950,P074,6544,2025-09-26,1,67.75,Online
8951,P067,6544,2026-02-17,3,97.5,Online
8952,P051,6544,2026-07-04,2,259.8,Online
8953,P029,6545,2024-06-25,1,76.4,Store
8954,P081,6546,2025-02-24,2,85.6,Store
8955,P082,6546,2025-11-08,2,71.2,Online
8956,P052,6546,2026-07-20,1,68.45,Online
8957,P092,6547,2023-10-01,1,68.75,Online
8958,P008,6547,2025-04-24,3,146.25,Online
8959,P025,6549,2023-11-16,1,99.99,Online
8960,P014,6549,2024-07-02,1,124.5,Online
8961,P080,6550,2023-09-07,1,99.5,Store
8962,P042,6551,2023-11-04,2,147.1,Online
8963,P065,6551,2024-06-10,1,74.8,Online
8964,P081,6551,2025-01-11,3,128.4,Store
8965,P078,6551,2025-09-06,2,269.5,Online
8966,P047,6551,2026-04-08,5,280.35,Online
8967,P085,6552,2023-09-25,2,149.0,Online
8968,P092,6553,2023-12-23,2,137.5,Online
8969,P056,6553,2024-09-10,1,92.75,Store
8970,P072,6554,2025-05-20,1,72.35,Store
8971,P018,6554,2026-08-26,1,131.93,Online
8972,P053,6555,2024-02-16,3,179.4,Online
8973,P092,6555,2025-02-27,1,68.75,Online
8974,P055,6555,2026-05-03,2,91.2,Online
8975,P059,6556,2024-05-14,2,69.5,Online
8976,P010,6558,2024-01-08,2,179.98,Online
8977,P024,6558,2024-07-29,1,135.75,Store
8978,P034,6559,2023-05-21,2,87.34,Store
8979,P019,6560,2023-06-12,1,96.15,Online
8980,P022,6560,2024-10-02,3,359.7,Online
8981,P037,6560,2026-04-10,2,279.6,Online
8982,P054,6562,2023-11-11,2,154.5,Online
8983,P015,6562,2024-08-17,4,365.0,Online
8984,P058,6562,2025-04-28,4,419.6,Online
8985,P008,6562,2026-01-22,2,97.5,Online
8986,P083,6563,2024-11-11,3,437.7,Online
8987,P017,6563,2026-03-29,1,22.84,Online
8988,P042,6564,2023-03-22,1,73.55,Online
8989,P084,6564,2023-08-24,2,339.6,Online
8990,P054,6564,2024-02-19,1,77.25,Store
8991,P069,6564,2024-08-13,5,406.0,Online
8992,P088,6564,2025-02-08,1,105.85,Online
8993,P068,6564,2025-07-28,1,58.95,Online
8994,P007,6564,2026-01-22,3,158.7,Store
8995,P023,6564,2026-07-04,2,51.0,Store
8996,P099,6565,2025-01-05,3,179.7,Online
8997,P051,6565,2025-08-07,1,129.9,Online
8998,P085,6566,2024-12-09,1,74.5,Online
8999,P005,6566,2025-07-06,3,108.18,Store
9000,P090,6566,2026-02-26,4,718.0,Store
9001,P038,6567,2024-11-29,1,94.6,Online
9002,P095,6567,2026-04-10,3,136.5,Online
9003,P059,6568,2023-05-13,2,69.5,Store
9004,P006,6568,2024-08-12,4,313.8,Online
9005,P094,6568,2025-11-27,2,109.6,Store
9006,P038,6570,2024-02-07,1,94.6,Online
9007,P012,6570,2025-07-25,4,171.2,Online
9008,P094,6571,2025-02-06,3,164.4,Online
9009,P096,6573,2023-05-29,2,77.8,Online
9010,P042,6574,2024-09-15,1,73.55,Online
9011,P031,6574,2025-10-17,1,17.78,Online
9012,P054,6575,2023-02-17,4,309.0,Online
9013,P052,6576,2025-01-25,2,136.9,Store
9014,P021,6576,2025-08-07,1,87.45,Online
9015,P082,6578,2023-06-01,2,71.2,Online
9016,P063,6578,2023-11-24,3,133.5,Store
9017,P038,6578,2024-05-27,1,94.6,Online
9018,P053,6578,2024-11-10,1,59.8,Online
9019,P010,6578,2025-04-29,1,89.99,Online
9020,P090,6578,2025-10-21,3,538.5,Store
9021,P032,6578,2026-04-08,1,145.94,Online
9022,P060,6579,2024-03-11,1,47.9,Online
9023,P005,6581,2025-02-10,2,72.12,Online
9024,P006,6581,2026-05-16,1,78.45,Store
9025,P053,6582,2026-01-05,2,119.6,Store
9026,P093,6583,2023-10-24,4,319.8,Online
9027,P024,6583,2024-07-05,2,271.5,Online
9028,P060,6583,2025-03-23,2,95.8,Store
9029,P075,6583,2025-11-30,1,102.4,Store
9030,P060,6583,2026-08-14,1,47.9,Online
9031,P033,6584,2024-06-09,3,382.14,Online
9032,P018,6584,2025-01-30,2,263.86,Online
9033,P031,6585,2025-01-10,1,17.78,Online
9034,P092,6585,2025-10-05,3,206.25,Store
9035,P051,6585,2026-06-15,1,129.9,Online
9036,P044,6586,2023-04-05,5,749.95,Store
9037,P043,6586,2024-06-06,1,108.4,Online
9038,P071,6586,2025-08-22,2,129.8,Online
9039,P002,6587,2025-03-18,3,430.05,Online
9040,P031,6587,2026-08-11,1,17.78,Online
9041,P055,6588,2024-08-01,1,45.6,Online
9042,P002,6589,2025-04-04,3,430.05,Store
9043,P020,6589,2026-02-08,3,331.77,Store
9044,P004,6592,2025-09-27,4,383.28,Online
9045,P027,6593,2024-03-12,4,421.2,Online
9046,P096,6595,2024-04-20,1,38.9,Online
9047,P092,6596,2024-04-17,2,137.5,Online
9048,P050,6596,2024-11-30,2,108.64,Online
9049,P020,6596,2025-07-19,2,221.18,Store
9050,P032,6596,2026-03-02,1,145.94,Store
9051,P019,6597,2023-12-19,2,192.3,Online
9052,P061,6597,2024-11-18,3,209.85,Store
9053,P100,6597,2025-09-11,2,189.5,Online
9054,P076,6597,2026-06-26,2,319.8,Store
9055,P077,6598,2024-11-08,5,947.5,Online
9056,P074,6598,2025-05-17,2,135.5,Online
9057,P030,6599,2023-08-15,1,31.9,Online
9058,P021,6599,2024-05-01,1,87.45,Online
9059,P039,6599,2025-02-12,3,470.25,Store
9060,P005,6599,2025-10-12,1,36.06,Online
9061,P079,6599,2026-07-11,1,79.9,Online
9062,P074,6600,2024-11-04,1,67.75,Online
9063,P046,6600,2025-12-23,1,39.76,Store
9064,P020,6601,2024-03-24,2,221.18,Online
9065,P076,6601,2025-06-29,2,319.8,Online
9066,P096,6602,2023-11-01,1,38.9,Online
9067,P030,6602,2024-08-17,3,95.7,Online
9068,P081,6602,2025-06-21,1,42.8,Online
9069,P009,6602,2026-03-26,4,289.6,Online
9070,P023,6603,2024-12-16,5,127.5,Online
9071,P100,6603,2025-08-30,1,94.75,Online
9072,P051,6603,2026-05-02,3,389.7,Online
9073,P074,6604,2024-01-29,1,67.75,Online
9074,P052,6604,2024-08-28,2,136.9,Store
9075,P068,6604,2025-04-02,3,176.85,Store
9076,P061,6604,2025-11-12,5,349.75,Store
9077,P007,6604,2026-07-07,2,105.8,Store
9078,P092,6605,2023-11-21,1,68.75,Online
9079,P098,6605,2024-04-20,3,190.35,Online
9080,P100,6605,2024-09-03,2,189.5,Online
9081,P008,6605,2025-01-13,1,48.75,Store
9082,P006,6605,2025-05-31,5,392.25,Store
9083,P063,6605,2025-10-22,5,222.5,Online
9084,P017,6605,2026-02-22,1,22.84,Online
9085,P031,6605,2026-07-20,1,17.78,Store
9086,P075,6606,2023-11-19,3,307.2,Online
9087,P064,6606,2024-07-15,1,98.75,Online
9088,P059,6606,2025-03-25,2,69.5,Online
9089,P080,6606,2025-11-22,1,99.5,Online
9090,P092,6606,2026-07-18,3,206.25,Online
9091,P005,6607,2024-04-23,5,180.3,Online
9092,P013,6607,2024-09-12,2,167.2,Store
9093,P090,6607,2025-01-24,2,359.0,Store
9094,P098,6607,2025-06-21,1,63.45,Online
9095,P094,6607,2025-10-27,2,109.6,Store
9096,P063,6607,2026-03-16,2,89.0,Store
9097,P064,6607,2026-07-21,1,98.75,Store
9098,P092,6608,2023-09-26,2,137.5,Online
9099,P090,6610,2024-07-25,1,179.5,Online
9100,P095,6610,2024-12-27,1,45.5,Store
9101,P071,6610,2025-05-30,1,64.9,Online
9102,P016,6610,2025-11-10,3,108.18,Online
9103,P053,6610,2026-03-17,2,119.6,Online
9104,P050,6610,2026-08-11,2,108.64,Store
9105,P052,6611,2024-04-29,1,68.45,Online
9106,P064,6611,2025-01-29,1,98.75,Store
9107,P020,6612,2024-07-01,1,110.59,Online
9108,P027,6612,2025-03-02,1,105.3,Online
9109,P040,6612,2025-11-25,4,329.2,Online
9110,P028,6612,2026-07-31,1,128.65,Online
9111,P023,6613,2023-08-08,2,51.0,Online
9112,P072,6613,2024-11-25,1,72.35,Online
9113,P057,6613,2026-04-26,3,154.2,Store
9114,P086,6614,2023-02-24,3,266.85,Online
9115,P043,6615,2023-05-11,1,108.4,Store
9116,P046,6616,2024-12-19,1,39.76,Online
9117,P090,6616,2025-10-05,1,179.5,Online
9118,P093,6616,2026-07-26,3,239.85,Online
9119,P045,6617,2023-03-17,1,67.85,Online
9120,P078,6617,2024-01-10,1,134.75,Online
9121,P002,6617,2024-10-24,1,143.35,Store
9122,P048,6617,2025-09-08,1,85.84,Online
9123,P002,6617,2026-06-28,1,143.35,Store
9124,P074,6618,2023-10-10,3,203.25,Online
9125,P086,6618,2024-07-15,2,177.9,Online
9126,P057,6618,2025-05-06,1,51.4,Online
9127,P055,6618,2026-02-12,3,136.8,Online
9128,P100,6620,2024-05-04,4,379.0,Store
9129,P053,6620,2025-08-04,1,59.8,Online
9130,P056,6622,2024-12-10,5,463.75,Online
9131,P030,6622,2026-01-04,2,63.8,Online
9132,P034,6623,2023-11-13,4,174.68,Store
9133,P053,6623,2024-06-07,1,59.8,Store
9134,P089,6626,2023-11-05,3,659.7,Online
9135,P047,6626,2024-04-07,3,168.21,Online
9136,P010,6626,2024-09-19,2,179.98,Online
9137,P023,6626,2025-02-17,1,25.5,Online
9138,P033,6626,2025-07-25,4,509.52,Store
9139,P052,6626,2025-12-05,3,205.35,Store
9140,P039,6626,2026-05-14,2,313.5,Store
9141,P087,6627,2024-05-27,1,91.7,Online
9142,P020,6627,2024-11-12,1,110.59,Online
9143,P046,6627,2025-04-14,1,39.76,Online
9144,P077,6627,2025-10-15,1,189.5,Store
9145,P036,6627,2026-03-31,1,112.45,Online
9146,P060,6629,2023-01-17,1,47.9,Online
9147,P047,6629,2023-10-06,3,168.21,Online
9148,P067,6629,2024-06-13,4,130.0,Online
9149,P016,6629,2025-01-29,1,36.06,Store
9150,P022,6629,2025-09-19,2,239.8,Online
9151,P035,6629,2026-06-14,2,79.1,Online
9152,P017,6631,2024-01-15,1,22.84,Online
9153,P008,6631,2024-10-28,3,146.25,Online
9154,P054,6632,2024-05-30,1,77.25,Online
9155,P031,6632,2025-03-12,1,17.78,Store
9156,P081,6632,2025-12-18,1,42.8,Store
9157,P059,6633,2024-05-27,2,69.5,Online
9158,P064,6633,2025-12-23,2,197.5,Online
9159,P002,6634,2023-04-21,1,143.35,Store
9160,P063,6635,2025-07-25,2,89.0,Online
9161,P027,6638,2023-05-08,1,105.3,Online
9162,P067,6638,2024-07-09,2,65.0,Store
9163,P028,6638,2025-10-30,2,257.3,Online
9164,P095,6640,2024-07-06,3,136.5,Online
9165,P016,6640,2026-02-05,2,72.12,Online
9166,P037,6641,2023-07-01,2,279.6,Online
9167,P082,6641,2024-02-24,4,142.4,Online
9168,P022,6641,2024-10-27,3,359.7,Online
9169,P097,6641,2025-07-11,1,72.6,Online
9170,P066,6641,2026-03-17,2,73.8,Store
9171,P100,6642,2023-06-22,1,94.75,Online
9172,P095,6642,2024-01-30,1,45.5,Store
9173,P012,6643,2023-08-16,3,128.4,Store
9174,P019,6643,2024-02-07,1,96.15,Online
9175,P082,6644,2023-08-25,1,35.6,Online
9176,P090,6645,2024-01-29,1,179.5,Online
9177,P073,6645,2025-05-04,3,268.5,Online
9178,P053,6645,2026-08-28,3,179.4,Online
9179,P011,6646,2024-12-16,1,61.35,Store
9180,P032,6646,2026-04-16,3,437.82,Online
9181,P011,6647,2024-03-27,1,61.35,Store
9182,P092,6647,2024-11-12,3,206.25,Store
9183,P048,6648,2023-05-25,1,85.84,Store
9184,P077,6648,2023-11-02,1,189.5,Online
9185,P078,6648,2024-04-14,2,269.5,Store
9186,P091,6648,2024-09-15,1,49.9,Online
9187,P014,6648,2025-03-09,1,124.5,Online
9188,P028,6648,2025-09-01,1,128.65,Store
9189,P056,6648,2026-01-27,1,92.75,Store
9190,P051,6648,2026-07-30,1,129.9,Online
9191,P066,6649,2024-06-24,2,73.8,Online
9192,P067,6650,2024-08-13,2,65.0,Online
9193,P073,6650,2025-04-12,1,89.5,Store
9194,P099,6651,2024-10-29,4,239.6,Store
9195,P033,6651,2026-03-02,1,127.38,Online
9196,P071,6652,2023-07-05,4,259.6,Store
9197,P094,6653,2025-01-19,2,109.6,Store
9198,P077,6655,2024-02-06,3,568.5,Online
9199,P041,6655,2024-10-29,2,237.8,Store
9200,P043,6655,2025-06-11,2,216.8,Store
9201,P091,6655,2026-02-15,3,149.7,Store
9202,P053,6656,2024-02-27,2,119.6,Store
9203,P052,6658,2024-01-02,2,136.9,Online
9204,P076,6658,2025-03-13,2,319.8,Store
9205,P040,6658,2026-07-07,1,82.3,Online
9206,P062,6660,2024-06-15,1,39.9,Store
9207,P001,6660,2025-02-27,2,131.12,Online
9208,P062,6661,2024-02-13,1,39.9,Online
9209,P019,6661,2024-08-28,1,96.15,Online
9210,P060,6663,2024-07-06,3,143.7,Store
9211,P075,6663,2025-04-19,3,307.2,Store
9212,P054,6663,2025-12-10,4,309.0,Online
9213,P099,6663,2026-08-26,1,59.9,Store
9214,P082,6664,2024-02-11,1,35.6,Online
9215,P066,6664,2025-06-13,1,36.9,Store
9216,P027,6665,2024-04-20,4,421.2,Online
9217,P062,6665,2024-11-28,2,79.8,Online
9218,P003,6666,2024-02-21,1,113.82,Online
9219,P060,6666,2024-07-21,1,47.9,Store
9220,P030,6666,2024-12-28,2,63.8,Online
9221,P056,6666,2025-06-16,3,278.25,Online
9222,P043,6666,2025-12-02,3,325.2,Online
9223,P021,6666,2026-05-26,3,262.35,Online
9224,P031,6667,2023-05-14,2,35.56,Online
9225,P044,6667,2024-01-10,1,149.99,Store
9226,P062,6667,2024-08-26,1,39.9,Online
9227,P057,6667,2025-04-11,4,205.6,Online
9228,P094,6667,2025-11-25,2,109.6,Online
9229,P030,6667,2026-07-23,1,31.9,Online
9230,P008,6669,2024-02-10,2,97.5,Store
9231,P062,6670,2023-08-05,1,39.9,Online
9232,P017,6671,2024-06-11,1,22.84,Online
9233,P018,6672,2024-01-13,1,131.93,Online
9234,P015,6673,2024-04-27,1,91.25,Online
9235,P062,6673,2025-10-22,3,119.7,Online
9236,P078,6674,2023-08-11,4,539.0,Store
9237,P064,6674,2024-05-07,2,197.5,Store
9238,P083,6674,2025-02-12,1,145.9,Online
9239,P094,6674,2025-10-26,3,164.4,Online
9240,P036,6674,2026-07-29,1,112.45,Store
9241,P063,6677,2023-12-04,1,44.5,Store
9242,P002,6677,2024-08-10,3,430.05,Store
9243,P057,6680,2023-05-20,5,257.0,Online
9244,P018,6680,2023-09-30,3,395.79,Store
9245,P018,6680,2024-01-30,2,263.86,Online
9246,P017,6680,2024-06-15,4,91.36,Store
9247,P088,6680,2024-10-28,3,317.55,Online
9248,P046,6680,2025-03-14,3,119.28,Online
9249,P040,6680,2025-08-08,1,82.3,Store
9250,P038,6680,2025-12-16,2,189.2,Store
9251,P041,6680,2026-04-16,1,118.9,Store
9252,P004,6680,2026-08-19,1,95.82,Online
9253,P058,6681,2024-03-07,3,314.7,Store
9254,P047,6683,2023-07-23,2,112.14,Store
9255,P008,6683,2024-10-15,1,48.75,Store
9256,P070,6683,2026-01-31,1,115.6,Online
9257,P014,6684,2024-11-10,2,249.0,Online
9258,P071,6685,2024-02-15,5,324.5,Online
9259,P099,6685,2024-08-19,1,59.9,Online
9260,P020,6687,2023-07-18,1,110.59,Online
9261,P030,6687,2023-11-25,2,63.8,Online
9262,P090,6687,2024-04-19,1,179.5,Online
9263,P034,6687,2024-09-04,3,131.01,Online
9264,P022,6687,2025-02-08,1,119.9,Online
9265,P041,6687,2025-06-11,1,118.9,Store
9266,P028,6687,2025-10-26,1,128.65,Store
9267,P016,6687,2026-03-19,1,36.06,Online
9268,P004,6687,2026-08-12,1,95.82,Online
9269,P085,6688,2024-06-24,3,223.5,Online
9270,P038,6688,2025-04-28,1,94.6,Online
9271,P056,6688,2026-03-06,1,92.75,Store
9272,P066,6690,2024-11-11,2,73.8,Online
9273,P012,6690,2026-02-28,1,42.8,Online
9274,P050,6691,2024-03-13,2,108.64,Online
9275,P041,6691,2024-08-30,2,237.8,Online
9276,P010,6691,2025-02-02,1,89.99,Online
9277,P002,6691,2025-07-16,1,143.35,Store
9278,P087,6691,2026-01-05,1,91.7,Online
9279,P008,6691,2026-06-30,1,48.75,Online
9280,P011,6692,2024-03-09,2,122.7,Store
9281,P060,6693,2024-10-18,2,95.8,Online
9282,P020,6693,2026-04-17,1,110.59,Store
9283,P029,6694,2024-08-23,1,76.4,Online
9284,P082,6694,2025-05-24,1,35.6,Store
9285,P025,6694,2026-03-18,1,99.99,Store
9286,P034,6695,2025-02-22,4,174.68,Store
9287,P069,6695,2025-11-18,4,324.8,Online
9288,P025,6695,2026-08-28,2,199.98,Store
9289,P091,6696,2024-03-02,3,149.7,Online
9290,P056,6696,2025-08-17,1,92.75,Online
9291,P007,6697,2024-10-06,1,52.9,Store
9292,P075,6697,2026-01-18,2,204.8,Online
9293,P019,6698,2023-11-20,1,96.15,Online
9294,P035,6698,2024-06-05,4,158.2,Online
9295,P063,6699,2024-03-08,1,44.5,Online
9296,P065,6699,2025-01-14,1,74.8,Online
9297,P065,6699,2025-10-23,1,74.8,Online
9298,P082,6699,2026-07-26,1,35.6,Online
9299,P015,6700,2023-12-30,1,91.25,Store
9300,P029,6700,2025-06-19,1,76.4,Online
9301,P060,6702,2024-05-10,2,95.8,Online
9302,P013,6702,2024-09-07,4,334.4,Store
9303,P024,6702,2025-01-08,4,543.0,Store
9304,P034,6702,2025-05-15,4,174.68,Online
9305,P052,6702,2025-09-17,1,68.45,Store
9306,P056,6702,2026-01-14,1,92.75,Store
9307,P094,6702,2026-05-18,2,109.6,Store
9308,P081,6703,2024-10-15,3,128.4,Online
9309,P027,6703,2025-03-11,2,210.6,Store
9310,P082,6703,2025-08-05,3,106.8,Store
9311,P069,6703,2025-12-30,2,162.4,Online
9312,P100,6703,2026-05-23,1,94.75,Store
9313,P031,6704,2023-07-10,2,35.56,Store
9314,P076,6704,2024-05-13,4,639.6,Online
9315,P005,6704,2025-01-24,2,72.12,Online
9316,P040,6704,2025-10-26,1,82.3,Store
9317,P017,6704,2026-08-04,5,114.2,Online
9318,P072,6705,2023-07-21,3,217.05,Store
9319,P079,6705,2024-03-17,2,159.8,Online
9320,P095,6705,2024-11-27,4,182.0,Online
9321,P039,6705,2025-07-21,1,156.75,Online
9322,P074,6705,2026-04-06,1,67.75,Store
9323,P065,6706,2023-05-18,3,224.4,Online
9324,P017,6706,2024-02-12,1,22.84,Online
9325,P033,6707,2023-04-03,1,127.38,Online
9326,P022,6708,2025-03-30,1,119.9,Store
9327,P043,6708,2025-11-30,2,216.8,Online
9328,P057,6708,2026-07-09,2,102.8,Online
9329,P018,6709,2023-10-11,1,131.93,Online
9330,P065,6709,2024-02-27,4,299.2,Online
9331,P060,6709,2024-07-22,1,47.9,Online
9332,P037,6709,2024-12-22,2,279.6,Online
9333,P021,6709,2025-05-16,3,262.35,Online
9334,P044,6709,2025-10-15,1,149.99,Online
9335,P008,6709,2026-03-10,1,48.75,Online
9336,P088,6710,2023-06-22,1,105.85,Online
9337,P091,6712,2025-04-23,4,199.6,Online
9338,P070,6713,2025-02-04,1,115.6,Online
9339,P087,6713,2025-11-09,1,91.7,Online
9340,P092,6714,2024-08-27,2,137.5,Store
9341,P071,6715,2023-12-31,3,194.7,Online
9342,P032,6717,2024-11-25,1,145.94,Online
9343,P077,6717,2026-06-19,1,189.5,Store
9344,P037,6718,2024-05-12,2,279.6,Online
9345,P020,6718,2025-03-04,2,221.18,Store
9346,P098,6718,2025-12-30,2,126.9,Store
9347,P098,6719,2024-01-04,2,126.9,Store
9348,P029,6720,2023-09-18,4,305.6,Store
9349,P097,6720,2024-05-06,1,72.6,Online
9350,P069,6720,2024-12-29,2,162.4,Online
9351,P039,6720,2025-09-25,2,313.5,Store
9352,P025,6720,2026-05-09,2,199.98,Online
9353,P059,6722,2024-09-07,4,139.0,Online
9354,P073,6722,2026-04-30,1,89.5,Online
9355,P036,6723,2025-02-08,2,224.9,Store
9356,P053,6723,2025-10-28,4,239.2,Online
9357,P046,6726,2023-06-25,5,198.8,Online
9358,P030,6726,2024-08-05,1,31.9,Store
9359,P040,6726,2025-09-02,1,82.3,Online
9360,P082,6727,2023-06-24,2,71.2,Store
9361,P078,6728,2024-10-22,1,134.75,Store
9362,P029,6728,2026-01-12,2,152.8,Online
9363,P012,6731,2023-10-29,4,171.2,Online
9364,P030,6731,2024-07-23,1,31.9,Online
9365,P021,6731,2025-03-19,4,349.8,Store
9366,P065,6731,2025-11-26,1,74.8,Online
9367,P096,6731,2026-07-26,1,38.9,Online
9368,P100,6732,2023-08-11,1,94.75,Online
9369,P023,6732,2024-03-21,1,25.5,Store
9370,P089,6732,2024-11-07,2,439.8,Online
9371,P066,6732,2025-07-14,3,110.7,Store
9372,P018,6732,2026-02-24,1,131.93,Store
9373,P001,6734,2023-12-10,1,65.56,Online
9374,P067,6734,2024-06-20,2,65.0,Online
9375,P062,6735,2023-06-18,2,79.8,Store
9376,P092,6735,2024-11-23,2,137.5,Online
9377,P070,6735,2026-07-10,1,115.6,Store
9378,P081,6736,2024-04-18,2,85.6,Store
9379,P081,6738,2024-07-29,1,42.8,Store
9380,P050,6738,2025-06-30,2,108.64,Online
9381,P057,6738,2026-04-27,1,51.4,Online
9382,P002,6739,2025-09-13,2,286.7,Online
9383,P089,6740,2023-11-25,1,219.9,Online
9384,P095,6741,2024-05-28,2,91.0,Store
9385,P030,6742,2025-01-22,1,31.9,Store
9386,P042,6742,2025-11-12,1,73.55,Online
9387,P071,6743,2024-02-23,1,64.9,Online
9388,P023,6743,2024-10-06,1,25.5,Store
9389,P038,6744,2024-07-18,4,378.4,Store
9390,P005,6744,2025-05-15,1,36.06,Store
9391,P045,6744,2026-04-24,2,135.7,Store
9392,P091,6745,2024-08-20,2,99.8,Store
9393,P044,6747,2024-12-23,3,449.97,Online
9394,P033,6747,2026-06-18,1,127.38,Online
9395,P015,6749,2023-09-01,2,182.5,Online
9396,P074,6749,2024-04-03,1,67.75,Online
9397,P002,6749,2024-11-13,1,143.35,Online
9398,P037,6749,2025-07-26,2,279.6,Online
9399,P089,6749,2026-03-29,5,1099.5,Online
9400,P004,6750,2023-02-24,1,95.82,Online
9401,P100,6750,2023-12-22,1,94.75,Online
9402,P065,6751,2023-03-31,2,149.6,Online
9403,P034,6751,2024-02-21,1,43.67,Store
9404,P058,6751,2024-12-27,3,314.7,Online
9405,P053,6751,2025-11-15,4,239.2,Store
9406,P062,6752,2024-08-20,5,199.5,Online
9407,P027,6752,2025-02-24,1,105.3,Online
9408,P030,6753,2024-02-07,1,31.9,Online
9409,P070,6754,2023-11-01,2,231.2,Online
9410,P073,6754,2024-02-27,1,89.5,Store
9411,P062,6754,2024-06-27,2,79.8,Online
9412,P071,6754,2024-10-23,1,64.9,Online
9413,P022,6754,2025-03-05,1,119.9,Store
9414,P087,6754,2025-07-05,1,91.7,Online
9415,P005,6754,2025-10-29,1,36.06,Store
9416,P068,6754,2026-03-09,4,235.8,Online
9417,P070,6754,2026-07-18,1,115.6,Online
9418,P073,6756,2023-10-31,1,89.5,Online
9419,P038,6756,2025-03-10,3,283.8,Online
9420,P039,6756,2026-06-11,2,313.5,Online
9421,P099,6758,2023-12-10,1,59.9,Online
9422,P089,6761,2023-06-06,4,879.6,Online
9423,P055,6762,2025-05-04,1,45.6,Online
9424,P042,6762,2026-01-20,1,73.55,Online
9425,P055,6763,2025-02-02,2,91.2,Online
9426,P071,6764,2024-09-26,2,129.8,Online
9427,P062,6764,2025-02-08,1,39.9,Store
9428,P067,6764,2025-07-15,2,65.0,Online
9429,P094,6764,2025-12-05,2,109.6,Online
9430,P100,6764,2026-04-23,2,189.5,Online
9431,P030,6765,2023-11-20,1,31.9,Store
9432,P021,6765,2024-07-27,2,174.9,Store
9433,P033,6766,2025-01-07,1,127.38,Online
9434,P076,6766,2026-03-22,5,799.5,Online
9435,P013,6768,2023-05-24,2,167.2,Online
9436,P089,6768,2024-01-18,1,219.9,Store
9437,P065,6768,2024-10-30,2,149.6,Online
9438,P047,6768,2025-07-19,1,56.07,Online
9439,P084,6768,2026-03-24,2,339.6,Online
9440,P059,6769,2024-09-11,2,69.5,Online
9441,P061,6770,2024-04-15,2,139.9,Store
9442,P016,6770,2024-10-07,1,36.06,Store
9443,P094,6770,2025-03-14,1,54.8,Online
9444,P088,6770,2025-08-30,2,211.7,Store
9445,P007,6770,2026-01-14,4,211.6,Store
9446,P094,6770,2026-07-15,1,54.8,Store
9447,P050,6772,2023-08-08,1,54.32,Online
9448,P077,6772,2024-03-22,2,379.0,Store
9449,P035,6773,2023-09-21,2,79.1,Store
9450,P063,6774,2024-08-10,4,178.0,Online
9451,P025,6774,2025-06-17,1,99.99,Online
9452,P068,6774,2026-03-20,5,294.75,Online
9453,P005,6775,2023-10-08,2,72.12,Online
9454,P036,6776,2024-08-06,1,112.45,Online
9455,P067,6778,2024-06-09,3,97.5,Store
9456,P057,6779,2023-07-06,1,51.4,Online
9457,P050,6779,2024-02-25,3,162.96,Online
9458,P082,6779,2024-10-25,4,142.4,Online
9459,P064,6779,2025-06-29,1,98.75,Online
9460,P067,6779,2026-02-10,3,97.5,Online
9461,P075,6780,2025-01-02,1,102.4,Online
9462,P044,6780,2026-06-24,1,149.99,Store
9463,P021,6781,2024-02-06,3,262.35,Online
9464,P002,6781,2025-06-05,2,286.7,Store
9465,P060,6782,2023-06-25,2,95.8,Online
9466,P009,6782,2023-12-05,2,144.8,Store
9467,P091,6782,2024-05-16,2,99.8,Online
9468,P044,6782,2024-11-01,2,299.98,Online
9469,P054,6782,2025-03-31,2,154.5,Store
9470,P044,6782,2025-08-31,2,299.98,Store
9471,P070,6782,2026-02-25,2,231.2,Store
9472,P088,6782,2026-08-05,2,211.7,Store
9473,P054,6783,2023-04-23,1,77.25,Store
9474,P026,6783,2024-08-15,1,64.8,Online
9475,P044,6783,2026-01-07,1,149.99,Store
9476,P070,6785,2024-02-17,1,115.6,Online
9477,P088,6787,2024-08-11,1,105.85,Store
9478,P040,6787,2025-10-31,4,329.2,Online
9479,P073,6789,2023-09-21,2,179.0,Online
9480,P098,6789,2024-03-10,1,63.45,Online
9481,P021,6789,2024-08-05,1,87.45,Store
9482,P013,6789,2025-01-22,1,83.6,Online
9483,P095,6789,2025-07-15,2,91.0,Online
9484,P064,6789,2025-12-29,2,197.5,Online
9485,P061,6789,2026-06-07,2,139.9,Online
9486,P049,6790,2023-09-29,2,146.62,Online
9487,P085,6790,2024-12-12,5,372.5,Store
9488,P020,6790,2026-02-24,4,442.36,Online
9489,P012,6791,2023-12-04,2,85.6,Store
9490,P084,6792,2023-08-04,3,509.4,Online
9491,P043,6793,2023-05-04,1,108.4,Online
9492,P030,6793,2024-07-26,1,31.9,Store
9493,P007,6793,2025-09-11,4,211.6,Online
9494,P082,6794,2025-03-24,1,35.6,Store
9495,P098,6794,2026-06-30,1,63.45,Online
9496,P034,6795,2023-06-16,1,43.67,Store
9497,P007,6796,2023-07-21,1,52.9,Store
9498,P093,6796,2024-03-30,5,399.75,Store
9499,P067,6798,2024-06-20,3,97.5,Online
9500,P055,6798,2024-10-29,1,45.6,Store
9501,P072,6798,2025-03-14,1,72.35,Online
9502,P039,6798,2025-08-02,1,156.75,Online
9503,P006,6798,2026-01-01,4,313.8,Online
9504,P077,6798,2026-05-19,4,758.0,Online
9505,P029,6800,2024-08-04,2,152.8,Online
9506,P089,6800,2024-12-22,1,219.9,Online
9507,P063,6800,2025-05-24,1,44.5,Online
9508,P027,6800,2025-11-07,2,210.6,Store
9509,P001,6800,2026-03-28,1,65.56,Store
9510,P038,6800,2026-08-27,1,94.6,Online
9511,P021,6801,2024-04-10,1,87.45,Online
9512,P077,6801,2025-07-06,1,189.5,Online
9513,P046,6802,2025-01-24,2,79.52,Online
9514,P065,6802,2025-10-16,1,74.8,Online
9515,P056,6804,2024-06-11,1,92.75,Online
9516,P024,6805,2024-12-14,2,271.5,Store
9517,P053,6805,2026-07-24,3,179.4,Online
9518,P094,6807,2023-10-21,2,109.6,Online
9519,P074,6808,2023-04-04,2,135.5,Store
9520,P023,6809,2025-04-11,2,51.0,Online
9521,P071,6812,2025-04-17,1,64.9,Online
9522,P023,6814,2025-05-26,1,25.5,Online
9523,P004,6814,2026-02-11,3,287.46,Online
9524,P034,6815,2024-03-24,5,218.35,Online
9525,P056,6815,2024-11-27,2,185.5,Store
9526,P030,6815,2025-07-24,1,31.9,Store
9527,P039,6815,2026-02-22,1,156.75,Store
9528,P091,6819,2025-01-04,2,99.8,Store
9529,P076,6819,2025-08-08,2,319.8,Store
9530,P011,6819,2026-03-19,2,122.7,Online
9531,P068,6820,2024-11-15,2,117.9,Online
9532,P058,6820,2026-02-07,1,104.9,Online
9533,P073,6821,2024-07-08,2,179.0,Store
9534,P040,6821,2025-08-13,1,82.3,Online
9535,P036,6822,2024-06-07,1,112.45,Store
9536,P090,6822,2025-02-12,1,179.5,Online
9537,P019,6825,2023-06-05,2,192.3,Online
9538,P099,6826,2024-01-03,4,239.6,Online
9539,P087,6826,2024-08-29,1,91.7,Online
9540,P048,6827,2024-05-08,1,85.84,Online
9541,P059,6827,2024-12-22,3,104.25,Online
9542,P035,6827,2025-07-30,2,79.1,Online
9543,P096,6827,2026-03-26,2,77.8,Online
9544,P010,6828,2024-08-11,1,89.99,Store
9545,P073,6829,2025-05-07,3,268.5,Online
9546,P041,6829,2026-01-27,2,237.8,Online
9547,P073,6830,2023-03-01,3,268.5,Online
9548,P019,6831,2024-09-01,1,96.15,Online
9549,P055,6831,2025-02-06,2,91.2,Online
9550,P023,6831,2025-07-09,1,25.5,Online
9551,P012,6831,2025-11-23,1,42.8,Store
9552,P033,6831,2026-04-16,2,254.76,Store
9553,P010,6833,2023-07-04,5,449.95,Store
9554,P039,6834,2024-09-12,3,470.25,Store
9555,P005,6835,2024-05-05,2,72.12,Online
9556,P019,6835,2025-03-20,3,288.45,Store
9557,P042,6835,2026-01-12,2,147.1,Online
9558,P082,6836,2024-09-01,2,71.2,Online
9559,P042,6836,2025-06-11,1,73.55,Online
9560,P014,6837,2023-09-08,1,124.5,Online
9561,P095,6837,2024-01-06,2,91.0,Store
9562,P082,6837,2024-05-06,3,106.8,Store
9563,P020,6837,2024-09-01,1,110.59,Store
9564,P015,6837,2024-12-28,1,91.25,Store
9565,P082,6837,2025-04-26,2,71.2,Store
9566,P028,6837,2025-09-04,1,128.65,Online
9567,P075,6837,2026-01-04,2,204.8,Online
9568,P024,6837,2026-04-27,5,678.75,Store
9569,P027,6837,2026-08-29,1,105.3,Online
9570,P001,6840,2023-07-15,1,65.56,Online
9571,P071,6840,2023-11-22,2,129.8,Store
9572,P009,6840,2024-03-13,1,72.4,Online
9573,P027,6840,2024-07-25,1,105.3,Online
9574,P060,6840,2024-11-21,5,239.5,Store
9575,P073,6840,2025-03-31,1,89.5,Store
9576,P079,6840,2025-07-26,2,159.8,Online
9577,P016,6840,2025-12-02,1,36.06,Online
9578,P034,6840,2026-03-30,1,43.67,Online
9579,P060,6840,2026-08-08,3,143.7,Store
9580,P040,6843,2024-10-18,2,164.6,Online
9581,P058,6844,2024-03-29,1,104.9,Online
9582,P020,6844,2025-07-24,3,331.77,Online
9583,P056,6845,2023-05-18,1,92.75,Store
9584,P065,6846,2024-05-01,1,74.8,Store
9585,P091,6846,2025-08-08,3,149.7,Online
9586,P016,6848,2024-01-04,1,36.06,Online
9587,P018,6848,2024-08-26,2,263.86,Online
9588,P064,6848,2025-05-05,2,197.5,Store
9589,P033,6848,2026-01-04,1,127.38,Online
9590,P082,6848,2026-08-08,1,35.6,Online
9591,P056,6849,2025-04-11,2,185.5,Online
9592,P091,6849,2025-11-26,1,49.9,Store
9593,P069,6849,2026-07-01,2,162.4,Online
9594,P048,6850,2024-08-29,4,343.36,Store
9595,P014,6850,2025-01-05,1,124.5,Store
9596,P044,6850,2025-05-14,1,149.99,Online
9597,P006,6850,2025-09-05,1,78.45,Online
9598,P029,6850,2025-12-30,3,229.2,Online
9599,P021,6850,2026-04-27,5,437.25,Store
9600,P016,6850,2026-08-16,1,36.06,Online
9601,P073,6851,2024-08-03,5,447.5,Online
9602,P005,6851,2025-05-23,1,36.06,Store
9603,P059,6851,2026-03-05,4,139.0,Online
9604,P082,6853,2023-10-16,2,71.2,Online
9605,P047,6854,2024-05-30,1,56.07,Store
9606,P069,6855,2024-08-01,3,243.6,Online
9607,P016,6855,2025-03-22,4,144.24,Online
9608,P010,6855,2025-11-14,1,89.99,Online
9609,P011,6855,2026-06-25,2,122.7,Online
9610,P087,6857,2024-03-01,2,183.4,Store
9611,P046,6858,2024-04-02,2,79.52,Online
9612,P033,6858,2024-12-06,1,127.38,Store
9613,P099,6858,2025-08-23,3,179.7,Store
9614,P041,6858,2026-05-16,4,475.6,Store
9615,P044,6859,2023-03-26,2,299.98,Online
9616,P027,6860,2023-12-08,1,105.3,Online
9617,P085,6860,2025-06-23,3,223.5,Online
9618,P100,6861,2023-11-18,1,94.75,Online
9619,P031,6861,2024-08-14,1,17.78,Store
9620,P070,6861,2025-03-22,2,231.2,Store
9621,P075,6861,2025-12-18,2,204.8,Online
9622,P046,6861,2026-08-22,1,39.76,Store
9623,P020,6862,2024-07-07,1,110.59,Online
9624,P038,6862,2025-02-08,1,94.6,Store
9625,P089,6864,2023-06-09,4,879.6,Online
9626,P018,6864,2024-02-16,1,131.93,Store
9627,P075,6866,2025-01-17,2,204.8,Online
9628,P093,6866,2026-02-17,3,239.85,Online
9629,P081,6868,2024-12-25,2,85.6,Store
9630,P091,6868,2025-08-20,1,49.9,Online
9631,P039,6869,2023-11-06,1,156.75,Online
9632,P069,6869,2024-07-07,1,81.2,Store
9633,P049,6870,2024-01-06,5,366.55,Online
9634,P072,6870,2024-11-23,1,72.35,Store
9635,P081,6870,2025-10-02,2,85.6,Online
9636,P007,6871,2023-06-09,1,52.9,Online
9637,P034,6871,2023-11-09,1,43.67,Store
9638,P035,6871,2024-04-23,1,39.55,Online
9639,P092,6871,2024-10-21,4,275.0,Store
9640,P033,6871,2025-03-03,2,254.76,Online
9641,P013,6871,2025-08-10,1,83.6,Online
9642,P077,6871,2026-01-28,2,379.0,Online
9643,P027,6871,2026-06-22,1,105.3,Store
9644,P062,6872,2024-04-22,1,39.9,Online
9645,P007,6875,2024-05-01,1,52.9,Online
9646,P045,6875,2025-08-25,3,203.55,Store
9647,P009,6876,2024-09-12,1,72.4,Store
9648,P004,6877,2023-08-26,3,287.46,Online
9649,P040,6877,2024-06-04,1,82.3,Online
9650,P063,6877,2025-04-09,2,89.0,Store
9651,P067,6877,2025-12-29,1,32.5,Online
9652,P042,6878,2024-09-03,3,220.65,Store
9653,P002,6878,2025-11-27,2,286.7,Online
9654,P067,6880,2024-11-12,3,97.5,Online
9655,P029,6880,2025-07-19,1,76.4,Online
9656,P094,6881,2023-12-07,1,54.8,Store
9657,P097,6883,2024-01-28,2,145.2,Online
9658,P075,6883,2024-07-11,2,204.8,Online
9659,P010,6883,2024-12-31,4,359.96,Online
9660,P014,6883,2025-06-25,2,249.0,Online
9661,P011,6883,2025-12-31,1,61.35,Online
9662,P091,6883,2026-06-21,2,99.8,Store
9663,P035,6886,2024-04-05,1,39.55,Store
9664,P098,6886,2025-09-25,3,190.35,Online
9665,P054,6887,2023-11-10,1,77.25,Store
9666,P100,6887,2025-04-09,1,94.75,Online
9667,P063,6888,2024-04-28,1,44.5,Online
9668,P035,6889,2023-12-07,1,39.55,Online
9669,P064,6889,2024-07-01,1,98.75,Store
9670,P052,6890,2024-02-07,1,68.45,Store
9671,P071,6891,2024-07-10,3,194.7,Online
9672,P010,6891,2025-09-04,1,89.99,Online
9673,P035,6892,2023-08-08,1,39.55,Store
9674,P076,6892,2023-12-10,1,159.9,Online
9675,P018,6892,2024-04-23,2,263.86,Store
9676,P057,6892,2024-08-18,2,102.8,Online
9677,P063,6892,2024-12-21,3,133.5,Online
9678,P043,6892,2025-04-14,2,216.8,Online
9679,P025,6892,2025-08-11,3,299.97,Online
9680,P010,6892,2025-12-13,3,269.97,Online
9681,P008,6892,2026-04-18,2,97.5,Online
9682,P063,6893,2024-05-09,2,89.0,Store
9683,P091,6893,2025-04-14,1,49.9,Store
9684,P096,6893,2026-03-04,1,38.9,Store
9685,P008,6894,2023-07-11,2,97.5,Online
9686,P056,6895,2024-11-14,3,278.25,Store
9687,P057,6895,2025-06-23,1,51.4,Online
9688,P061,6895,2026-02-14,1,69.95,Online
9689,P018,6896,2023-09-20,2,263.86,Online
9690,P080,6897,2023-08-04,4,398.0,Online
9691,P005,6899,2023-07-27,2,72.12,Online
9692,P045,6899,2024-01-19,3,203.55,Store
9693,P027,6899,2024-07-07,1,105.3,Online
9694,P054,6899,2024-12-13,4,309.0,Online
9695,P093,6899,2025-06-03,2,159.9,Store
9696,P079,6899,2025-11-17,2,159.8,Online
9697,P076,6899,2026-05-07,2,319.8,Online
9698,P093,6900,2023-04-22,2,159.9,Online
9699,P047,6901,2024-08-29,1,56.07,Store
9700,P006,6901,2025-03-05,5,392.25,Online
9701,P011,6902,2025-10-16,1,61.35,Online
9702,P062,6903,2024-12-20,2,79.8,Online
9703,P059,6903,2025-10-05,2,69.5,Online
9704,P046,6903,2026-07-25,3,119.28,Store
9705,P089,6904,2024-08-07,1,219.9,Online
9706,P075,6904,2025-01-19,1,102.4,Online
9707,P099,6904,2025-07-12,2,119.8,Online
9708,P026,6904,2025-12-25,3,194.4,Online
9709,P040,6904,2026-06-18,1,82.3,Store
9710,P040,6905,2024-10-30,4,329.2,Store
9711,P003,6906,2025-01-10,1,113.82,Online
9712,P029,6906,2025-08-07,2,152.8,Online
9713,P093,6906,2026-04-01,3,239.85,Store
9714,P023,6907,2023-09-01,1,25.5,Online
9715,P005,6907,2024-11-02,4,144.24,Online
9716,P087,6907,2025-12-16,1,91.7,Store
9717,P012,6908,2023-11-24,1,42.8,Online
9718,P018,6911,2023-12-05,2,263.86,Store
9719,P037,6912,2024-10-09,2,279.6,Store
9720,P029,6913,2025-06-16,1,76.4,Online
9721,P083,6914,2024-03-24,1,145.9,Online
9722,P038,6918,2024-02-13,1,94.6,Online
9723,P013,6918,2024-09-10,1,83.6,Online
9724,P050,6919,2023-08-03,1,54.32,Store
9725,P075,6920,2023-11-03,3,307.2,Store
9726,P073,6921,2024-07-12,1,89.5,Online
9727,P029,6921,2025-02-16,5,382.0,Online
9728,P025,6923,2024-07-29,1,99.99,Online
9729,P041,6923,2025-04-03,1,118.9,Online
9730,P071,6924,2023-12-17,1,64.9,Store
9731,P094,6924,2024-06-07,1,54.8,Online
9732,P071,6924,2024-11-26,1,64.9,Online
9733,P091,6924,2025-05-20,2,99.8,Store
9734,P065,6924,2025-10-05,4,299.2,Online
9735,P082,6924,2026-03-26,1,35.6,Online
9736,P093,6924,2026-08-19,1,79.95,Online
9737,P001,6925,2025-02-26,1,65.56,Store
9738,P048,6925,2026-05-26,1,85.84,Online
9739,P036,6927,2024-05-09,3,337.35,Online
9740,P015,6927,2025-01-25,2,182.5,Online
9741,P036,6927,2025-10-27,1,112.45,Online
9742,P054,6927,2026-08-27,1,77.25,Online
9743,P056,6928,2024-08-15,2,185.5,Store
9744,P100,6928,2026-02-07,1,94.75,Online
9745,P039,6929,2023-07-17,1,156.75,Online
9746,P024,6929,2024-03-11,1,135.75,Store
9747,P035,6929,2024-10-26,1,39.55,Online
9748,P050,6929,2025-06-05,4,217.28,Store
9749,P079,6929,2026-01-16,1,79.9,Store
9750,P072,6929,2026-08-30,3,217.05,Online
9751,P006,6931,2024-09-10,1,78.45,Store
9752,P047,6931,2025-05-08,2,112.14,Online
9753,P013,6931,2026-01-10,1,83.6,Online
9754,P017,6931,2026-08-06,1,22.84,Online
9755,P071,6933,2024-08-11,1,64.9,Online
9756,P041,6933,2025-02-04,1,118.9,Online
9757,P056,6933,2025-07-25,2,185.5,Store
9758,P046,6933,2026-01-16,2,79.52,Online
9759,P021,6933,2026-07-13,2,174.9,Store
9760,P075,6936,2024-09-09,5,512.0,Online
9761,P087,6936,2026-01-07,1,91.7,Online
9762,P051,6937,2023-10-23,2,259.8,Online
9763,P033,6937,2024-08-04,3,382.14,Store
9764,P018,6937,2025-05-09,3,395.79,Online
9765,P029,6937,2026-03-08,3,229.2,Online
9766,P027,6940,2025-04-24,5,526.5,Online
9767,P014,6940,2026-01-05,4,498.0,Online
9768,P014,6943,2023-10-18,2,249.0,Online
9769,P077,6944,2025-04-30,1,189.5,Store
9770,P017,6945,2023-10-25,1,22.84,Store
9771,P061,6946,2023-08-23,3,209.85,Online
9772,P002,6946,2024-07-01,2,286.7,Online
9773,P071,6946,2025-04-21,1,64.9,Online
9774,P052,6946,2026-02-20,1,68.45,Online
9775,P050,6947,2024-05-07,2,108.64,Store
9776,P066,6947,2026-01-10,1,36.9,Online
9777,P011,6948,2023-08-08,1,61.35,Online
9778,P051,6948,2023-12-19,1,129.9,Online
9779,P035,6948,2024-04-26,1,39.55,Store
9780,P100,6948,2024-08-17,3,284.25,Store
9781,P007,6948,2025-01-10,2,105.8,Store
9782,P011,6948,2025-05-08,3,184.05,Online
9783,P041,6948,2025-09-06,5,594.5,Online
9784,P082,6948,2026-01-15,1,35.6,Online
9785,P006,6948,2026-05-18,3,235.35,Online
9786,P065,6949,2024-12-21,1,74.8,Online
9787,P034,6950,2023-06-08,1,43.67,Online
9788,P062,6950,2023-11-21,3,119.7,Store
9789,P095,6950,2024-05-02,1,45.5,Online
9790,P032,6950,2024-10-20,1,145.94,Store
9791,P086,6950,2025-03-26,4,355.8,Store
9792,P056,6950,2025-09-24,2,185.5,Online
9793,P089,6950,2026-03-26,3,659.7,Online
9794,P091,6951,2023-12-12,2,99.8,Online
9795,P046,6951,2024-09-25,2,79.52,Online
9796,P052,6951,2025-07-04,2,136.9,Online
9797,P033,6951,2026-03-16,4,509.52,Online
9798,P044,6953,2023-09-12,2,299.98,Online
9799,P096,6953,2024-05-31,1,38.9,Online
9800,P088,6956,2023-10-14,1,105.85,Online
9801,P016,6958,2024-01-02,1,36.06,Store
9802,P032,6958,2024-11-02,1,145.94,Store
9803,P052,6958,2025-08-28,5,342.25,Store
9804,P028,6958,2026-06-16,3,385.95,Online
9805,P072,6959,2023-12-28,5,361.75,Store
9806,P044,6959,2025-03-15,1,149.99,Store
9807,P003,6959,2026-05-25,1,113.82,Online
9808,P045,6960,2024-02-19,1,67.85,Store
9809,P080,6960,2024-10-01,1,99.5,Online
9810,P059,6960,2025-05-08,3,104.25,Online
9811,P075,6960,2026-01-07,1,102.4,Online
9812,P041,6962,2024-10-22,1,118.9,Store
9813,P070,6963,2024-11-25,1,115.6,Online
9814,P099,6963,2026-08-17,3,179.7,Online
9815,P036,6968,2025-03-01,2,224.9,Online
9816,P093,6968,2026-07-21,2,159.9,Store
9817,P048,6970,2023-11-04,3,257.52,Online
9818,P034,6971,2023-04-21,2,87.34,Store
9819,P063,6971,2024-09-15,1,44.5,Online
9820,P070,6971,2026-02-17,2,231.2,Online
9821,P012,6972,2024-12-28,1,42.8,Store
9822,P056,6974,2024-07-26,3,278.25,Store
9823,P088,6974,2025-09-13,1,105.85,Store
9824,P003,6975,2023-08-04,1,113.82,Online
9825,P091,6975,2024-05-04,2,99.8,Store
9826,P006,6975,2025-01-30,1,78.45,Store
9827,P051,6975,2025-11-21,2,259.8,Online
9828,P041,6975,2026-07-19,3,356.7,Online
9829,P010,6977,2024-09-06,1,89.99,Online
9830,P089,6977,2025-06-13,1,219.9,Online
9831,P073,6977,2026-03-24,2,179.0,Online
9832,P083,6978,2023-06-04,3,437.7,Store
9833,P002,6979,2024-10-26,1,143.35,Online
9834,P020,6981,2023-10-10,3,331.77,Store
9835,P034,6983,2024-02-29,3,131.01,Store
9836,P015,6983,2024-11-03,2,182.5,Online
9837,P098,6983,2025-08-14,2,126.9,Online
9838,P040,6983,2026-05-29,2,164.6,Online
9839,P081,6984,2024-01-16,3,128.4,Store
9840,P032,6984,2024-05-20,4,583.76,Store
9841,P010,6984,2024-09-24,1,89.99,Store
9842,P100,6984,2025-01-28,2,189.5,Online
9843,P013,6984,2025-05-24,1,83.6,Online
9844,P035,6984,2025-09-30,4,158.2,Store
9845,P058,6984,2026-02-05,1,104.9,Online
9846,P068,6984,2026-06-04,2,117.9,Store
9847,P056,6985,2023-05-22,1,92.75,Store
9848,P049,6986,2024-05-08,1,73.31,Online
9849,P020,6986,2025-01-30,2,221.18,Online
9850,P047,6987,2023-07-31,2,112.14,Store
9851,P044,6987,2024-01-18,2,299.98,Online
9852,P063,6987,2024-07-01,1,44.5,Store
9853,P086,6987,2024-12-29,1,88.95,Store
9854,P041,6987,2025-06-26,5,594.5,Online
9855,P027,6987,2025-11-28,5,526.5,Store
9856,P090,6987,2026-05-14,2,359.0,Online
9857,P069,6988,2023-08-08,2,162.4,Online
9858,P019,6988,2024-04-15,2,192.3,Store
9859,P010,6988,2025-01-27,2,179.98,Online
9860,P007,6988,2025-11-05,2,105.8,Store
9861,P072,6988,2026-08-04,2,144.7,Online
9862,P008,6989,2023-10-23,2,97.5,Online
9863,P095,6989,2024-03-12,2,91.0,Online
9864,P064,6989,2024-07-17,1,98.75,Online
9865,P055,6989,2024-12-05,2,91.2,Online
9866,P008,6989,2025-04-17,1,48.75,Store
9867,P090,6989,2025-08-29,2,359.0,Online
9868,P087,6989,2026-01-13,2,183.4,Store
9869,P050,6989,2026-06-02,2,108.64,Online
9870,P069,6990,2023-12-26,2,162.4,Online
9871,P068,6991,2023-11-08,1,58.95,Store
9872,P093,6992,2024-12-06,1,79.95,Store
9873,P024,6992,2026-03-27,2,271.5,Store
9874,P028,6994,2023-11-01,2,257.3,Online
9875,P093,6995,2024-03-01,1,79.95,Store
9876,P032,6995,2024-12-14,2,291.88,Online
9877,P088,6995,2025-08-30,2,211.7,Online
9878,P042,6995,2026-06-15,3,220.65,Store
9879,P081,6996,2023-11-01,5,214.0,Online
9880,P057,6997,2024-11-05,2,102.8,Store
9881,P043,6997,2025-07-13,4,433.6,Store
9882,P011,6997,2026-03-27,1,61.35,Online
9883,P033,6998,2025-01-04,5,636.9,Store
9884,P081,6998,2025-07-10,1,42.8,Online
9885,P001,6999,2023-02-17,4,262.24,Store
9886,P081,6999,2023-09-22,1,42.8,Online
9887,P038,6999,2024-05-02,1,94.6,Online
9888,P005,6999,2024-12-18,3,108.18,Store
9889,P012,6999,2025-08-06,1,42.8,Online
9890,P089,6999,2026-03-16,3,659.7,Online
9891,P035,7000,2023-09-27,3,118.65,Online
9892,P028,7000,2024-05-04,2,257.3,Online
